# Blender 4.5.1 LTS
# www.blender.org
mtllib AuburnV12.mtl
o Cube
v 0.070000 0.370000 -0.220000
v 0.050000 0.010000 -0.190000
v 0.050000 0.010000 0.190000
v -0.070000 0.370000 -0.220000
v -0.060000 0.010000 -0.190000
v -0.060000 0.010000 0.190000
v 0.060000 0.030000 -0.200000
v -0.070000 0.030000 0.200000
v 0.060000 0.030000 0.200000
v -0.070000 0.030000 -0.200000
v -0.070000 0.100000 0.200000
v 0.070000 0.100000 -0.220000
v 0.070000 0.100000 0.200000
v -0.070000 0.100000 -0.220000
v -0.070000 0.210000 0.200000
v 0.070000 0.210000 -0.220000
v 0.070000 0.210000 0.200000
v -0.070000 0.210000 -0.220000
v 0.070000 0.170297 -0.220000
v 0.070000 0.170297 0.200000
v -0.070000 0.170000 -0.220000
v -0.070000 0.170000 0.200000
v -0.070000 0.190000 0.200000
v 0.070000 0.190149 -0.220000
v 0.070000 0.190149 0.200000
v -0.070000 0.190000 -0.220000
v -0.110000 0.310000 0.200000
v 0.110000 0.310000 -0.220000
v 0.110000 0.310000 0.200000
v -0.110000 0.310000 -0.220000
v 0.080000 0.340000 -0.220000
v -0.080000 0.340000 -0.220000
v 0.065700 0.069900 -0.220000
v 0.065700 0.069900 0.200000
v -0.070000 0.069900 -0.220000
v -0.070000 0.069900 0.200000
v -0.060000 0.000000 0.002350
v 0.070000 0.370000 0.002350
v -0.070000 0.370000 0.002350
v 0.050000 0.000000 0.002350
v 0.060000 0.030000 0.002350
v -0.070000 0.030000 0.002350
v 0.070000 0.100000 0.002350
v -0.070000 0.100000 0.002350
v 0.070000 0.210000 0.002350
v -0.070000 0.210000 0.002350
v -0.070000 0.170000 0.002350
v 0.070000 0.170297 0.002350
v -0.070000 0.190000 0.002350
v 0.070000 0.190149 0.002350
v 0.110000 0.310000 0.002350
v -0.110000 0.310000 0.002350
v 0.080000 0.340000 0.002350
v -0.080000 0.340000 0.002350
v -0.070000 0.069900 0.002350
v 0.065700 0.069900 0.002350
v -0.070000 0.370000 -0.040000
v 0.050000 0.000000 -0.040000
v -0.070000 0.030000 -0.040000
v -0.070000 0.100000 -0.040000
v -0.070000 0.210000 -0.040000
v -0.070000 0.170000 -0.040000
v -0.070000 0.190000 -0.040000
v -0.110000 0.310000 -0.040000
v -0.080000 0.340000 -0.040000
v -0.070000 0.069900 -0.040000
v -0.060000 0.000000 -0.040000
v 0.070000 0.370000 -0.040000
v 0.060000 0.030000 -0.040000
v 0.070000 0.100000 -0.040000
v 0.070000 0.210000 -0.040000
v 0.070000 0.170297 -0.040000
v 0.070000 0.190149 -0.040000
v 0.110000 0.310000 -0.040000
v 0.080000 0.340000 -0.040000
v 0.065700 0.069900 -0.040000
v 0.118374 0.231934 -0.025642
v 0.157218 0.331152 -0.005028
v 0.127440 0.228178 -0.023690
v 0.155587 0.331828 -0.003848
v 0.135126 0.224995 -0.018131
v 0.154497 0.332280 -0.002083
v 0.140261 0.222868 -0.009813
v 0.154114 0.332438 -0.000000
v 0.142064 0.222121 -0.000000
v 0.154497 0.332280 0.002083
v 0.140261 0.222868 0.009813
v 0.155587 0.331828 0.003848
v 0.135126 0.224995 0.018131
v 0.157218 0.331152 0.005028
v 0.127440 0.228178 0.023690
v 0.159142 0.330355 0.005442
v 0.118375 0.231934 0.025642
v 0.161066 0.329558 0.005028
v 0.109309 0.235689 0.023690
v 0.162698 0.328883 0.003848
v 0.101623 0.238872 0.018131
v 0.163788 0.328431 0.002083
v 0.096488 0.240999 0.009813
v 0.164170 0.328273 -0.000000
v 0.094685 0.241746 0.000000
v 0.163788 0.328431 -0.002083
v 0.096488 0.240999 -0.009813
v 0.162698 0.328883 -0.003848
v 0.101623 0.238872 -0.018131
v 0.161066 0.329558 -0.005028
v 0.109309 0.235689 -0.023690
v 0.159142 0.330355 -0.005442
v 0.158142 0.327941 -0.005442
v 0.151489 0.311878 -0.030379
v 0.155792 0.322268 -0.011537
v 0.153699 0.317213 -0.017363
v 0.152233 0.313675 -0.025854
v 0.151954 0.313001 -0.029573
v 0.160066 0.327144 -0.005028
v 0.162229 0.307429 -0.028067
v 0.159871 0.320578 -0.010659
v 0.159837 0.314671 -0.016041
v 0.161374 0.309889 -0.023886
v 0.162410 0.308671 -0.027322
v 0.161698 0.326468 -0.003848
v 0.171335 0.303657 -0.021481
v 0.163329 0.319146 -0.008158
v 0.165042 0.312515 -0.012278
v 0.169123 0.306679 -0.018282
v 0.171273 0.304999 -0.020911
v 0.162788 0.326017 -0.002083
v 0.177419 0.301137 -0.011626
v 0.165640 0.318189 -0.004415
v 0.168519 0.311075 -0.006645
v 0.174301 0.304534 -0.009894
v 0.177196 0.302546 -0.011317
v 0.163170 0.325859 -0.000000
v 0.179555 0.300252 -0.000000
v 0.166451 0.317853 -0.000000
v 0.169740 0.310569 -0.000000
v 0.176119 0.303781 -0.000000
v 0.179276 0.301684 -0.000000
v 0.162788 0.326017 0.002083
v 0.177419 0.301137 0.011626
v 0.165640 0.318189 0.004415
v 0.168519 0.311075 0.006645
v 0.174301 0.304534 0.009894
v 0.177196 0.302546 0.011317
v 0.161698 0.326468 0.003848
v 0.171335 0.303657 0.021481
v 0.163329 0.319146 0.008158
v 0.165042 0.312515 0.012278
v 0.169123 0.306679 0.018282
v 0.171273 0.304999 0.020911
v 0.160066 0.327144 0.005028
v 0.162229 0.307429 0.028067
v 0.159871 0.320578 0.010659
v 0.159837 0.314671 0.016041
v 0.161374 0.309889 0.023886
v 0.162410 0.308671 0.027322
v 0.158142 0.327941 0.005442
v 0.151489 0.311878 0.030379
v 0.155792 0.322268 0.011537
v 0.153699 0.317213 0.017363
v 0.152233 0.313675 0.025854
v 0.151954 0.313001 0.029573
v 0.156218 0.328738 0.005028
v 0.140748 0.316327 0.028067
v 0.151713 0.323958 0.010659
v 0.147560 0.319756 0.016041
v 0.143092 0.317462 0.023886
v 0.141498 0.317332 0.027322
v 0.154587 0.329414 0.003848
v 0.131642 0.320098 0.021481
v 0.148255 0.325390 0.008158
v 0.142356 0.321912 0.012278
v 0.135343 0.320671 0.018282
v 0.132635 0.321004 0.020911
v 0.153497 0.329865 0.002083
v 0.125558 0.322618 0.011626
v 0.145945 0.326347 0.004415
v 0.138878 0.323352 0.006645
v 0.130165 0.322816 0.009894
v 0.126712 0.323457 0.011317
v 0.153114 0.330024 -0.000000
v 0.123422 0.323503 -0.000000
v 0.145133 0.326683 -0.000000
v 0.137657 0.323858 -0.000000
v 0.128347 0.323569 -0.000000
v 0.124632 0.324318 -0.000000
v 0.153497 0.329865 -0.002083
v 0.125558 0.322618 -0.011626
v 0.145945 0.326347 -0.004415
v 0.138878 0.323352 -0.006645
v 0.130165 0.322816 -0.009894
v 0.126712 0.323457 -0.011317
v 0.154587 0.329414 -0.003848
v 0.131642 0.320098 -0.021481
v 0.148255 0.325390 -0.008158
v 0.142356 0.321912 -0.012278
v 0.135343 0.320671 -0.018282
v 0.132635 0.321004 -0.020911
v 0.156218 0.328738 -0.005028
v 0.140748 0.316327 -0.028067
v 0.151713 0.323957 -0.010659
v 0.147560 0.319756 -0.016041
v 0.143092 0.317462 -0.023886
v 0.141498 0.317332 -0.027322
v 0.156151 0.331595 -0.007817
v 0.153615 0.332645 -0.005983
v 0.151920 0.333347 -0.003238
v 0.151325 0.333593 -0.000000
v 0.151920 0.333347 0.003238
v 0.153615 0.332645 0.005983
v 0.156151 0.331595 0.007817
v 0.159142 0.330355 0.008461
v 0.162134 0.329116 0.007817
v 0.164669 0.328066 0.005983
v 0.166364 0.327364 0.003238
v 0.166959 0.327118 -0.000000
v 0.166364 0.327364 -0.003238
v 0.164669 0.328066 -0.005983
v 0.162134 0.329116 -0.007817
v 0.159142 0.330355 -0.008461
v 0.157322 0.334421 -0.007817
v 0.154786 0.335472 -0.005983
v 0.153091 0.336174 -0.003238
v 0.152496 0.336420 -0.000000
v 0.153091 0.336174 0.003238
v 0.154786 0.335472 0.005983
v 0.157322 0.334421 0.007817
v 0.160313 0.333182 0.008461
v 0.163305 0.331943 0.007817
v 0.165840 0.330893 0.005983
v 0.167535 0.330191 0.003238
v 0.168130 0.329944 -0.000000
v 0.167535 0.330191 -0.003238
v 0.165840 0.330893 -0.005983
v 0.163304 0.331943 -0.007817
v 0.160313 0.333182 -0.008461
v 0.159736 0.334933 -0.002905
v 0.158793 0.335323 -0.002223
v 0.158163 0.335584 -0.001203
v 0.157942 0.335675 -0.000000
v 0.158163 0.335584 0.001203
v 0.158793 0.335323 0.002223
v 0.159736 0.334933 0.002905
v 0.160847 0.334472 0.003144
v 0.161959 0.334012 0.002905
v 0.162902 0.333621 0.002223
v 0.163531 0.333360 0.001203
v 0.163752 0.333269 -0.000000
v 0.163531 0.333360 -0.001203
v 0.162902 0.333621 -0.002223
v 0.161959 0.334012 -0.002905
v 0.160847 0.334472 -0.003144
v -0.000000 0.079446 0.280000
v 0.015519 0.082533 0.280000
v 0.028676 0.091324 0.280000
v 0.037467 0.104481 0.280000
v 0.040554 0.120000 0.280000
v 0.037467 0.135519 0.280000
v 0.028676 0.148676 0.280000
v 0.015519 0.157467 0.280000
v 0.000000 0.160554 0.280000
v -0.015519 0.157467 0.280000
v -0.028676 0.148676 0.280000
v -0.037467 0.135519 0.280000
v -0.040554 0.120000 0.280000
v -0.037467 0.104481 0.280000
v -0.028676 0.091324 0.280000
v -0.015519 0.082533 0.280000
v 0.022635 0.065354 0.280000
v -0.000000 0.060852 0.280000
v 0.041824 0.078176 0.280000
v 0.054646 0.097365 0.280000
v 0.059148 0.120000 0.280000
v 0.054646 0.142635 0.280000
v 0.041824 0.161824 0.280000
v 0.022635 0.174646 0.280000
v -0.000000 0.179148 0.280000
v -0.022635 0.174646 0.280000
v -0.041824 0.161824 0.280000
v -0.054646 0.142635 0.280000
v -0.059148 0.120000 0.280000
v -0.054646 0.097365 0.280000
v -0.041824 0.078176 0.280000
v -0.022635 0.065354 0.280000
v -0.000000 0.079446 0.277000
v 0.015519 0.082533 0.277000
v 0.028676 0.091324 0.277000
v 0.037467 0.104481 0.277000
v 0.040554 0.120000 0.277000
v 0.037467 0.135519 0.277000
v 0.028676 0.148676 0.277000
v 0.015519 0.157467 0.277000
v 0.000000 0.160554 0.277000
v -0.015519 0.157467 0.277000
v -0.028676 0.148676 0.277000
v -0.037467 0.135519 0.277000
v -0.040554 0.120000 0.277000
v -0.037467 0.104481 0.277000
v -0.028676 0.091324 0.277000
v -0.015519 0.082533 0.277000
v -0.000000 0.089906 0.273000
v 0.011516 0.092197 0.273000
v 0.021280 0.098720 0.273000
v 0.027803 0.108484 0.273000
v 0.030094 0.120000 0.273000
v 0.027803 0.131516 0.273000
v 0.021280 0.141280 0.273000
v 0.011516 0.147803 0.273000
v -0.000000 0.150094 0.273000
v -0.011516 0.147803 0.273000
v -0.021280 0.141280 0.273000
v -0.027803 0.131516 0.273000
v -0.030094 0.120000 0.273000
v -0.027803 0.108484 0.273000
v -0.021280 0.098720 0.273000
v -0.011516 0.092197 0.273000
v -0.000000 0.089906 0.270000
v 0.011516 0.092197 0.270000
v 0.021280 0.098720 0.270000
v 0.027803 0.108484 0.270000
v 0.030094 0.120000 0.270000
v 0.027803 0.131516 0.270000
v 0.021280 0.141280 0.270000
v 0.011516 0.147803 0.270000
v -0.000000 0.150094 0.270000
v -0.011516 0.147803 0.270000
v -0.021280 0.141280 0.270000
v -0.027803 0.131516 0.270000
v -0.030094 0.120000 0.270000
v -0.027803 0.108484 0.270000
v -0.021280 0.098720 0.270000
v -0.011516 0.092197 0.270000
v -0.000000 0.098204 0.264000
v 0.008341 0.099863 0.264000
v 0.015412 0.104588 0.264000
v 0.020137 0.111659 0.264000
v 0.021796 0.120000 0.264000
v 0.020137 0.128341 0.264000
v 0.015412 0.135412 0.264000
v 0.008341 0.140137 0.264000
v -0.000000 0.141796 0.264000
v -0.008341 0.140137 0.264000
v -0.015412 0.135412 0.264000
v -0.020137 0.128341 0.264000
v -0.021796 0.120000 0.264000
v -0.020137 0.111659 0.264000
v -0.015412 0.104588 0.264000
v -0.008341 0.099863 0.264000
v 0.015608 0.082320 0.264000
v -0.000000 0.079216 0.264000
v 0.028839 0.091161 0.264000
v 0.037680 0.104392 0.264000
v 0.040785 0.120000 0.264000
v 0.037680 0.135608 0.264000
v 0.028839 0.148839 0.264000
v 0.015608 0.157680 0.264000
v -0.000000 0.160785 0.264000
v -0.015608 0.157680 0.264000
v -0.028839 0.148839 0.264000
v -0.037680 0.135608 0.264000
v -0.040785 0.120000 0.264000
v -0.037680 0.104392 0.264000
v -0.028839 0.091161 0.264000
v -0.015608 0.082320 0.264000
v -0.000000 0.101558 0.260000
v 0.007058 0.102962 0.260000
v 0.013041 0.106959 0.260000
v 0.017039 0.112942 0.260000
v 0.018442 0.120000 0.260000
v 0.017039 0.127058 0.260000
v 0.013041 0.133041 0.260000
v 0.007058 0.137039 0.260000
v -0.000000 0.138442 0.260000
v -0.007058 0.137039 0.260000
v -0.013041 0.133041 0.260000
v -0.017039 0.127058 0.260000
v -0.018442 0.120000 0.260000
v -0.017039 0.112942 0.260000
v -0.013041 0.106959 0.260000
v -0.007058 0.102962 0.260000
v -0.000000 0.104968 0.250000
v 0.005753 0.106112 0.250000
v 0.010629 0.109371 0.250000
v 0.013888 0.114247 0.250000
v 0.015032 0.120000 0.250000
v 0.013888 0.125753 0.250000
v 0.010629 0.130629 0.250000
v 0.005753 0.133888 0.250000
v 0.000000 0.135032 0.250000
v -0.005753 0.133888 0.250000
v -0.010629 0.130629 0.250000
v -0.013888 0.125753 0.250000
v -0.015032 0.120000 0.250000
v -0.013888 0.114247 0.250000
v -0.010629 0.109371 0.250000
v -0.005753 0.106112 0.250000
v 0.007058 0.102962 0.250000
v -0.000000 0.101558 0.250000
v 0.013041 0.106959 0.250000
v 0.017039 0.112942 0.250000
v 0.018442 0.120000 0.250000
v 0.017039 0.127058 0.250000
v 0.013041 0.133041 0.250000
v 0.007058 0.137039 0.250000
v -0.000000 0.138442 0.250000
v -0.007058 0.137039 0.250000
v -0.013041 0.133041 0.250000
v -0.017039 0.127058 0.250000
v -0.018442 0.120000 0.250000
v -0.017039 0.112942 0.250000
v -0.013041 0.106959 0.250000
v -0.007058 0.102962 0.250000
v -0.000000 0.102200 0.230000
v 0.006812 0.103555 0.230000
v 0.012587 0.107413 0.230000
v 0.016445 0.113188 0.230000
v 0.017800 0.120000 0.230000
v 0.016445 0.126812 0.230000
v 0.012587 0.132587 0.230000
v 0.006812 0.136445 0.230000
v -0.000000 0.137800 0.230000
v -0.006812 0.136445 0.230000
v -0.012587 0.132587 0.230000
v -0.016445 0.126812 0.230000
v -0.017800 0.120000 0.230000
v -0.016445 0.113188 0.230000
v -0.012587 0.107414 0.230000
v -0.006812 0.103555 0.230000
v -0.000000 0.060852 0.297500
v -0.000000 0.061598 0.299268
v 0.022635 0.065354 0.297500
v 0.022349 0.066044 0.299268
v 0.041824 0.078176 0.297500
v 0.041296 0.078704 0.299268
v 0.054646 0.097365 0.297500
v 0.053956 0.097651 0.299268
v 0.059148 0.120000 0.297500
v 0.058402 0.120000 0.299268
v 0.054646 0.142635 0.297500
v 0.053956 0.142349 0.299268
v 0.041824 0.161824 0.297500
v 0.041296 0.161296 0.299268
v 0.022635 0.174646 0.297500
v 0.022349 0.173956 0.299268
v -0.000000 0.179148 0.297500
v -0.000000 0.178402 0.299268
v -0.022635 0.174646 0.297500
v -0.022349 0.173956 0.299268
v -0.041824 0.161824 0.297500
v -0.041296 0.161296 0.299268
v -0.054646 0.142635 0.297500
v -0.053956 0.142349 0.299268
v -0.059148 0.120000 0.297500
v -0.058402 0.120000 0.299268
v -0.054646 0.097365 0.297500
v -0.053956 0.097651 0.299268
v -0.041824 0.078176 0.297500
v -0.041296 0.078704 0.299268
v -0.022635 0.065354 0.297500
v -0.022349 0.066044 0.299268
v 0.021660 0.067709 0.300000
v -0.000000 0.063401 0.300000
v 0.040022 0.079978 0.300000
v 0.052291 0.098340 0.300000
v 0.056599 0.120000 0.300000
v 0.052291 0.141660 0.300000
v 0.040022 0.160022 0.300000
v 0.021660 0.172291 0.300000
v 0.000000 0.176600 0.300000
v -0.021660 0.172291 0.300000
v -0.040022 0.160022 0.300000
v -0.052291 0.141660 0.300000
v -0.056599 0.120000 0.300000
v -0.052291 0.098340 0.300000
v -0.040022 0.079978 0.300000
v -0.021660 0.067709 0.300000
v 0.010537 0.094561 0.280000
v 0.000000 0.092465 0.280000
v 0.019470 0.100530 0.280000
v 0.025439 0.109463 0.280000
v 0.027535 0.120000 0.280000
v 0.025439 0.130537 0.280000
v 0.019470 0.139470 0.280000
v 0.010537 0.145439 0.280000
v 0.000000 0.147535 0.280000
v -0.010537 0.145439 0.280000
v -0.019470 0.139470 0.280000
v -0.025439 0.130537 0.280000
v -0.027535 0.120000 0.280000
v -0.025439 0.109463 0.280000
v -0.019470 0.100530 0.280000
v -0.010537 0.094561 0.280000
v 0.000000 0.092465 0.297725
v 0.000000 0.090146 0.300000
v 0.000000 0.091786 0.299334
v 0.011425 0.092418 0.300000
v 0.010537 0.094561 0.297725
v 0.010797 0.093934 0.299334
v 0.021110 0.098890 0.300000
v 0.019470 0.100530 0.297725
v 0.019950 0.100050 0.299334
v 0.027582 0.108575 0.300000
v 0.025439 0.109463 0.297725
v 0.026066 0.109203 0.299334
v 0.029854 0.120000 0.300000
v 0.027535 0.120000 0.297725
v 0.028214 0.120000 0.299334
v 0.027582 0.131425 0.300000
v 0.025439 0.130537 0.297725
v 0.026066 0.130797 0.299334
v 0.021110 0.141110 0.300000
v 0.019470 0.139470 0.297725
v 0.019950 0.139950 0.299334
v 0.011425 0.147582 0.300000
v 0.010537 0.145439 0.297725
v 0.010797 0.146066 0.299334
v 0.000000 0.149854 0.300000
v 0.000000 0.147535 0.297725
v 0.000000 0.148214 0.299334
v -0.011425 0.147582 0.300000
v -0.010537 0.145439 0.297725
v -0.010797 0.146066 0.299334
v -0.021110 0.141110 0.300000
v -0.019470 0.139470 0.297725
v -0.019950 0.139950 0.299334
v -0.027582 0.131425 0.300000
v -0.025439 0.130537 0.297725
v -0.026066 0.130797 0.299334
v -0.029854 0.120000 0.300000
v -0.027535 0.120000 0.297725
v -0.028214 0.120000 0.299334
v -0.027582 0.108575 0.300000
v -0.025439 0.109463 0.297725
v -0.026066 0.109203 0.299334
v -0.021110 0.098890 0.300000
v -0.019470 0.100530 0.297725
v -0.019950 0.100050 0.299334
v -0.011425 0.092418 0.300000
v -0.010537 0.094561 0.297725
v -0.010797 0.093934 0.299334
v -0.070000 0.370000 0.220000
v 0.070000 0.370000 0.220000
v 0.070000 0.378826 0.220000
v 0.066727 0.386727 0.220000
v -0.070000 0.378826 0.220000
v -0.066727 0.386727 0.220000
v -0.080000 0.340000 0.200000
v -0.073198 0.360405 0.220000
v 0.073198 0.360405 0.220000
v 0.080000 0.340000 0.200000
v 0.070000 0.370000 0.194456
v 0.070000 0.370000 0.205544
v 0.071753 0.364741 0.200000
v 0.070000 0.370743 0.197228
v 0.070000 0.372772 0.199257
v -0.070000 0.370000 0.194456
v -0.071753 0.364741 0.200000
v -0.070000 0.370000 0.205544
v -0.070000 0.372772 0.199257
v -0.070000 0.370743 0.197228
v 0.066727 0.386727 0.200000
v 0.058826 0.390000 0.200000
v 0.058826 0.390000 0.220000
v 0.070000 0.378826 0.200000
v -0.058826 0.390000 0.220000
v -0.058826 0.390000 0.200000
v -0.066727 0.386727 0.200000
v -0.070000 0.378826 0.200000
v -0.070000 0.375544 0.200000
v 0.070000 0.375544 0.200000
v 0.118374 0.231934 -0.030379
v 0.129115 0.227485 -0.028067
v 0.138221 0.223713 -0.021481
v 0.144305 0.221193 -0.011626
v 0.146441 0.220308 -0.000000
v 0.144305 0.221193 0.011626
v 0.138221 0.223713 0.021481
v 0.129115 0.227485 0.028067
v 0.118375 0.231934 0.030379
v 0.107634 0.236382 0.028067
v 0.098528 0.240154 0.021481
v 0.092444 0.242674 0.011626
v 0.090308 0.243559 0.000000
v 0.092444 0.242674 -0.011626
v 0.098528 0.240154 -0.021481
v 0.107634 0.236382 -0.028067
v 0.111464 0.215251 -0.032611
v 0.122994 0.210475 -0.030129
v 0.132769 0.206427 -0.023060
v 0.139300 0.203721 -0.012480
v 0.141594 0.202771 -0.000000
v 0.139300 0.203721 0.012480
v 0.132769 0.206427 0.023060
v 0.122994 0.210475 0.030129
v 0.111465 0.215251 0.032611
v 0.099935 0.220027 0.030129
v 0.090160 0.224076 0.023060
v 0.083629 0.226781 0.012480
v 0.081335 0.227731 0.000000
v 0.083629 0.226781 -0.012480
v 0.090160 0.224076 -0.023060
v 0.099935 0.220027 -0.030129
v 0.111464 0.215251 -0.025642
v 0.120530 0.211496 -0.023690
v 0.128216 0.208313 -0.018131
v 0.133351 0.206186 -0.009813
v 0.135154 0.205439 -0.000000
v 0.133351 0.206186 0.009813
v 0.128216 0.208313 0.018131
v 0.120530 0.211496 0.023690
v 0.111465 0.215251 0.025642
v 0.102399 0.219006 0.023690
v 0.094713 0.222190 0.018131
v 0.089578 0.224317 0.009813
v 0.087775 0.225064 0.000000
v 0.089578 0.224317 -0.009813
v 0.094713 0.222190 -0.018131
v 0.102399 0.219006 -0.023690
v 0.060000 0.181109 -0.032611
v 0.064776 0.169579 -0.030129
v 0.068825 0.159805 -0.023060
v 0.071530 0.153274 -0.012480
v 0.072480 0.150980 0.000000
v 0.071530 0.153274 0.012480
v 0.068825 0.159805 0.023060
v 0.064776 0.169579 0.030129
v 0.060000 0.181109 0.032611
v 0.055224 0.192639 0.030129
v 0.051175 0.202414 0.023060
v 0.048470 0.208945 0.012480
v 0.047520 0.211238 0.000000
v 0.048470 0.208945 -0.012480
v 0.051175 0.202414 -0.023060
v 0.055224 0.192639 -0.030129
v -0.158084 0.131916 0.185915
v -0.158084 0.131916 -0.195915
v 0.148084 0.131916 0.185915
v 0.148084 0.131916 -0.195915
v -0.161258 0.110000 0.185915
v -0.161258 0.110000 -0.195915
v 0.151258 0.110000 0.185915
v 0.151258 0.110000 -0.195915
v -0.070000 0.040000 0.185915
v -0.070000 0.040000 -0.195915
v 0.060000 0.040000 0.185915
v 0.060000 0.040000 -0.195915
v 0.110000 0.090000 0.185915
v 0.070000 0.050000 0.185915
v 0.070000 0.050000 -0.195915
v 0.110000 0.090000 -0.195915
v -0.110000 0.090000 -0.195915
v -0.080000 0.050000 -0.195915
v -0.080000 0.050000 0.185915
v -0.110000 0.090000 0.185915
v -0.162385 0.190000 0.178300
v -0.158084 0.170469 0.185915
v -0.167770 0.187770 0.183685
v -0.162385 0.190000 -0.188300
v -0.158084 0.170469 -0.195915
v -0.167770 0.187770 -0.193685
v 0.152385 0.190000 0.178300
v 0.148084 0.170469 0.185915
v 0.157770 0.187770 0.183685
v 0.152385 0.190000 -0.188300
v 0.148084 0.170469 -0.195915
v 0.157770 0.187770 -0.193685
v 0.160000 0.120000 -0.195915
v -0.170000 0.120000 -0.195915
v -0.170000 0.120000 0.185915
v 0.160000 0.120000 0.185915
v 0.160000 0.182385 -0.195915
v -0.170000 0.182385 -0.195915
v -0.170000 0.182385 0.185915
v 0.160000 0.182385 0.185915
v 0.148084 0.131916 -0.165346
v -0.158084 0.131916 -0.165346
v -0.158084 0.131916 0.155346
v 0.148084 0.131916 0.155346
v 0.148084 0.170469 -0.165346
v -0.158084 0.170469 -0.165346
v -0.158084 0.170469 0.155346
v 0.148084 0.170469 0.155346
v -0.099604 0.331911 0.172768
v -0.098651 0.335337 0.176325
v -0.102077 0.336290 0.172768
v -0.099325 0.332914 0.175283
v -0.101179 0.333909 0.174821
v -0.101073 0.336011 0.175283
v -0.101747 0.333588 0.172768
v -0.089663 0.367651 0.176325
v -0.088710 0.371077 0.172768
v -0.093089 0.368604 0.172768
v -0.088989 0.370074 0.175283
v -0.091091 0.370179 0.174821
v -0.091412 0.370747 0.172768
v -0.092086 0.368325 0.175283
v -0.067290 0.322923 0.172768
v -0.062911 0.325396 0.172768
v -0.066337 0.326349 0.176325
v -0.064588 0.323253 0.172768
v -0.064909 0.323821 0.174821
v -0.063914 0.325676 0.175283
v -0.067011 0.323927 0.175283
v -0.056396 0.362090 0.172768
v -0.057349 0.358663 0.176325
v -0.053923 0.357710 0.172768
v -0.056675 0.361086 0.175283
v -0.054821 0.360091 0.174821
v -0.054927 0.357989 0.175283
v -0.054253 0.360412 0.172768
v -0.099604 0.331911 -0.000134
v -0.099604 0.331911 0.057500
v -0.099604 0.331911 0.115134
v -0.101747 0.333588 0.115134
v -0.101747 0.333588 0.057500
v -0.101747 0.333588 -0.000134
v -0.102077 0.336290 0.115134
v -0.102077 0.336290 0.057500
v -0.102077 0.336290 -0.000134
v -0.088710 0.371077 0.115134
v -0.088710 0.371077 0.057500
v -0.088710 0.371077 -0.000134
v -0.091412 0.370747 -0.000134
v -0.091412 0.370747 0.057500
v -0.091412 0.370747 0.115134
v -0.093089 0.368604 -0.000134
v -0.093089 0.368604 0.057500
v -0.093089 0.368604 0.115134
v -0.067290 0.322923 0.115134
v -0.067290 0.322923 0.057500
v -0.067290 0.322923 -0.000134
v -0.064588 0.323253 -0.000134
v -0.064588 0.323253 0.057500
v -0.064588 0.323253 0.115134
v -0.062911 0.325396 -0.000134
v -0.062911 0.325396 0.057500
v -0.062911 0.325396 0.115134
v -0.056396 0.362090 -0.000134
v -0.056396 0.362090 0.057500
v -0.056396 0.362090 0.115134
v -0.054253 0.360412 0.115134
v -0.054253 0.360412 0.057500
v -0.054253 0.360412 -0.000134
v -0.053923 0.357710 0.115134
v -0.053923 0.357710 0.057500
v -0.053923 0.357710 -0.000134
v -0.099232 0.346519 0.154608
v -0.095935 0.358375 0.154608
v -0.095935 0.358375 0.133294
v -0.099232 0.346519 0.133294
v -0.099232 0.346519 0.096974
v -0.095935 0.358375 0.096974
v -0.095935 0.358375 0.075660
v -0.099232 0.346519 0.075660
v -0.099232 0.346519 0.039340
v -0.095935 0.358375 0.039340
v -0.095935 0.358375 0.018026
v -0.099232 0.346519 0.018026
v -0.099604 0.331911 0.028683
v -0.101747 0.333588 0.028683
v -0.102077 0.336290 0.028683
v -0.088710 0.371077 0.028683
v -0.091412 0.370747 0.028683
v -0.093089 0.368604 0.028683
v -0.067290 0.322923 0.028683
v -0.064588 0.323253 0.028683
v -0.062911 0.325396 0.028683
v -0.056396 0.362090 0.028683
v -0.054253 0.360412 0.028683
v -0.053923 0.357710 0.028683
v -0.100881 0.340591 0.028683
v -0.094286 0.364302 0.028683
v -0.099604 0.331911 0.086317
v -0.101747 0.333588 0.086317
v -0.102077 0.336290 0.086317
v -0.088710 0.371077 0.086317
v -0.091412 0.370747 0.086317
v -0.093089 0.368604 0.086317
v -0.067290 0.322923 0.086317
v -0.064588 0.323253 0.086317
v -0.062911 0.325396 0.086317
v -0.056396 0.362090 0.086317
v -0.054253 0.360412 0.086317
v -0.053923 0.357710 0.086317
v -0.100881 0.340591 0.086317
v -0.094286 0.364302 0.086317
v -0.099604 0.331911 0.143951
v -0.091412 0.370747 0.143951
v -0.093089 0.368604 0.143951
v -0.064588 0.323253 0.143951
v -0.062911 0.325396 0.143951
v -0.056396 0.362090 0.143951
v -0.101747 0.333588 0.143951
v -0.102077 0.336290 0.143951
v -0.088710 0.371077 0.143951
v -0.067290 0.322923 0.143951
v -0.054253 0.360412 0.143951
v -0.053923 0.357710 0.143951
v -0.100881 0.340591 0.143951
v -0.094286 0.364302 0.143951
v -0.089806 0.353742 0.149722
v -0.091591 0.347322 0.149722
v -0.092484 0.344112 0.143951
v -0.091591 0.347322 0.138180
v -0.088913 0.356952 0.143951
v -0.089806 0.353742 0.138180
v -0.089806 0.353742 0.092088
v -0.091591 0.347322 0.092088
v -0.092484 0.344112 0.086317
v -0.091591 0.347322 0.080546
v -0.088913 0.356952 0.086317
v -0.089806 0.353742 0.080546
v -0.089806 0.353742 0.034454
v -0.091591 0.347322 0.034454
v -0.092484 0.344112 0.028683
v -0.091591 0.347322 0.022912
v -0.088913 0.356952 0.028683
v -0.089806 0.353742 0.022912
v -0.089050 0.356460 0.154608
v -0.092347 0.344604 0.154608
v -0.093996 0.338676 0.143951
v -0.092347 0.344604 0.133294
v -0.087401 0.362387 0.143951
v -0.089050 0.356460 0.133294
v -0.089050 0.356460 0.096974
v -0.092347 0.344604 0.096974
v -0.093996 0.338676 0.086317
v -0.092347 0.344604 0.075660
v -0.087401 0.362387 0.086317
v -0.089050 0.356460 0.075660
v -0.089050 0.356460 0.039340
v -0.092347 0.344604 0.039340
v -0.093996 0.338676 0.028683
v -0.092347 0.344604 0.018026
v -0.087401 0.362387 0.028683
v -0.089050 0.356460 0.018026
v -0.104864 0.356957 0.028683
v -0.092890 0.358058 0.028683
v -0.102566 0.359599 0.028683
v -0.098385 0.359278 0.028683
v -0.096461 0.345218 0.028683
v -0.106148 0.352344 0.028683
v -0.101797 0.347010 0.028683
v -0.105544 0.348895 0.028683
v -0.092890 0.358058 0.086317
v -0.104864 0.356957 0.086317
v -0.098385 0.359278 0.086317
v -0.102566 0.359599 0.086317
v -0.096461 0.345218 0.086317
v -0.106148 0.352344 0.086317
v -0.101797 0.347010 0.086317
v -0.105544 0.348895 0.086317
v -0.104864 0.356957 0.143951
v -0.092890 0.358058 0.143951
v -0.102567 0.359599 0.143951
v -0.098385 0.359278 0.143951
v -0.096461 0.345218 0.143951
v -0.106148 0.352344 0.143951
v -0.101797 0.347010 0.143951
v -0.105544 0.348895 0.143951
v -0.105185 0.355804 0.146025
v -0.093783 0.354848 0.149722
v -0.103311 0.356923 0.148762
v -0.099238 0.356211 0.149465
v -0.105827 0.353497 0.146025
v -0.095569 0.348428 0.149722
v -0.104799 0.351571 0.148762
v -0.100944 0.350077 0.149465
v -0.105827 0.353497 0.141877
v -0.095569 0.348428 0.138180
v -0.104799 0.351571 0.139140
v -0.100944 0.350077 0.138437
v -0.105185 0.355804 0.141877
v -0.093783 0.354848 0.138180
v -0.103311 0.356923 0.139140
v -0.099238 0.356211 0.138437
v -0.093783 0.354848 0.092088
v -0.105185 0.355804 0.088391
v -0.099238 0.356211 0.091831
v -0.103311 0.356923 0.091128
v -0.105827 0.353497 0.088391
v -0.095569 0.348428 0.092088
v -0.104799 0.351571 0.091128
v -0.100944 0.350077 0.091831
v -0.105827 0.353497 0.084243
v -0.095569 0.348428 0.080546
v -0.104799 0.351571 0.081506
v -0.100944 0.350077 0.080803
v -0.105185 0.355804 0.084243
v -0.093783 0.354848 0.080546
v -0.103311 0.356923 0.081506
v -0.099238 0.356211 0.080803
v -0.093783 0.354848 0.034454
v -0.105185 0.355804 0.030757
v -0.099238 0.356211 0.034197
v -0.103311 0.356923 0.033494
v -0.105827 0.353497 0.030757
v -0.095569 0.348428 0.034454
v -0.104799 0.351571 0.033494
v -0.100944 0.350077 0.034197
v -0.105827 0.353497 0.026609
v -0.095569 0.348428 0.022912
v -0.104799 0.351571 0.023872
v -0.100944 0.350077 0.023169
v -0.105185 0.355804 0.026609
v -0.093783 0.354848 0.022912
v -0.103311 0.356923 0.023872
v -0.099238 0.356211 0.023169
v -0.104910 0.356792 0.147802
v -0.106102 0.352509 0.147802
v -0.106698 0.350367 0.143951
v -0.106102 0.352509 0.140100
v -0.104315 0.358934 0.143951
v -0.104910 0.356792 0.140100
v -0.104910 0.356792 0.090168
v -0.106102 0.352509 0.090168
v -0.106697 0.350367 0.086317
v -0.106102 0.352509 0.082466
v -0.104315 0.358934 0.086317
v -0.104910 0.356792 0.082466
v -0.104910 0.356792 0.032534
v -0.106102 0.352509 0.032534
v -0.106697 0.350367 0.028683
v -0.106102 0.352509 0.024832
v -0.104314 0.358934 0.028683
v -0.104910 0.356792 0.024832
v -0.105185 0.355804 0.146025
v -0.105827 0.353497 0.146025
v -0.106148 0.352344 0.143951
v -0.105827 0.353497 0.141877
v -0.104864 0.356957 0.143951
v -0.105185 0.355804 0.141877
v -0.105185 0.355804 0.088391
v -0.105827 0.353497 0.088391
v -0.106148 0.352344 0.086317
v -0.105827 0.353497 0.084243
v -0.104864 0.356957 0.086317
v -0.105185 0.355804 0.084243
v -0.105185 0.355804 0.030757
v -0.105827 0.353497 0.030757
v -0.106148 0.352344 0.028683
v -0.105827 0.353497 0.026609
v -0.104864 0.356957 0.028683
v -0.105185 0.355804 0.026609
v -0.114738 0.358461 0.146025
v -0.115380 0.356154 0.146025
v -0.115701 0.355001 0.143951
v -0.115380 0.356154 0.141877
v -0.114417 0.359614 0.143951
v -0.114738 0.358461 0.141877
v -0.114738 0.358461 0.088391
v -0.115380 0.356154 0.088391
v -0.115701 0.355001 0.086317
v -0.115380 0.356154 0.084243
v -0.114417 0.359614 0.086317
v -0.114738 0.358461 0.084243
v -0.114738 0.358461 0.030757
v -0.115380 0.356154 0.030757
v -0.115701 0.355000 0.028683
v -0.115380 0.356154 0.026609
v -0.114417 0.359614 0.028683
v -0.114738 0.358461 0.026609
v 0.099604 0.331911 0.172768
v 0.098651 0.335337 0.176325
v 0.102077 0.336290 0.172768
v 0.099325 0.332914 0.175283
v 0.101179 0.333909 0.174821
v 0.101073 0.336011 0.175283
v 0.101747 0.333588 0.172768
v 0.089663 0.367651 0.176325
v 0.088710 0.371077 0.172768
v 0.093089 0.368604 0.172768
v 0.088989 0.370074 0.175283
v 0.091091 0.370179 0.174821
v 0.091412 0.370747 0.172768
v 0.092086 0.368325 0.175283
v 0.067290 0.322923 0.172768
v 0.062911 0.325396 0.172768
v 0.066337 0.326349 0.176325
v 0.064588 0.323253 0.172768
v 0.064909 0.323821 0.174821
v 0.063914 0.325676 0.175283
v 0.067011 0.323927 0.175283
v 0.056396 0.362090 0.172768
v 0.057349 0.358663 0.176325
v 0.053923 0.357710 0.172768
v 0.056676 0.361086 0.175283
v 0.054821 0.360091 0.174821
v 0.054927 0.357989 0.175283
v 0.054253 0.360412 0.172768
v 0.099604 0.331911 -0.000134
v 0.099604 0.331911 0.057500
v 0.099604 0.331911 0.115134
v 0.101747 0.333588 0.115134
v 0.101747 0.333588 0.057500
v 0.101747 0.333588 -0.000134
v 0.102077 0.336290 0.115134
v 0.102077 0.336290 0.057500
v 0.102077 0.336290 -0.000134
v 0.088710 0.371077 0.115134
v 0.088710 0.371077 0.057500
v 0.088710 0.371077 -0.000134
v 0.091412 0.370747 -0.000134
v 0.091412 0.370747 0.057500
v 0.091412 0.370747 0.115134
v 0.093089 0.368604 -0.000134
v 0.093089 0.368604 0.057500
v 0.093089 0.368604 0.115134
v 0.067290 0.322923 0.115134
v 0.067290 0.322923 0.057500
v 0.067290 0.322923 -0.000134
v 0.064588 0.323253 -0.000134
v 0.064588 0.323253 0.057500
v 0.064588 0.323253 0.115134
v 0.062911 0.325396 -0.000134
v 0.062911 0.325396 0.057500
v 0.062911 0.325396 0.115134
v 0.056396 0.362090 -0.000134
v 0.056396 0.362090 0.057500
v 0.056396 0.362090 0.115134
v 0.054253 0.360412 0.115134
v 0.054253 0.360412 0.057500
v 0.054253 0.360412 -0.000134
v 0.053923 0.357710 0.115134
v 0.053923 0.357710 0.057500
v 0.053923 0.357710 -0.000134
v 0.099232 0.346519 0.154608
v 0.095935 0.358375 0.154608
v 0.095935 0.358375 0.133294
v 0.099232 0.346519 0.133294
v 0.099232 0.346519 0.096974
v 0.095935 0.358375 0.096974
v 0.095935 0.358375 0.075660
v 0.099232 0.346519 0.075660
v 0.099232 0.346519 0.039340
v 0.095935 0.358375 0.039340
v 0.095935 0.358375 0.018026
v 0.099232 0.346519 0.018026
v 0.099604 0.331911 0.028683
v 0.101747 0.333588 0.028683
v 0.102077 0.336290 0.028683
v 0.088710 0.371077 0.028683
v 0.091412 0.370747 0.028683
v 0.093089 0.368604 0.028683
v 0.067290 0.322923 0.028683
v 0.064588 0.323253 0.028683
v 0.062911 0.325396 0.028683
v 0.056396 0.362090 0.028683
v 0.054253 0.360412 0.028683
v 0.053923 0.357710 0.028683
v 0.100881 0.340591 0.028683
v 0.094286 0.364302 0.028683
v 0.099604 0.331911 0.086317
v 0.101747 0.333588 0.086317
v 0.102077 0.336290 0.086317
v 0.088710 0.371077 0.086317
v 0.091412 0.370747 0.086317
v 0.093089 0.368604 0.086317
v 0.067290 0.322923 0.086317
v 0.064588 0.323253 0.086317
v 0.062911 0.325396 0.086317
v 0.056396 0.362090 0.086317
v 0.054253 0.360412 0.086317
v 0.053923 0.357710 0.086317
v 0.100881 0.340591 0.086317
v 0.094286 0.364302 0.086317
v 0.099604 0.331911 0.143951
v 0.091412 0.370747 0.143951
v 0.093089 0.368604 0.143951
v 0.064588 0.323253 0.143951
v 0.062911 0.325396 0.143951
v 0.056396 0.362090 0.143951
v 0.101747 0.333588 0.143951
v 0.102077 0.336290 0.143951
v 0.088710 0.371077 0.143951
v 0.067290 0.322923 0.143951
v 0.054253 0.360412 0.143951
v 0.053923 0.357710 0.143951
v 0.100881 0.340591 0.143951
v 0.094286 0.364302 0.143951
v 0.089806 0.353742 0.149722
v 0.091591 0.347322 0.149722
v 0.092484 0.344112 0.143951
v 0.091591 0.347322 0.138180
v 0.088913 0.356952 0.143951
v 0.089806 0.353742 0.138180
v 0.089806 0.353742 0.092088
v 0.091591 0.347322 0.092088
v 0.092484 0.344112 0.086317
v 0.091591 0.347322 0.080546
v 0.088913 0.356952 0.086317
v 0.089806 0.353742 0.080546
v 0.089806 0.353742 0.034454
v 0.091591 0.347322 0.034454
v 0.092484 0.344112 0.028683
v 0.091591 0.347322 0.022912
v 0.088913 0.356952 0.028683
v 0.089806 0.353742 0.022912
v 0.089050 0.356460 0.154608
v 0.092347 0.344604 0.154608
v 0.093996 0.338676 0.143951
v 0.092347 0.344604 0.133294
v 0.087401 0.362387 0.143951
v 0.089050 0.356460 0.133294
v 0.089050 0.356460 0.096974
v 0.092347 0.344604 0.096974
v 0.093996 0.338676 0.086317
v 0.092347 0.344604 0.075660
v 0.087401 0.362387 0.086317
v 0.089050 0.356460 0.075660
v 0.089050 0.356460 0.039340
v 0.092347 0.344604 0.039340
v 0.093996 0.338676 0.028683
v 0.092347 0.344604 0.018026
v 0.087401 0.362387 0.028683
v 0.089050 0.356460 0.018026
v 0.104864 0.356957 0.028683
v 0.092890 0.358058 0.028683
v 0.102566 0.359599 0.028683
v 0.098385 0.359278 0.028683
v 0.096461 0.345218 0.028683
v 0.106148 0.352344 0.028683
v 0.101797 0.347010 0.028683
v 0.105544 0.348895 0.028683
v 0.092890 0.358058 0.086317
v 0.104864 0.356957 0.086317
v 0.098385 0.359278 0.086317
v 0.102566 0.359599 0.086317
v 0.096461 0.345218 0.086317
v 0.106148 0.352344 0.086317
v 0.101797 0.347010 0.086317
v 0.105544 0.348895 0.086317
v 0.104864 0.356957 0.143951
v 0.092890 0.358058 0.143951
v 0.102567 0.359599 0.143951
v 0.098385 0.359278 0.143951
v 0.096461 0.345218 0.143951
v 0.106148 0.352344 0.143951
v 0.101797 0.347010 0.143951
v 0.105544 0.348895 0.143951
v 0.105185 0.355804 0.146025
v 0.093783 0.354848 0.149722
v 0.103311 0.356923 0.148762
v 0.099238 0.356211 0.149465
v 0.105827 0.353497 0.146025
v 0.095569 0.348428 0.149722
v 0.104799 0.351571 0.148762
v 0.100944 0.350077 0.149465
v 0.105827 0.353497 0.141877
v 0.095569 0.348428 0.138180
v 0.104799 0.351571 0.139140
v 0.100944 0.350077 0.138437
v 0.105185 0.355804 0.141877
v 0.093783 0.354848 0.138180
v 0.103311 0.356923 0.139140
v 0.099238 0.356211 0.138437
v 0.093783 0.354848 0.092088
v 0.105185 0.355804 0.088391
v 0.099238 0.356211 0.091831
v 0.103311 0.356923 0.091128
v 0.105827 0.353497 0.088391
v 0.095569 0.348428 0.092088
v 0.104799 0.351571 0.091128
v 0.100944 0.350077 0.091831
v 0.105827 0.353497 0.084243
v 0.095569 0.348428 0.080546
v 0.104799 0.351571 0.081506
v 0.100944 0.350077 0.080803
v 0.105185 0.355804 0.084243
v 0.093783 0.354848 0.080546
v 0.103311 0.356923 0.081506
v 0.099238 0.356211 0.080803
v 0.093783 0.354848 0.034454
v 0.105185 0.355804 0.030757
v 0.099238 0.356211 0.034197
v 0.103311 0.356923 0.033494
v 0.105827 0.353497 0.030757
v 0.095569 0.348428 0.034454
v 0.104799 0.351571 0.033494
v 0.100944 0.350077 0.034197
v 0.105827 0.353497 0.026609
v 0.095569 0.348428 0.022912
v 0.104799 0.351571 0.023872
v 0.100944 0.350077 0.023169
v 0.105185 0.355804 0.026609
v 0.093783 0.354848 0.022912
v 0.103311 0.356923 0.023872
v 0.099238 0.356211 0.023169
v 0.104910 0.356792 0.147802
v 0.106102 0.352509 0.147802
v 0.106698 0.350367 0.143951
v 0.106102 0.352509 0.140100
v 0.104315 0.358934 0.143951
v 0.104910 0.356792 0.140100
v 0.104910 0.356792 0.090168
v 0.106102 0.352509 0.090168
v 0.106698 0.350367 0.086317
v 0.106102 0.352509 0.082466
v 0.104315 0.358934 0.086317
v 0.104910 0.356792 0.082466
v 0.104910 0.356792 0.032534
v 0.106102 0.352509 0.032534
v 0.106697 0.350367 0.028683
v 0.106102 0.352509 0.024832
v 0.104315 0.358934 0.028683
v 0.104910 0.356792 0.024832
v 0.105185 0.355804 0.146025
v 0.105827 0.353497 0.146025
v 0.106148 0.352344 0.143951
v 0.105827 0.353497 0.141877
v 0.104864 0.356957 0.143951
v 0.105185 0.355804 0.141877
v 0.105185 0.355804 0.088391
v 0.105827 0.353497 0.088391
v 0.106148 0.352344 0.086317
v 0.105827 0.353497 0.084243
v 0.104864 0.356957 0.086317
v 0.105185 0.355804 0.084243
v 0.105185 0.355804 0.030757
v 0.105827 0.353497 0.030757
v 0.106148 0.352344 0.028683
v 0.105827 0.353497 0.026609
v 0.104864 0.356957 0.028683
v 0.105185 0.355804 0.026609
v 0.114738 0.358461 0.146025
v 0.115380 0.356154 0.146025
v 0.115701 0.355001 0.143951
v 0.115380 0.356154 0.141877
v 0.114417 0.359614 0.143951
v 0.114738 0.358461 0.141877
v 0.114738 0.358461 0.088391
v 0.115380 0.356154 0.088391
v 0.115701 0.355000 0.086317
v 0.115380 0.356154 0.084243
v 0.114417 0.359614 0.086317
v 0.114738 0.358461 0.084243
v 0.114738 0.358461 0.030757
v 0.115380 0.356154 0.030757
v 0.115701 0.355000 0.028683
v 0.115380 0.356154 0.026609
v 0.114417 0.359614 0.028683
v 0.114738 0.358461 0.026609
v -0.099604 0.331911 -0.172768
v -0.098651 0.335337 -0.176325
v -0.102077 0.336290 -0.172768
v -0.099325 0.332914 -0.175283
v -0.101179 0.333909 -0.174821
v -0.101073 0.336011 -0.175283
v -0.101747 0.333588 -0.172768
v -0.089663 0.367651 -0.176325
v -0.088710 0.371077 -0.172768
v -0.093089 0.368604 -0.172768
v -0.088989 0.370074 -0.175283
v -0.091091 0.370179 -0.174821
v -0.091412 0.370747 -0.172768
v -0.092086 0.368325 -0.175283
v -0.067290 0.322923 -0.172768
v -0.062911 0.325396 -0.172768
v -0.066337 0.326349 -0.176325
v -0.064588 0.323253 -0.172768
v -0.064909 0.323821 -0.174821
v -0.063914 0.325676 -0.175283
v -0.067011 0.323927 -0.175283
v -0.056396 0.362090 -0.172768
v -0.057349 0.358663 -0.176325
v -0.053923 0.357710 -0.172768
v -0.056675 0.361086 -0.175283
v -0.054821 0.360091 -0.174821
v -0.054927 0.357989 -0.175283
v -0.054253 0.360412 -0.172768
v -0.099604 0.331911 0.000134
v -0.099604 0.331911 -0.057500
v -0.099604 0.331911 -0.115134
v -0.101747 0.333588 -0.115134
v -0.101747 0.333588 -0.057500
v -0.101747 0.333588 0.000134
v -0.102077 0.336290 -0.115134
v -0.102077 0.336290 -0.057500
v -0.102077 0.336290 0.000134
v -0.088710 0.371077 -0.115134
v -0.088710 0.371077 -0.057500
v -0.088710 0.371077 0.000134
v -0.091412 0.370747 0.000134
v -0.091412 0.370747 -0.057500
v -0.091412 0.370747 -0.115134
v -0.093089 0.368604 0.000134
v -0.093089 0.368604 -0.057500
v -0.093089 0.368604 -0.115134
v -0.067290 0.322923 -0.115134
v -0.067290 0.322923 -0.057500
v -0.067290 0.322923 0.000134
v -0.064588 0.323253 0.000134
v -0.064588 0.323253 -0.057500
v -0.064588 0.323253 -0.115134
v -0.062911 0.325396 0.000134
v -0.062911 0.325396 -0.057500
v -0.062911 0.325396 -0.115134
v -0.056396 0.362090 0.000134
v -0.056396 0.362090 -0.057500
v -0.056396 0.362090 -0.115134
v -0.054253 0.360412 -0.115134
v -0.054253 0.360412 -0.057500
v -0.054253 0.360412 0.000134
v -0.053923 0.357710 -0.115134
v -0.053923 0.357710 -0.057500
v -0.053923 0.357710 0.000134
v -0.099232 0.346519 -0.154608
v -0.095935 0.358375 -0.154608
v -0.095935 0.358375 -0.133294
v -0.099232 0.346519 -0.133294
v -0.099232 0.346519 -0.096974
v -0.095935 0.358375 -0.096974
v -0.095935 0.358375 -0.075660
v -0.099232 0.346519 -0.075660
v -0.099232 0.346519 -0.039340
v -0.095935 0.358375 -0.039340
v -0.095935 0.358375 -0.018026
v -0.099232 0.346519 -0.018026
v -0.099604 0.331911 -0.028683
v -0.101747 0.333588 -0.028683
v -0.102077 0.336290 -0.028683
v -0.088710 0.371077 -0.028683
v -0.091412 0.370747 -0.028683
v -0.093089 0.368604 -0.028683
v -0.067290 0.322923 -0.028683
v -0.064588 0.323253 -0.028683
v -0.062911 0.325396 -0.028683
v -0.056396 0.362090 -0.028683
v -0.054253 0.360412 -0.028683
v -0.053923 0.357710 -0.028683
v -0.100881 0.340591 -0.028683
v -0.094286 0.364302 -0.028683
v -0.099604 0.331911 -0.086317
v -0.101747 0.333588 -0.086317
v -0.102077 0.336290 -0.086317
v -0.088710 0.371077 -0.086317
v -0.091412 0.370747 -0.086317
v -0.093089 0.368604 -0.086317
v -0.067290 0.322923 -0.086317
v -0.064588 0.323253 -0.086317
v -0.062911 0.325396 -0.086317
v -0.056396 0.362090 -0.086317
v -0.054253 0.360412 -0.086317
v -0.053923 0.357710 -0.086317
v -0.100881 0.340591 -0.086317
v -0.094286 0.364302 -0.086317
v -0.099604 0.331911 -0.143951
v -0.091412 0.370747 -0.143951
v -0.093089 0.368604 -0.143951
v -0.064588 0.323253 -0.143951
v -0.062911 0.325396 -0.143951
v -0.056396 0.362090 -0.143951
v -0.101747 0.333588 -0.143951
v -0.102077 0.336290 -0.143951
v -0.088710 0.371077 -0.143951
v -0.067290 0.322923 -0.143951
v -0.054253 0.360412 -0.143951
v -0.053923 0.357710 -0.143951
v -0.100881 0.340591 -0.143951
v -0.094286 0.364302 -0.143951
v -0.089806 0.353742 -0.149722
v -0.091591 0.347322 -0.149722
v -0.092484 0.344112 -0.143951
v -0.091591 0.347322 -0.138180
v -0.088913 0.356952 -0.143951
v -0.089806 0.353742 -0.138180
v -0.089806 0.353742 -0.092088
v -0.091591 0.347322 -0.092088
v -0.092484 0.344112 -0.086317
v -0.091591 0.347322 -0.080546
v -0.088913 0.356952 -0.086317
v -0.089806 0.353742 -0.080546
v -0.089806 0.353742 -0.034454
v -0.091591 0.347322 -0.034454
v -0.092484 0.344112 -0.028683
v -0.091591 0.347322 -0.022912
v -0.088913 0.356952 -0.028683
v -0.089806 0.353742 -0.022912
v -0.089050 0.356460 -0.154608
v -0.092347 0.344604 -0.154608
v -0.093996 0.338676 -0.143951
v -0.092347 0.344604 -0.133294
v -0.087401 0.362387 -0.143951
v -0.089050 0.356460 -0.133294
v -0.089050 0.356460 -0.096974
v -0.092347 0.344604 -0.096974
v -0.093996 0.338676 -0.086317
v -0.092347 0.344604 -0.075660
v -0.087401 0.362387 -0.086317
v -0.089050 0.356460 -0.075660
v -0.089050 0.356460 -0.039340
v -0.092347 0.344604 -0.039340
v -0.093996 0.338676 -0.028683
v -0.092347 0.344604 -0.018026
v -0.087401 0.362387 -0.028683
v -0.089050 0.356460 -0.018026
v -0.104864 0.356957 -0.028683
v -0.092890 0.358058 -0.028683
v -0.102566 0.359599 -0.028683
v -0.098385 0.359278 -0.028683
v -0.096461 0.345218 -0.028683
v -0.106148 0.352344 -0.028683
v -0.101797 0.347010 -0.028683
v -0.105544 0.348895 -0.028683
v -0.092890 0.358058 -0.086317
v -0.104864 0.356957 -0.086317
v -0.098385 0.359278 -0.086317
v -0.102566 0.359599 -0.086317
v -0.096461 0.345218 -0.086317
v -0.106148 0.352344 -0.086317
v -0.101797 0.347010 -0.086317
v -0.105544 0.348895 -0.086317
v -0.104864 0.356957 -0.143951
v -0.092890 0.358058 -0.143951
v -0.102567 0.359599 -0.143951
v -0.098385 0.359278 -0.143951
v -0.096461 0.345218 -0.143951
v -0.106148 0.352344 -0.143951
v -0.101797 0.347010 -0.143951
v -0.105544 0.348895 -0.143951
v -0.105185 0.355804 -0.146025
v -0.093783 0.354848 -0.149722
v -0.103311 0.356923 -0.148762
v -0.099238 0.356211 -0.149465
v -0.105827 0.353497 -0.146025
v -0.095569 0.348428 -0.149722
v -0.104799 0.351571 -0.148762
v -0.100944 0.350077 -0.149465
v -0.105827 0.353497 -0.141877
v -0.095569 0.348428 -0.138180
v -0.104799 0.351571 -0.139140
v -0.100944 0.350077 -0.138437
v -0.105185 0.355804 -0.141877
v -0.093783 0.354848 -0.138180
v -0.103311 0.356923 -0.139140
v -0.099238 0.356211 -0.138437
v -0.093783 0.354848 -0.092088
v -0.105185 0.355804 -0.088391
v -0.099238 0.356211 -0.091831
v -0.103311 0.356923 -0.091128
v -0.105827 0.353497 -0.088391
v -0.095569 0.348428 -0.092088
v -0.104799 0.351571 -0.091128
v -0.100944 0.350077 -0.091831
v -0.105827 0.353497 -0.084243
v -0.095569 0.348428 -0.080546
v -0.104799 0.351571 -0.081506
v -0.100944 0.350077 -0.080803
v -0.105185 0.355804 -0.084243
v -0.093783 0.354848 -0.080546
v -0.103311 0.356923 -0.081506
v -0.099238 0.356211 -0.080803
v -0.093783 0.354848 -0.034454
v -0.105185 0.355804 -0.030757
v -0.099238 0.356211 -0.034197
v -0.103311 0.356923 -0.033494
v -0.105827 0.353497 -0.030757
v -0.095569 0.348428 -0.034454
v -0.104799 0.351571 -0.033494
v -0.100944 0.350077 -0.034197
v -0.105827 0.353497 -0.026609
v -0.095569 0.348428 -0.022912
v -0.104799 0.351571 -0.023872
v -0.100944 0.350077 -0.023169
v -0.105185 0.355804 -0.026609
v -0.093783 0.354848 -0.022912
v -0.103311 0.356923 -0.023872
v -0.099238 0.356211 -0.023169
v -0.104910 0.356792 -0.147802
v -0.106102 0.352509 -0.147802
v -0.106698 0.350367 -0.143951
v -0.106102 0.352509 -0.140100
v -0.104315 0.358934 -0.143951
v -0.104910 0.356792 -0.140100
v -0.104910 0.356792 -0.090168
v -0.106102 0.352509 -0.090168
v -0.106697 0.350367 -0.086317
v -0.106102 0.352509 -0.082466
v -0.104315 0.358934 -0.086317
v -0.104910 0.356792 -0.082466
v -0.104910 0.356792 -0.032534
v -0.106102 0.352509 -0.032534
v -0.106697 0.350367 -0.028683
v -0.106102 0.352509 -0.024832
v -0.104314 0.358934 -0.028683
v -0.104910 0.356792 -0.024832
v -0.105185 0.355804 -0.146025
v -0.105827 0.353497 -0.146025
v -0.106148 0.352344 -0.143951
v -0.105827 0.353497 -0.141877
v -0.104864 0.356957 -0.143951
v -0.105185 0.355804 -0.141877
v -0.105185 0.355804 -0.088391
v -0.105827 0.353497 -0.088391
v -0.106148 0.352344 -0.086317
v -0.105827 0.353497 -0.084243
v -0.104864 0.356957 -0.086317
v -0.105185 0.355804 -0.084243
v -0.105185 0.355804 -0.030757
v -0.105827 0.353497 -0.030757
v -0.106148 0.352344 -0.028683
v -0.105827 0.353497 -0.026609
v -0.104864 0.356957 -0.028683
v -0.105185 0.355804 -0.026609
v -0.114738 0.358461 -0.146025
v -0.115380 0.356154 -0.146025
v -0.115701 0.355001 -0.143951
v -0.115380 0.356154 -0.141877
v -0.114417 0.359614 -0.143951
v -0.114738 0.358461 -0.141877
v -0.114738 0.358461 -0.088391
v -0.115380 0.356154 -0.088391
v -0.115701 0.355001 -0.086317
v -0.115380 0.356154 -0.084243
v -0.114417 0.359614 -0.086317
v -0.114738 0.358461 -0.084243
v -0.114738 0.358461 -0.030757
v -0.115380 0.356154 -0.030757
v -0.115701 0.355000 -0.028683
v -0.115380 0.356154 -0.026609
v -0.114417 0.359614 -0.028683
v -0.114738 0.358461 -0.026609
v 0.099604 0.331911 -0.172768
v 0.098651 0.335337 -0.176325
v 0.102077 0.336290 -0.172768
v 0.099325 0.332914 -0.175283
v 0.101179 0.333909 -0.174821
v 0.101074 0.336011 -0.175283
v 0.101747 0.333588 -0.172768
v 0.089663 0.367651 -0.176325
v 0.088710 0.371077 -0.172768
v 0.093089 0.368604 -0.172768
v 0.088989 0.370074 -0.175283
v 0.091091 0.370179 -0.174821
v 0.091412 0.370747 -0.172768
v 0.092086 0.368325 -0.175283
v 0.067290 0.322923 -0.172768
v 0.062911 0.325396 -0.172768
v 0.066337 0.326349 -0.176325
v 0.064588 0.323253 -0.172768
v 0.064909 0.323821 -0.174821
v 0.063914 0.325676 -0.175283
v 0.067011 0.323927 -0.175283
v 0.056396 0.362090 -0.172768
v 0.057349 0.358663 -0.176325
v 0.053923 0.357710 -0.172768
v 0.056676 0.361086 -0.175283
v 0.054821 0.360091 -0.174821
v 0.054927 0.357989 -0.175283
v 0.054253 0.360412 -0.172768
v 0.099604 0.331911 0.000134
v 0.099604 0.331911 -0.057500
v 0.099604 0.331911 -0.115134
v 0.101747 0.333588 -0.115134
v 0.101747 0.333588 -0.057500
v 0.101747 0.333588 0.000134
v 0.102077 0.336290 -0.115134
v 0.102077 0.336290 -0.057500
v 0.102077 0.336290 0.000134
v 0.088710 0.371077 -0.115134
v 0.088710 0.371077 -0.057500
v 0.088710 0.371077 0.000134
v 0.091412 0.370747 0.000134
v 0.091412 0.370747 -0.057500
v 0.091412 0.370747 -0.115134
v 0.093089 0.368604 0.000134
v 0.093089 0.368604 -0.057500
v 0.093089 0.368604 -0.115134
v 0.067290 0.322923 -0.115134
v 0.067290 0.322923 -0.057500
v 0.067290 0.322923 0.000134
v 0.064588 0.323253 0.000134
v 0.064588 0.323253 -0.057500
v 0.064588 0.323253 -0.115134
v 0.062911 0.325396 0.000134
v 0.062911 0.325396 -0.057500
v 0.062911 0.325396 -0.115134
v 0.056396 0.362090 0.000134
v 0.056396 0.362090 -0.057500
v 0.056396 0.362090 -0.115134
v 0.054253 0.360412 -0.115134
v 0.054253 0.360412 -0.057500
v 0.054253 0.360412 0.000134
v 0.053923 0.357710 -0.115134
v 0.053923 0.357710 -0.057500
v 0.053923 0.357710 0.000134
v 0.099232 0.346519 -0.154608
v 0.095935 0.358375 -0.154608
v 0.095935 0.358375 -0.133294
v 0.099232 0.346519 -0.133294
v 0.099232 0.346519 -0.096974
v 0.095935 0.358375 -0.096974
v 0.095935 0.358375 -0.075660
v 0.099232 0.346519 -0.075660
v 0.099232 0.346519 -0.039340
v 0.095935 0.358375 -0.039340
v 0.095935 0.358375 -0.018026
v 0.099232 0.346519 -0.018026
v 0.099604 0.331911 -0.028683
v 0.101747 0.333588 -0.028683
v 0.102077 0.336290 -0.028683
v 0.088710 0.371077 -0.028683
v 0.091412 0.370747 -0.028683
v 0.093089 0.368604 -0.028683
v 0.067290 0.322923 -0.028683
v 0.064588 0.323253 -0.028683
v 0.062911 0.325396 -0.028683
v 0.056396 0.362090 -0.028683
v 0.054253 0.360412 -0.028683
v 0.053923 0.357710 -0.028683
v 0.100881 0.340591 -0.028683
v 0.094286 0.364302 -0.028683
v 0.099604 0.331911 -0.086317
v 0.101747 0.333588 -0.086317
v 0.102077 0.336290 -0.086317
v 0.088710 0.371077 -0.086317
v 0.091412 0.370747 -0.086317
v 0.093089 0.368604 -0.086317
v 0.067290 0.322923 -0.086317
v 0.064588 0.323253 -0.086317
v 0.062911 0.325396 -0.086317
v 0.056396 0.362090 -0.086317
v 0.054253 0.360412 -0.086317
v 0.053923 0.357710 -0.086317
v 0.100881 0.340591 -0.086317
v 0.094286 0.364302 -0.086317
v 0.099604 0.331911 -0.143951
v 0.091412 0.370747 -0.143951
v 0.093089 0.368604 -0.143951
v 0.064588 0.323253 -0.143951
v 0.062911 0.325396 -0.143951
v 0.056396 0.362090 -0.143951
v 0.101747 0.333588 -0.143951
v 0.102077 0.336290 -0.143951
v 0.088710 0.371077 -0.143951
v 0.067290 0.322923 -0.143951
v 0.054253 0.360412 -0.143951
v 0.053923 0.357710 -0.143951
v 0.100881 0.340591 -0.143951
v 0.094286 0.364302 -0.143951
v 0.089806 0.353742 -0.149722
v 0.091591 0.347322 -0.149722
v 0.092484 0.344112 -0.143951
v 0.091591 0.347322 -0.138180
v 0.088913 0.356952 -0.143951
v 0.089806 0.353742 -0.138180
v 0.089806 0.353742 -0.092088
v 0.091591 0.347322 -0.092088
v 0.092484 0.344112 -0.086317
v 0.091591 0.347322 -0.080546
v 0.088913 0.356952 -0.086317
v 0.089806 0.353742 -0.080546
v 0.089806 0.353742 -0.034454
v 0.091591 0.347322 -0.034454
v 0.092484 0.344112 -0.028683
v 0.091591 0.347322 -0.022912
v 0.088913 0.356952 -0.028683
v 0.089806 0.353742 -0.022912
v 0.089050 0.356460 -0.154608
v 0.092347 0.344604 -0.154608
v 0.093996 0.338676 -0.143951
v 0.092347 0.344604 -0.133294
v 0.087401 0.362387 -0.143951
v 0.089050 0.356460 -0.133294
v 0.089050 0.356460 -0.096974
v 0.092347 0.344604 -0.096974
v 0.093996 0.338676 -0.086317
v 0.092347 0.344604 -0.075660
v 0.087401 0.362387 -0.086317
v 0.089050 0.356460 -0.075660
v 0.089050 0.356460 -0.039340
v 0.092347 0.344604 -0.039340
v 0.093996 0.338676 -0.028683
v 0.092347 0.344604 -0.018026
v 0.087401 0.362387 -0.028683
v 0.089050 0.356460 -0.018026
v 0.104864 0.356957 -0.028683
v 0.092890 0.358058 -0.028683
v 0.102566 0.359599 -0.028683
v 0.098385 0.359278 -0.028683
v 0.096461 0.345218 -0.028683
v 0.106148 0.352344 -0.028683
v 0.101797 0.347010 -0.028683
v 0.105544 0.348895 -0.028683
v 0.092890 0.358058 -0.086317
v 0.104864 0.356957 -0.086317
v 0.098385 0.359278 -0.086317
v 0.102566 0.359599 -0.086317
v 0.096461 0.345218 -0.086317
v 0.106148 0.352344 -0.086317
v 0.101797 0.347010 -0.086317
v 0.105544 0.348895 -0.086317
v 0.104865 0.356957 -0.143951
v 0.092890 0.358058 -0.143951
v 0.102567 0.359599 -0.143951
v 0.098385 0.359278 -0.143951
v 0.096461 0.345218 -0.143951
v 0.106148 0.352344 -0.143951
v 0.101797 0.347010 -0.143951
v 0.105544 0.348895 -0.143951
v 0.105185 0.355804 -0.146025
v 0.093783 0.354848 -0.149722
v 0.103311 0.356923 -0.148762
v 0.099238 0.356211 -0.149465
v 0.105827 0.353497 -0.146025
v 0.095569 0.348428 -0.149722
v 0.104799 0.351571 -0.148762
v 0.100944 0.350077 -0.149465
v 0.105827 0.353497 -0.141878
v 0.095569 0.348428 -0.138180
v 0.104799 0.351571 -0.139140
v 0.100944 0.350077 -0.138437
v 0.105185 0.355804 -0.141878
v 0.093783 0.354848 -0.138180
v 0.103311 0.356923 -0.139140
v 0.099238 0.356211 -0.138437
v 0.093783 0.354848 -0.092088
v 0.105185 0.355804 -0.088391
v 0.099238 0.356211 -0.091831
v 0.103311 0.356923 -0.091128
v 0.105827 0.353497 -0.088391
v 0.095569 0.348428 -0.092088
v 0.104799 0.351571 -0.091128
v 0.100944 0.350077 -0.091831
v 0.105827 0.353497 -0.084243
v 0.095569 0.348428 -0.080546
v 0.104799 0.351571 -0.081506
v 0.100944 0.350077 -0.080803
v 0.105185 0.355804 -0.084243
v 0.093783 0.354848 -0.080546
v 0.103311 0.356923 -0.081506
v 0.099238 0.356211 -0.080803
v 0.093783 0.354848 -0.034454
v 0.105185 0.355804 -0.030757
v 0.099238 0.356211 -0.034197
v 0.103311 0.356923 -0.033494
v 0.105827 0.353497 -0.030757
v 0.095569 0.348428 -0.034454
v 0.104799 0.351571 -0.033494
v 0.100944 0.350077 -0.034197
v 0.105827 0.353497 -0.026609
v 0.095569 0.348428 -0.022912
v 0.104799 0.351571 -0.023872
v 0.100944 0.350077 -0.023169
v 0.105185 0.355804 -0.026609
v 0.093783 0.354848 -0.022912
v 0.103311 0.356923 -0.023872
v 0.099238 0.356211 -0.023169
v 0.104910 0.356792 -0.147802
v 0.106102 0.352509 -0.147802
v 0.106698 0.350367 -0.143951
v 0.106102 0.352509 -0.140100
v 0.104315 0.358934 -0.143951
v 0.104910 0.356792 -0.140100
v 0.104910 0.356792 -0.090168
v 0.106102 0.352509 -0.090168
v 0.106698 0.350367 -0.086317
v 0.106102 0.352509 -0.082466
v 0.104315 0.358934 -0.086317
v 0.104910 0.356792 -0.082466
v 0.104910 0.356792 -0.032534
v 0.106102 0.352509 -0.032534
v 0.106697 0.350367 -0.028683
v 0.106102 0.352509 -0.024832
v 0.104315 0.358934 -0.028683
v 0.104910 0.356792 -0.024832
v 0.105185 0.355804 -0.146025
v 0.105827 0.353497 -0.146025
v 0.106148 0.352344 -0.143951
v 0.105827 0.353497 -0.141878
v 0.104865 0.356957 -0.143951
v 0.105185 0.355804 -0.141878
v 0.105185 0.355804 -0.088391
v 0.105827 0.353497 -0.088391
v 0.106148 0.352344 -0.086317
v 0.105827 0.353497 -0.084243
v 0.104864 0.356957 -0.086317
v 0.105185 0.355804 -0.084243
v 0.105185 0.355804 -0.030757
v 0.105827 0.353497 -0.030757
v 0.106148 0.352344 -0.028683
v 0.105827 0.353497 -0.026609
v 0.104864 0.356957 -0.028683
v 0.105185 0.355804 -0.026609
v 0.114738 0.358461 -0.146025
v 0.115380 0.356154 -0.146025
v 0.115701 0.355001 -0.143951
v 0.115380 0.356154 -0.141877
v 0.114417 0.359614 -0.143951
v 0.114738 0.358461 -0.141877
v 0.114738 0.358461 -0.088391
v 0.115380 0.356154 -0.088391
v 0.115701 0.355000 -0.086317
v 0.115380 0.356154 -0.084243
v 0.114417 0.359614 -0.086317
v 0.114738 0.358461 -0.084243
v 0.114738 0.358461 -0.030757
v 0.115380 0.356154 -0.030757
v 0.115701 0.355000 -0.028683
v 0.115380 0.356154 -0.026609
v 0.114417 0.359614 -0.028683
v 0.114738 0.358461 -0.026609
v 0.000109 0.009077 -0.250658
v 0.042121 0.017434 -0.250658
v 0.077736 0.041232 -0.250658
v 0.101534 0.076848 -0.250658
v 0.109891 0.118859 -0.250658
v 0.101534 0.160871 -0.250658
v 0.077736 0.196487 -0.250658
v 0.042121 0.220285 -0.250658
v 0.000109 0.228641 -0.250658
v -0.041903 0.220285 -0.250658
v -0.077519 0.196487 -0.250658
v -0.101316 0.160871 -0.250658
v -0.109673 0.118859 -0.250658
v -0.101316 0.076848 -0.250658
v -0.077519 0.041232 -0.250658
v -0.041903 0.017434 -0.250658
v -0.000653 0.079295 -0.236658
v 0.017543 0.082915 -0.236658
v 0.032969 0.093222 -0.236658
v 0.043276 0.108648 -0.236658
v 0.046895 0.126844 -0.236658
v 0.043276 0.145040 -0.236658
v 0.032969 0.160465 -0.236658
v 0.017543 0.170773 -0.236658
v -0.000653 0.174392 -0.236658
v -0.018849 0.170773 -0.236658
v -0.034275 0.160465 -0.236658
v -0.044582 0.145040 -0.236658
v -0.048202 0.126844 -0.236658
v -0.044582 0.108648 -0.236658
v -0.034275 0.093222 -0.236658
v -0.018849 0.082915 -0.236658
v 0.000109 0.025353 -0.306252
v 0.000109 0.009077 -0.296210
v 0.000109 0.012076 -0.303311
v 0.035892 0.032471 -0.306252
v 0.042121 0.017434 -0.296210
v 0.040973 0.020205 -0.303311
v 0.066228 0.052740 -0.306252
v 0.077736 0.041232 -0.296210
v 0.075616 0.043352 -0.303311
v 0.086498 0.083076 -0.306252
v 0.101534 0.076848 -0.296210
v 0.098764 0.077995 -0.303311
v 0.093615 0.118859 -0.306252
v 0.109891 0.118859 -0.296210
v 0.106892 0.118859 -0.303311
v 0.086498 0.154643 -0.306252
v 0.101534 0.160871 -0.296210
v 0.098764 0.159724 -0.303311
v 0.066228 0.184979 -0.306252
v 0.077736 0.196487 -0.296210
v 0.075616 0.194367 -0.303311
v 0.035892 0.205248 -0.306252
v 0.042121 0.220285 -0.296210
v 0.040973 0.217514 -0.303311
v 0.000109 0.212366 -0.306252
v 0.000109 0.228641 -0.296210
v 0.000109 0.225643 -0.303311
v -0.035674 0.205248 -0.306252
v -0.041903 0.220285 -0.296210
v -0.040755 0.217514 -0.303311
v -0.066010 0.184979 -0.306252
v -0.077519 0.196487 -0.296210
v -0.075398 0.194367 -0.303311
v -0.086280 0.154643 -0.306252
v -0.101316 0.160871 -0.296210
v -0.098546 0.159724 -0.303311
v -0.093398 0.118859 -0.306252
v -0.109673 0.118859 -0.296210
v -0.106674 0.118859 -0.303311
v -0.086280 0.083076 -0.306252
v -0.101316 0.076848 -0.296210
v -0.098546 0.077995 -0.303311
v -0.066010 0.052740 -0.306252
v -0.077519 0.041232 -0.296210
v -0.075398 0.043352 -0.303311
v -0.035674 0.032471 -0.306252
v -0.041903 0.017434 -0.296210
v -0.040755 0.020205 -0.303311
v 0.000109 0.019316 -0.306252
v 0.038202 0.026894 -0.306252
v 0.070497 0.048472 -0.306252
v 0.092075 0.080766 -0.306252
v 0.099652 0.118859 -0.306252
v 0.092075 0.156953 -0.306252
v 0.070497 0.189247 -0.306252
v 0.038202 0.210825 -0.306252
v 0.000109 0.218403 -0.306252
v -0.037985 0.210825 -0.306252
v -0.070279 0.189247 -0.306252
v -0.091857 0.156953 -0.306252
v -0.099434 0.118859 -0.306252
v -0.091857 0.080766 -0.306252
v -0.070279 0.048472 -0.306252
v -0.037985 0.026894 -0.306252
v 0.000109 0.060998 -0.260658
v 0.019558 0.064867 -0.260658
v 0.036046 0.075884 -0.260658
v 0.047063 0.092372 -0.260658
v 0.036855 0.130923 -0.260658
v 0.025403 0.130644 -0.260658
v 0.019436 0.140422 -0.260658
v 0.010558 0.155233 -0.260658
v 0.000109 0.149200 -0.260658
v -0.010341 0.155233 -0.260658
v -0.019218 0.140422 -0.260658
v -0.025185 0.130644 -0.260658
v -0.036637 0.130923 -0.260658
v -0.046845 0.092372 -0.260658
v -0.035828 0.075884 -0.260658
v -0.019340 0.064867 -0.260658
v -0.000653 0.025988 -0.236658
v 0.037943 0.033665 -0.236658
v 0.070663 0.055528 -0.236658
v 0.092526 0.088248 -0.236658
v 0.100203 0.126844 -0.236658
v 0.092526 0.165440 -0.236658
v 0.070663 0.198160 -0.236658
v 0.037943 0.220022 -0.236658
v -0.000653 0.227700 -0.236658
v -0.039249 0.220022 -0.236658
v -0.071969 0.198160 -0.236658
v -0.093832 0.165440 -0.236658
v -0.101509 0.126844 -0.236658
v -0.093832 0.088248 -0.236658
v -0.071969 0.055528 -0.236658
v -0.039249 0.033665 -0.236658
v -0.000653 0.079295 -0.220000
v 0.017543 0.082915 -0.220000
v 0.032969 0.093222 -0.220000
v 0.043276 0.108648 -0.220000
v 0.046895 0.126844 -0.220000
v 0.043276 0.145040 -0.220000
v 0.032969 0.160465 -0.220000
v 0.017543 0.170773 -0.220000
v -0.000653 0.174392 -0.220000
v -0.018849 0.170773 -0.220000
v -0.034275 0.160465 -0.220000
v -0.044582 0.145040 -0.220000
v -0.048202 0.126844 -0.220000
v -0.044582 0.108648 -0.220000
v -0.034275 0.093222 -0.220000
v -0.018849 0.082915 -0.220000
v 0.000109 0.025353 -0.260658
v 0.035892 0.032471 -0.260658
v 0.066228 0.052740 -0.260658
v 0.086498 0.083076 -0.260658
v 0.093615 0.118859 -0.260658
v 0.086498 0.154643 -0.260658
v 0.066228 0.184979 -0.260658
v 0.035892 0.205248 -0.260658
v 0.000109 0.212366 -0.260658
v -0.035674 0.205248 -0.260658
v -0.066010 0.184979 -0.260658
v -0.086280 0.154643 -0.260658
v -0.093398 0.118859 -0.260658
v -0.086280 0.083076 -0.260658
v -0.066010 0.052740 -0.260658
v -0.035674 0.032471 -0.260658
v 0.000109 0.054337 -0.260658
v 0.024801 0.059248 -0.260658
v 0.045733 0.073235 -0.260658
v 0.059720 0.094168 -0.260658
v 0.042339 0.140980 -0.260658
v 0.036372 0.150758 -0.260658
v 0.024920 0.150479 -0.260658
v 0.010558 0.167299 -0.260658
v 0.000109 0.173332 -0.260658
v -0.010341 0.167299 -0.260658
v -0.024702 0.150479 -0.260658
v -0.036154 0.150758 -0.260658
v -0.042121 0.140980 -0.260658
v -0.059502 0.094168 -0.260658
v -0.045515 0.073235 -0.260658
v -0.024583 0.059248 -0.260658
v 0.042339 0.140980 -0.290000
v 0.036372 0.150758 -0.290000
v 0.024920 0.150479 -0.290000
v 0.010558 0.167299 -0.290000
v 0.000109 0.173332 -0.290000
v -0.010341 0.167299 -0.290000
v -0.024702 0.150479 -0.290000
v -0.036154 0.150758 -0.290000
v -0.042121 0.140980 -0.290000
v 0.036855 0.130923 -0.290000
v 0.025403 0.130644 -0.290000
v 0.019436 0.140422 -0.290000
v 0.010558 0.155233 -0.290000
v 0.000109 0.149200 -0.290000
v -0.010341 0.155233 -0.290000
v -0.019218 0.140422 -0.290000
v -0.025185 0.130644 -0.290000
v -0.036637 0.130923 -0.290000
v 0.000000 0.393207 0.177884
v 0.000000 0.398794 0.177884
v 0.008463 0.393207 0.179568
v 0.008463 0.398794 0.179568
v 0.015638 0.393207 0.184362
v 0.015638 0.398794 0.184362
v 0.020432 0.393207 0.191537
v 0.020432 0.398794 0.191537
v 0.022116 0.393207 0.200000
v 0.022116 0.398794 0.200000
v 0.020432 0.393207 0.208463
v 0.020432 0.398794 0.208463
v 0.015638 0.393207 0.215638
v 0.015638 0.398794 0.215638
v 0.008463 0.393207 0.220432
v 0.008463 0.398794 0.220432
v 0.000000 0.393207 0.222116
v 0.000000 0.398794 0.222116
v -0.008463 0.393207 0.220432
v -0.008463 0.398794 0.220432
v -0.015638 0.393207 0.215638
v -0.015638 0.398794 0.215638
v -0.020432 0.393207 0.208463
v -0.020432 0.398794 0.208463
v -0.022116 0.393207 0.200000
v -0.022116 0.398794 0.200000
v -0.020432 0.393207 0.191537
v -0.020432 0.398794 0.191537
v -0.015638 0.393207 0.184362
v -0.015638 0.398794 0.184362
v -0.008463 0.393207 0.179568
v -0.008463 0.398794 0.179568
v 0.000000 0.400000 0.182898
v 0.006545 0.400000 0.184200
v 0.012093 0.400000 0.187907
v 0.015801 0.400000 0.193455
v 0.017102 0.400000 0.200000
v 0.015801 0.400000 0.206545
v 0.012093 0.400000 0.212093
v 0.006545 0.400000 0.215801
v 0.000000 0.400000 0.217102
v -0.006545 0.400000 0.215801
v -0.012093 0.400000 0.212093
v -0.015801 0.400000 0.206545
v -0.017102 0.400000 0.200000
v -0.015801 0.400000 0.193455
v -0.012093 0.400000 0.187907
v -0.006545 0.400000 0.184200
v 0.000000 0.414000 0.182898
v 0.006545 0.414000 0.184200
v 0.012093 0.414000 0.187907
v 0.015801 0.414000 0.193455
v 0.017102 0.414000 0.200000
v 0.015801 0.414000 0.206545
v 0.012093 0.414000 0.212093
v 0.006545 0.414000 0.215801
v 0.000000 0.414000 0.217102
v -0.006545 0.414000 0.215801
v -0.012093 0.414000 0.212093
v -0.015801 0.414000 0.206545
v -0.017102 0.414000 0.200000
v -0.015801 0.414000 0.193455
v -0.012093 0.414000 0.187907
v -0.006545 0.414000 0.184200
v 0.000000 0.424000 0.178390
v 0.008270 0.424000 0.180035
v 0.015280 0.424000 0.184720
v 0.019965 0.424000 0.191730
v 0.021610 0.424000 0.200000
v 0.019965 0.424000 0.208270
v 0.015280 0.424000 0.215280
v 0.008270 0.424000 0.219965
v 0.000000 0.424000 0.221610
v -0.008270 0.424000 0.219965
v -0.015280 0.424000 0.215280
v -0.019965 0.424000 0.208270
v -0.021610 0.424000 0.200000
v -0.019965 0.424000 0.191730
v -0.015280 0.424000 0.184720
v -0.008270 0.424000 0.180035
v -0.000000 0.451000 0.181434
v 0.007105 0.451000 0.182847
v 0.013128 0.451000 0.186872
v 0.017153 0.451000 0.192895
v 0.018566 0.451000 0.200000
v 0.017153 0.451000 0.207105
v 0.013128 0.451000 0.213128
v 0.007105 0.451000 0.217153
v -0.000000 0.451000 0.218566
v -0.007105 0.451000 0.217153
v -0.013128 0.451000 0.213128
v -0.017153 0.451000 0.207105
v -0.018566 0.451000 0.200000
v -0.017153 0.451000 0.192895
v -0.013128 0.451000 0.186872
v -0.007105 0.451000 0.182847
v 0.000000 0.391000 0.183207
v 0.006426 0.391000 0.184485
v 0.011874 0.391000 0.188126
v 0.015515 0.391000 0.193574
v 0.016793 0.391000 0.200000
v 0.015515 0.391000 0.206426
v 0.011874 0.391000 0.211874
v 0.006426 0.391000 0.215515
v 0.000000 0.391000 0.216793
v -0.006426 0.391000 0.215515
v -0.011874 0.391000 0.211874
v -0.015515 0.391000 0.206426
v -0.016793 0.391000 0.200000
v -0.015515 0.391000 0.193574
v -0.011874 0.391000 0.188126
v -0.006426 0.391000 0.184485
v -0.000000 0.375000 0.185101
v 0.005650 0.375000 0.186225
v 0.010440 0.375000 0.189425
v 0.013640 0.375000 0.194215
v 0.014764 0.375000 0.199865
v 0.013640 0.375000 0.205515
v 0.010440 0.375000 0.210304
v 0.005650 0.375000 0.213505
v -0.000000 0.375000 0.216793
v -0.005650 0.375000 0.213505
v -0.010440 0.375000 0.210304
v -0.013640 0.375000 0.205515
v -0.014764 0.375000 0.199865
v -0.013640 0.375000 0.194215
v -0.010440 0.375000 0.189425
v -0.005650 0.375000 0.186225
v -0.000000 0.361000 0.196846
v 0.003753 0.361000 0.197592
v 0.006935 0.361000 0.199719
v 0.009062 0.361000 0.202900
v 0.009808 0.361000 0.206654
v 0.009062 0.361000 0.210407
v 0.006935 0.361000 0.213589
v 0.003753 0.361000 0.215715
v -0.000000 0.361000 0.216793
v -0.003753 0.361000 0.215715
v -0.006935 0.361000 0.213589
v -0.009062 0.361000 0.210407
v -0.009808 0.361000 0.206654
v -0.009062 0.361000 0.202900
v -0.006935 0.361000 0.199719
v -0.003753 0.361000 0.197592
v 0.008270 0.451000 0.180035
v -0.000000 0.451000 0.178390
v 0.015280 0.451000 0.184720
v 0.019965 0.451000 0.191730
v 0.021610 0.451000 0.200000
v 0.019965 0.451000 0.208270
v 0.015280 0.451000 0.215280
v 0.008270 0.451000 0.219965
v -0.000000 0.451000 0.221610
v -0.008270 0.451000 0.219965
v -0.015280 0.451000 0.215280
v -0.019965 0.451000 0.208270
v -0.021610 0.451000 0.200000
v -0.019965 0.451000 0.191730
v -0.015280 0.451000 0.184720
v -0.008270 0.451000 0.180035
v 0.007105 0.443802 0.182847
v -0.000000 0.443802 0.181434
v 0.013128 0.443802 0.186872
v 0.017153 0.443802 0.192895
v 0.018566 0.443802 0.200000
v 0.017153 0.443802 0.207105
v 0.013128 0.443802 0.213128
v 0.007105 0.443802 0.217153
v -0.000000 0.443802 0.218566
v -0.007105 0.443802 0.217153
v -0.013128 0.443802 0.213128
v -0.017153 0.443802 0.207105
v -0.018566 0.443802 0.200000
v -0.017153 0.443802 0.192895
v -0.013128 0.443802 0.186872
v -0.007105 0.443802 0.182847
v 0.006337 0.398148 -0.132799
v 0.026151 0.398148 -0.132799
v 0.026019 0.417022 -0.152084
v 0.006206 0.417022 -0.152084
v 0.025775 0.350796 0.118090
v 0.006399 0.350796 0.118090
v 0.006396 0.350796 0.136995
v 0.025771 0.350796 0.136995
v 0.026151 0.398272 0.117636
v 0.006337 0.398272 0.117636
v 0.006206 0.417025 0.136995
v 0.026019 0.417025 0.136995
v 0.006399 0.350796 -0.133178
v 0.025775 0.350796 -0.133178
v 0.025771 0.350796 -0.152084
v 0.006396 0.350796 -0.152084
v 0.045700 0.350749 -0.003979
v 0.026467 0.350749 -0.003979
v 0.026467 0.350749 -0.021774
v 0.045700 0.350749 -0.021774
v 0.006281 0.369800 -0.132991
v 0.026094 0.369800 -0.132991
v 0.025992 0.370208 -0.152084
v 0.006179 0.370208 -0.152084
v 0.007491 0.398368 -0.123373
v 0.027305 0.398368 -0.123373
v 0.027302 0.417649 -0.123777
v 0.007489 0.417649 -0.123777
v 0.012217 0.398368 -0.105431
v 0.032030 0.398368 -0.105431
v 0.032030 0.417649 -0.105431
v 0.012217 0.417649 -0.105431
v 0.018414 0.398368 -0.087643
v 0.038227 0.398368 -0.087643
v 0.038227 0.417649 -0.087643
v 0.018414 0.417649 -0.087643
v 0.023793 0.398368 -0.069657
v 0.043606 0.398368 -0.069657
v 0.043606 0.417649 -0.069657
v 0.023793 0.417649 -0.069657
v 0.026175 0.398371 -0.050845
v 0.045894 0.398371 -0.050845
v 0.045894 0.417649 -0.050845
v 0.026175 0.417649 -0.050845
v 0.028374 0.398295 -0.027760
v 0.043874 0.398240 -0.027206
v 0.043793 0.417652 -0.027241
v 0.028293 0.417338 -0.026927
v 0.026094 0.369803 0.117855
v 0.006281 0.369803 0.117855
v 0.006179 0.370208 0.136995
v 0.025992 0.370208 0.136995
v 0.043874 0.398240 0.002438
v 0.028374 0.398308 0.002984
v 0.028374 0.417647 0.002499
v 0.043793 0.417652 0.002488
v 0.045894 0.398371 0.026116
v 0.026175 0.398371 0.026116
v 0.026175 0.417649 0.026116
v 0.045894 0.417649 0.026116
v 0.043606 0.398368 0.046057
v 0.023793 0.398368 0.046057
v 0.023793 0.417649 0.046057
v 0.043606 0.417649 0.046057
v 0.038227 0.398368 0.066643
v 0.018414 0.398368 0.066643
v 0.018414 0.417649 0.066643
v 0.038227 0.417649 0.066643
v 0.032030 0.398368 0.087426
v 0.012217 0.398368 0.087426
v 0.012217 0.417649 0.087426
v 0.032030 0.417649 0.087426
v 0.027305 0.398371 0.107651
v 0.007491 0.398371 0.107651
v 0.007489 0.417649 0.108057
v 0.027302 0.417649 0.108057
v 0.043793 0.370830 -0.003656
v 0.028293 0.371333 -0.003926
v 0.028374 0.370839 -0.022089
v 0.043793 0.370830 -0.022075
v 0.028034 0.407978 0.002741
v 0.036083 0.397881 0.002995
v 0.036083 0.350527 -0.003778
v 0.044133 0.408073 0.002488
v 0.036083 0.418074 0.002488
v 0.043745 0.393574 -0.000894
v 0.044133 0.370830 -0.012866
v 0.025991 0.350586 -0.142543
v 0.043745 0.393574 -0.024358
v 0.044083 0.398307 -0.012387
v 0.044133 0.408073 -0.027241
v 0.016083 0.350586 -0.152084
v 0.043745 0.417652 -0.012376
v 0.036083 0.418074 -0.027241
v 0.028422 0.417556 -0.012123
v 0.006178 0.350586 -0.142543
v 0.028034 0.407671 -0.027568
v 0.028422 0.393786 -0.024676
v 0.016086 0.350586 0.117879
v 0.028034 0.371041 -0.013183
v 0.028083 0.403458 -0.015197
v 0.028422 0.394092 -0.000630
v 0.006178 0.350586 0.127457
v 0.036083 0.370830 -0.003250
v 0.016083 0.350586 0.136995
v 0.036083 0.397881 -0.027769
v 0.045941 0.350527 -0.012876
v 0.036083 0.370830 -0.022482
v 0.016086 0.350586 -0.132967
v 0.025991 0.350586 0.127457
v 0.026226 0.350527 -0.012876
v 0.036083 0.350527 -0.021975
v 0.006230 0.360083 -0.132979
v 0.026043 0.360083 -0.132979
v 0.016190 0.369791 -0.132569
v 0.025991 0.360083 -0.152084
v 0.026481 0.370004 -0.142556
v 0.006178 0.360083 -0.152084
v 0.016083 0.370217 -0.152084
v 0.005793 0.370004 -0.142556
v 0.006299 0.393179 -0.132995
v 0.026112 0.393179 -0.132995
v 0.016247 0.397732 -0.132386
v 0.025993 0.402820 -0.152084
v 0.026522 0.407585 -0.142158
v 0.006179 0.402820 -0.152084
v 0.016110 0.417438 -0.152084
v 0.005834 0.407585 -0.142158
v 0.006864 0.398368 -0.128278
v 0.026678 0.398368 -0.128278
v 0.017398 0.397942 -0.123364
v 0.026610 0.417649 -0.137839
v 0.027741 0.408008 -0.123575
v 0.006797 0.417649 -0.137839
v 0.017395 0.418074 -0.123786
v 0.007053 0.408008 -0.123575
v 0.009800 0.398368 -0.114490
v 0.029613 0.398368 -0.114490
v 0.022123 0.397942 -0.105431
v 0.029613 0.417649 -0.114490
v 0.032467 0.408008 -0.105431
v 0.009800 0.417649 -0.114490
v 0.022123 0.418074 -0.105431
v 0.011779 0.408008 -0.105431
v 0.015308 0.398368 -0.096536
v 0.035121 0.398368 -0.096536
v 0.028320 0.397942 -0.087643
v 0.035121 0.417649 -0.096536
v 0.038664 0.408008 -0.087643
v 0.015308 0.417649 -0.096536
v 0.028320 0.418074 -0.087643
v 0.017976 0.408008 -0.087643
v 0.021145 0.398368 -0.078660
v 0.040958 0.398368 -0.078660
v 0.033699 0.397942 -0.069657
v 0.040958 0.417649 -0.078660
v 0.044043 0.408008 -0.069657
v 0.021145 0.417649 -0.078660
v 0.033699 0.418074 -0.069657
v 0.023355 0.408008 -0.069657
v 0.025018 0.398368 -0.060311
v 0.044831 0.398368 -0.060311
v 0.036034 0.397945 -0.050845
v 0.044831 0.417649 -0.060311
v 0.046329 0.408010 -0.050845
v 0.025018 0.417649 -0.060311
v 0.036034 0.418074 -0.050845
v 0.025740 0.408010 -0.050845
v 0.027299 0.398433 -0.039162
v 0.044868 0.398433 -0.039162
v 0.044868 0.417650 -0.039162
v 0.027299 0.417650 -0.039162
v 0.026112 0.393244 0.117850
v 0.016190 0.369794 0.117431
v 0.006299 0.393244 0.117850
v 0.016247 0.397858 0.117221
v 0.005793 0.370005 0.127444
v 0.006179 0.402821 0.136995
v 0.005834 0.407648 0.127026
v 0.016083 0.370217 0.136995
v 0.025993 0.402821 0.136995
v 0.016110 0.417438 0.136995
v 0.026481 0.370005 0.127444
v 0.026522 0.407648 0.127026
v 0.026043 0.360083 0.117867
v 0.006230 0.360083 0.117867
v 0.006178 0.360083 0.136995
v 0.025991 0.360083 0.136995
v 0.044868 0.398433 0.014409
v 0.036034 0.397945 0.026116
v 0.027299 0.398433 0.014409
v 0.025740 0.408010 0.026116
v 0.027299 0.417650 0.014409
v 0.036034 0.418074 0.026116
v 0.044868 0.417650 0.014409
v 0.046329 0.408010 0.026116
v 0.044831 0.398368 0.036118
v 0.033699 0.397942 0.046057
v 0.025018 0.398368 0.036118
v 0.023355 0.408008 0.046057
v 0.025018 0.417649 0.036118
v 0.033699 0.418074 0.046057
v 0.044831 0.417649 0.036118
v 0.044043 0.408008 0.046057
v 0.040958 0.398368 0.056340
v 0.028320 0.397942 0.066643
v 0.021145 0.398368 0.056340
v 0.017976 0.408008 0.066643
v 0.021145 0.417649 0.056340
v 0.028320 0.418074 0.066643
v 0.040958 0.417649 0.056340
v 0.038664 0.408008 0.066643
v 0.035121 0.398368 0.077036
v 0.022123 0.397942 0.087426
v 0.015308 0.398368 0.077036
v 0.011779 0.408008 0.087426
v 0.015308 0.417649 0.077036
v 0.022123 0.418074 0.087426
v 0.035121 0.417649 0.077036
v 0.032467 0.408008 0.087426
v 0.029613 0.398368 0.097653
v 0.017398 0.397945 0.107642
v 0.009800 0.398368 0.097653
v 0.007053 0.408010 0.107854
v 0.009800 0.417649 0.097653
v 0.017395 0.418074 0.108066
v 0.029613 0.417649 0.097653
v 0.027741 0.408010 0.107854
v 0.026678 0.398433 0.112859
v 0.006864 0.398433 0.112859
v 0.006797 0.417650 0.122453
v 0.026610 0.417650 0.122453
v 0.044868 0.360583 -0.003778
v 0.027299 0.360583 -0.003778
v 0.027299 0.360583 -0.021975
v 0.044868 0.360583 -0.021975
v 0.028083 0.398574 -0.020126
v 0.028083 0.405824 -0.006376
v 0.016702 0.418074 -0.138050
v 0.027081 0.408008 -0.133058
v 0.016772 0.397942 -0.128067
v 0.005802 0.398000 -0.142558
v 0.016083 0.403033 -0.152084
v 0.026490 0.398000 -0.142558
v 0.016208 0.392967 -0.132573
v 0.005766 0.360083 -0.142550
v 0.016083 0.360083 -0.152084
v 0.026454 0.360083 -0.142550
v 0.016137 0.360083 -0.132556
v 0.036083 0.350083 -0.012876
v 0.044083 0.408074 -0.012376
v 0.036083 0.393574 -0.024876
v 0.036083 0.393574 -0.000376
v 0.036083 0.418074 -0.012376
v 0.016083 0.350167 -0.142543
v 0.016083 0.350167 0.127457
v 0.044083 0.393574 -0.012626
v 0.006393 0.408008 -0.133058
v 0.019706 0.397942 -0.114490
v 0.030050 0.408008 -0.114490
v 0.019706 0.418074 -0.114490
v 0.009362 0.408008 -0.114490
v 0.025215 0.397942 -0.096536
v 0.035559 0.408008 -0.096536
v 0.025215 0.418074 -0.096536
v 0.014871 0.408008 -0.096536
v 0.031051 0.397942 -0.078660
v 0.041395 0.408008 -0.078660
v 0.031051 0.418074 -0.078660
v 0.020707 0.408008 -0.078660
v 0.034924 0.397942 -0.060311
v 0.045268 0.408008 -0.060311
v 0.034924 0.418074 -0.060311
v 0.024580 0.408008 -0.060311
v 0.036083 0.398008 -0.039162
v 0.045255 0.408041 -0.039162
v 0.036083 0.418074 -0.039162
v 0.026911 0.408041 -0.039162
v 0.016208 0.393033 0.117427
v 0.005802 0.398033 0.127442
v 0.016083 0.403033 0.136995
v 0.026490 0.398033 0.127442
v 0.016137 0.360083 0.117444
v 0.005766 0.360083 0.127450
v 0.016083 0.360083 0.136995
v 0.026454 0.360083 0.127450
v 0.036083 0.398008 0.014409
v 0.026911 0.408041 0.014409
v 0.036083 0.418074 0.014409
v 0.045255 0.408041 0.014409
v 0.034924 0.397942 0.036118
v 0.024580 0.408008 0.036118
v 0.034924 0.418074 0.036118
v 0.045268 0.408008 0.036118
v 0.031051 0.397942 0.056340
v 0.020707 0.408008 0.056340
v 0.031051 0.418074 0.056340
v 0.041395 0.408008 0.056340
v 0.025215 0.397942 0.077036
v 0.014871 0.408008 0.077036
v 0.025215 0.418074 0.077036
v 0.035559 0.408008 0.077036
v 0.019706 0.397942 0.097653
v 0.009362 0.408008 0.097653
v 0.019706 0.418074 0.097653
v 0.030050 0.408008 0.097653
v 0.016772 0.398008 0.112648
v 0.006393 0.408041 0.117656
v 0.016702 0.418074 0.122665
v 0.027081 0.408041 0.117656
v 0.036083 0.360583 -0.003376
v 0.026911 0.360583 -0.012876
v 0.036083 0.360583 -0.022376
v 0.045255 0.360583 -0.012876
v -0.006337 0.398148 -0.132799
v -0.026151 0.398148 -0.132799
v -0.026019 0.417022 -0.152084
v -0.006206 0.417022 -0.152084
v -0.025775 0.350796 0.118090
v -0.006399 0.350796 0.118090
v -0.006396 0.350796 0.136995
v -0.025771 0.350796 0.136995
v -0.026151 0.398272 0.117636
v -0.006337 0.398272 0.117636
v -0.006206 0.417025 0.136995
v -0.026019 0.417025 0.136995
v -0.006399 0.350796 -0.133178
v -0.025775 0.350796 -0.133178
v -0.025771 0.350796 -0.152084
v -0.006396 0.350796 -0.152084
v -0.045700 0.350749 -0.003979
v -0.026467 0.350749 -0.003979
v -0.026467 0.350749 -0.021774
v -0.045700 0.350749 -0.021774
v -0.006281 0.369800 -0.132991
v -0.026094 0.369800 -0.132991
v -0.025992 0.370208 -0.152084
v -0.006179 0.370208 -0.152084
v -0.007491 0.398368 -0.123373
v -0.027305 0.398368 -0.123373
v -0.027302 0.417649 -0.123777
v -0.007489 0.417649 -0.123777
v -0.012217 0.398368 -0.105431
v -0.032030 0.398368 -0.105431
v -0.032030 0.417649 -0.105431
v -0.012217 0.417649 -0.105431
v -0.018414 0.398368 -0.087643
v -0.038227 0.398368 -0.087643
v -0.038227 0.417649 -0.087643
v -0.018414 0.417649 -0.087643
v -0.023793 0.398368 -0.069657
v -0.043606 0.398368 -0.069657
v -0.043606 0.417649 -0.069657
v -0.023793 0.417649 -0.069657
v -0.026175 0.398371 -0.050845
v -0.045894 0.398371 -0.050845
v -0.045894 0.417649 -0.050845
v -0.026175 0.417649 -0.050845
v -0.028374 0.398295 -0.027760
v -0.043874 0.398240 -0.027206
v -0.043793 0.417652 -0.027241
v -0.028293 0.417338 -0.026927
v -0.026094 0.369803 0.117855
v -0.006281 0.369803 0.117855
v -0.006179 0.370208 0.136995
v -0.025992 0.370208 0.136995
v -0.043874 0.398240 0.002438
v -0.028374 0.398308 0.002984
v -0.028374 0.417647 0.002499
v -0.043793 0.417652 0.002488
v -0.045894 0.398371 0.026116
v -0.026175 0.398371 0.026116
v -0.026175 0.417649 0.026116
v -0.045894 0.417649 0.026116
v -0.043606 0.398368 0.046057
v -0.023793 0.398368 0.046057
v -0.023793 0.417649 0.046057
v -0.043606 0.417649 0.046057
v -0.038227 0.398368 0.066643
v -0.018414 0.398368 0.066643
v -0.018414 0.417649 0.066643
v -0.038227 0.417649 0.066643
v -0.032030 0.398368 0.087426
v -0.012217 0.398368 0.087426
v -0.012217 0.417649 0.087426
v -0.032030 0.417649 0.087426
v -0.027305 0.398371 0.107651
v -0.007491 0.398371 0.107651
v -0.007489 0.417649 0.108057
v -0.027302 0.417649 0.108057
v -0.043793 0.370830 -0.003656
v -0.028293 0.371333 -0.003926
v -0.028374 0.370839 -0.022089
v -0.043793 0.370830 -0.022075
v -0.028034 0.407978 0.002741
v -0.036083 0.397881 0.002995
v -0.036083 0.350527 -0.003778
v -0.044133 0.408073 0.002488
v -0.036083 0.418074 0.002488
v -0.043745 0.393574 -0.000894
v -0.044133 0.370830 -0.012866
v -0.025991 0.350586 -0.142543
v -0.043745 0.393574 -0.024358
v -0.044083 0.398307 -0.012387
v -0.044133 0.408073 -0.027241
v -0.016083 0.350586 -0.152084
v -0.043745 0.417652 -0.012376
v -0.036083 0.418074 -0.027241
v -0.028422 0.417556 -0.012123
v -0.006178 0.350586 -0.142543
v -0.028034 0.407671 -0.027568
v -0.028422 0.393786 -0.024676
v -0.016086 0.350586 0.117879
v -0.028034 0.371041 -0.013183
v -0.028083 0.403458 -0.015197
v -0.028422 0.394092 -0.000630
v -0.006178 0.350586 0.127457
v -0.036083 0.370830 -0.003250
v -0.016083 0.350586 0.136995
v -0.036083 0.397881 -0.027769
v -0.045941 0.350527 -0.012876
v -0.036083 0.370830 -0.022482
v -0.016086 0.350586 -0.132967
v -0.025991 0.350586 0.127457
v -0.026226 0.350527 -0.012876
v -0.036083 0.350527 -0.021975
v -0.006230 0.360083 -0.132979
v -0.026043 0.360083 -0.132979
v -0.016190 0.369791 -0.132569
v -0.025991 0.360083 -0.152084
v -0.026481 0.370004 -0.142556
v -0.006178 0.360083 -0.152084
v -0.016083 0.370217 -0.152084
v -0.005793 0.370004 -0.142556
v -0.006299 0.393179 -0.132995
v -0.026112 0.393179 -0.132995
v -0.016247 0.397732 -0.132386
v -0.025993 0.402820 -0.152084
v -0.026522 0.407585 -0.142158
v -0.006179 0.402820 -0.152084
v -0.016110 0.417438 -0.152084
v -0.005834 0.407585 -0.142158
v -0.006864 0.398368 -0.128278
v -0.026678 0.398368 -0.128278
v -0.017398 0.397942 -0.123364
v -0.026610 0.417649 -0.137839
v -0.027741 0.408008 -0.123575
v -0.006797 0.417649 -0.137839
v -0.017395 0.418074 -0.123786
v -0.007053 0.408008 -0.123575
v -0.009800 0.398368 -0.114490
v -0.029613 0.398368 -0.114490
v -0.022123 0.397942 -0.105431
v -0.029613 0.417649 -0.114490
v -0.032467 0.408008 -0.105431
v -0.009800 0.417649 -0.114490
v -0.022123 0.418074 -0.105431
v -0.011779 0.408008 -0.105431
v -0.015308 0.398368 -0.096536
v -0.035121 0.398368 -0.096536
v -0.028320 0.397942 -0.087643
v -0.035121 0.417649 -0.096536
v -0.038664 0.408008 -0.087643
v -0.015308 0.417649 -0.096536
v -0.028320 0.418074 -0.087643
v -0.017976 0.408008 -0.087643
v -0.021145 0.398368 -0.078660
v -0.040958 0.398368 -0.078660
v -0.033699 0.397942 -0.069657
v -0.040958 0.417649 -0.078660
v -0.044043 0.408008 -0.069657
v -0.021145 0.417649 -0.078660
v -0.033699 0.418074 -0.069657
v -0.023355 0.408008 -0.069657
v -0.025018 0.398368 -0.060311
v -0.044831 0.398368 -0.060311
v -0.036034 0.397945 -0.050845
v -0.044831 0.417649 -0.060311
v -0.046329 0.408010 -0.050845
v -0.025018 0.417649 -0.060311
v -0.036034 0.418074 -0.050845
v -0.025740 0.408010 -0.050845
v -0.027299 0.398433 -0.039162
v -0.044868 0.398433 -0.039162
v -0.044868 0.417650 -0.039162
v -0.027299 0.417650 -0.039162
v -0.026112 0.393244 0.117850
v -0.016190 0.369794 0.117431
v -0.006299 0.393244 0.117850
v -0.016247 0.397858 0.117221
v -0.005793 0.370005 0.127444
v -0.006179 0.402821 0.136995
v -0.005834 0.407648 0.127026
v -0.016083 0.370217 0.136995
v -0.025993 0.402821 0.136995
v -0.016110 0.417438 0.136995
v -0.026481 0.370005 0.127444
v -0.026522 0.407648 0.127026
v -0.026043 0.360083 0.117867
v -0.006230 0.360083 0.117867
v -0.006178 0.360083 0.136995
v -0.025991 0.360083 0.136995
v -0.044868 0.398433 0.014409
v -0.036034 0.397945 0.026116
v -0.027299 0.398433 0.014409
v -0.025740 0.408010 0.026116
v -0.027299 0.417650 0.014409
v -0.036034 0.418074 0.026116
v -0.044868 0.417650 0.014409
v -0.046329 0.408010 0.026116
v -0.044831 0.398368 0.036118
v -0.033699 0.397942 0.046057
v -0.025018 0.398368 0.036118
v -0.023355 0.408008 0.046057
v -0.025018 0.417649 0.036118
v -0.033699 0.418074 0.046057
v -0.044831 0.417649 0.036118
v -0.044043 0.408008 0.046057
v -0.040958 0.398368 0.056340
v -0.028320 0.397942 0.066643
v -0.021145 0.398368 0.056340
v -0.017976 0.408008 0.066643
v -0.021145 0.417649 0.056340
v -0.028320 0.418074 0.066643
v -0.040958 0.417649 0.056340
v -0.038664 0.408008 0.066643
v -0.035121 0.398368 0.077036
v -0.022123 0.397942 0.087426
v -0.015308 0.398368 0.077036
v -0.011779 0.408008 0.087426
v -0.015308 0.417649 0.077036
v -0.022123 0.418074 0.087426
v -0.035121 0.417649 0.077036
v -0.032467 0.408008 0.087426
v -0.029613 0.398368 0.097653
v -0.017398 0.397945 0.107642
v -0.009800 0.398368 0.097653
v -0.007053 0.408010 0.107854
v -0.009800 0.417649 0.097653
v -0.017395 0.418074 0.108066
v -0.029613 0.417649 0.097653
v -0.027741 0.408010 0.107854
v -0.026678 0.398433 0.112859
v -0.006864 0.398433 0.112859
v -0.006797 0.417650 0.122453
v -0.026610 0.417650 0.122453
v -0.044868 0.360583 -0.003778
v -0.027299 0.360583 -0.003778
v -0.027299 0.360583 -0.021975
v -0.044868 0.360583 -0.021975
v -0.028083 0.398574 -0.020126
v -0.028083 0.405824 -0.006376
v -0.016702 0.418074 -0.138050
v -0.027081 0.408008 -0.133058
v -0.016772 0.397942 -0.128067
v -0.005802 0.398000 -0.142558
v -0.016083 0.403033 -0.152084
v -0.026490 0.398000 -0.142558
v -0.016208 0.392967 -0.132573
v -0.005766 0.360083 -0.142550
v -0.016083 0.360083 -0.152084
v -0.026454 0.360083 -0.142550
v -0.016137 0.360083 -0.132556
v -0.036083 0.350083 -0.012876
v -0.044083 0.408074 -0.012376
v -0.036083 0.393574 -0.024876
v -0.036083 0.393574 -0.000376
v -0.036083 0.418074 -0.012376
v -0.016083 0.350167 -0.142543
v -0.016083 0.350167 0.127457
v -0.044083 0.393574 -0.012626
v -0.006393 0.408008 -0.133058
v -0.019706 0.397942 -0.114490
v -0.030050 0.408008 -0.114490
v -0.019706 0.418074 -0.114490
v -0.009362 0.408008 -0.114490
v -0.025215 0.397942 -0.096536
v -0.035559 0.408008 -0.096536
v -0.025215 0.418074 -0.096536
v -0.014871 0.408008 -0.096536
v -0.031051 0.397942 -0.078660
v -0.041395 0.408008 -0.078660
v -0.031051 0.418074 -0.078660
v -0.020707 0.408008 -0.078660
v -0.034924 0.397942 -0.060311
v -0.045268 0.408008 -0.060311
v -0.034924 0.418074 -0.060311
v -0.024580 0.408008 -0.060311
v -0.036083 0.398008 -0.039162
v -0.045255 0.408041 -0.039162
v -0.036083 0.418074 -0.039162
v -0.026911 0.408041 -0.039162
v -0.016208 0.393033 0.117427
v -0.005802 0.398033 0.127442
v -0.016083 0.403033 0.136995
v -0.026490 0.398033 0.127442
v -0.016137 0.360083 0.117444
v -0.005766 0.360083 0.127450
v -0.016083 0.360083 0.136995
v -0.026454 0.360083 0.127450
v -0.036083 0.398008 0.014409
v -0.026911 0.408041 0.014409
v -0.036083 0.418074 0.014409
v -0.045255 0.408041 0.014409
v -0.034924 0.397942 0.036118
v -0.024580 0.408008 0.036118
v -0.034924 0.418074 0.036118
v -0.045268 0.408008 0.036118
v -0.031051 0.397942 0.056340
v -0.020707 0.408008 0.056340
v -0.031051 0.418074 0.056340
v -0.041395 0.408008 0.056340
v -0.025215 0.397942 0.077036
v -0.014871 0.408008 0.077036
v -0.025215 0.418074 0.077036
v -0.035559 0.408008 0.077036
v -0.019706 0.397942 0.097653
v -0.009362 0.408008 0.097653
v -0.019706 0.418074 0.097653
v -0.030050 0.408008 0.097653
v -0.016772 0.398008 0.112648
v -0.006393 0.408041 0.117656
v -0.016702 0.418074 0.122665
v -0.027081 0.408041 0.117656
v -0.036083 0.360583 -0.003376
v -0.026911 0.360583 -0.012876
v -0.036083 0.360583 -0.022376
v -0.045255 0.360583 -0.012876
v 0.030337 0.376146 -0.178588
v 0.050151 0.376146 -0.178588
v 0.050019 0.395019 -0.205064
v 0.030206 0.395019 -0.205064
v 0.049775 0.346793 0.165852
v 0.030399 0.346793 0.165852
v 0.030396 0.346793 0.191805
v 0.049771 0.346793 0.191805
v 0.050151 0.376270 0.165228
v 0.030337 0.376270 0.165228
v 0.030206 0.395022 0.191805
v 0.050019 0.395022 0.191805
v 0.030399 0.346793 -0.179109
v 0.049775 0.346793 -0.179109
v 0.049771 0.346793 -0.205064
v 0.030396 0.346793 -0.205064
v 0.069700 0.346747 -0.001734
v 0.050467 0.346747 -0.001734
v 0.050467 0.346747 -0.026164
v 0.069700 0.346747 -0.026164
v 0.030281 0.365798 -0.178852
v 0.050094 0.365798 -0.178852
v 0.049992 0.366205 -0.205064
v 0.030179 0.366205 -0.205064
v 0.031491 0.376365 -0.165647
v 0.051305 0.376365 -0.165647
v 0.051302 0.395646 -0.166202
v 0.031489 0.395646 -0.166202
v 0.036217 0.376365 -0.141015
v 0.056030 0.376365 -0.141015
v 0.056030 0.395646 -0.141015
v 0.036217 0.395646 -0.141015
v 0.042414 0.376365 -0.116595
v 0.062227 0.376365 -0.116595
v 0.062227 0.395646 -0.116595
v 0.042414 0.395646 -0.116595
v 0.047793 0.376365 -0.091902
v 0.067606 0.376365 -0.091902
v 0.067606 0.395646 -0.091902
v 0.047793 0.395646 -0.091902
v 0.050175 0.376368 -0.066076
v 0.069894 0.376368 -0.066076
v 0.069894 0.395646 -0.066076
v 0.050175 0.395646 -0.066076
v 0.052374 0.376293 -0.034383
v 0.067874 0.376237 -0.033622
v 0.067793 0.395649 -0.033669
v 0.052293 0.395335 -0.033239
v 0.050094 0.365800 0.165529
v 0.030281 0.365800 0.165529
v 0.030179 0.366205 0.191805
v 0.049992 0.366205 0.191805
v 0.067874 0.376237 0.007076
v 0.052374 0.376306 0.007826
v 0.052374 0.395645 0.007159
v 0.067793 0.395649 0.007144
v 0.069894 0.376368 0.039583
v 0.050175 0.376368 0.039583
v 0.050175 0.395646 0.039583
v 0.069894 0.395646 0.039583
v 0.067606 0.376365 0.066959
v 0.047793 0.376365 0.066959
v 0.047793 0.395646 0.066959
v 0.067606 0.395646 0.066959
v 0.062227 0.376365 0.095221
v 0.042414 0.376365 0.095221
v 0.042414 0.395646 0.095221
v 0.062227 0.395646 0.095221
v 0.056030 0.376365 0.123754
v 0.036217 0.376365 0.123754
v 0.036217 0.395646 0.123754
v 0.056030 0.395646 0.123754
v 0.051305 0.376368 0.151520
v 0.031491 0.376368 0.151520
v 0.031489 0.395646 0.152077
v 0.051302 0.395646 0.152077
v 0.067793 0.366827 -0.001291
v 0.052293 0.367330 -0.001661
v 0.052374 0.366836 -0.026597
v 0.067793 0.366827 -0.026578
v 0.052034 0.385975 0.007492
v 0.060083 0.375879 0.007841
v 0.060083 0.346525 -0.001458
v 0.068133 0.386071 0.007144
v 0.060083 0.396072 0.007144
v 0.067745 0.371572 0.002501
v 0.068133 0.366827 -0.013935
v 0.049991 0.346583 -0.191966
v 0.067745 0.371572 -0.029712
v 0.068083 0.376305 -0.013277
v 0.068133 0.386071 -0.033669
v 0.040083 0.346583 -0.205064
v 0.067745 0.395649 -0.013263
v 0.060083 0.396072 -0.033669
v 0.052422 0.395554 -0.012914
v 0.030178 0.346583 -0.191966
v 0.052034 0.385669 -0.034119
v 0.052422 0.371783 -0.030148
v 0.040086 0.346583 0.165562
v 0.052034 0.367038 -0.014370
v 0.052083 0.381456 -0.017135
v 0.052422 0.372090 0.002864
v 0.030178 0.346583 0.178711
v 0.060083 0.366827 -0.000733
v 0.040083 0.346583 0.191805
v 0.060083 0.375879 -0.034395
v 0.069941 0.346525 -0.013949
v 0.060083 0.366827 -0.027137
v 0.040086 0.346583 -0.178818
v 0.049991 0.346583 0.178711
v 0.050226 0.346525 -0.013949
v 0.060083 0.346525 -0.026440
v 0.030230 0.356081 -0.178835
v 0.050043 0.356081 -0.178835
v 0.040190 0.365788 -0.178272
v 0.049991 0.356081 -0.205064
v 0.050481 0.366001 -0.191983
v 0.030178 0.356081 -0.205064
v 0.040083 0.366214 -0.205064
v 0.029793 0.366001 -0.191983
v 0.030299 0.371177 -0.178858
v 0.050112 0.371177 -0.178858
v 0.040247 0.375729 -0.178021
v 0.049993 0.380818 -0.205064
v 0.050522 0.385583 -0.191437
v 0.030179 0.380818 -0.205064
v 0.040110 0.395436 -0.205064
v 0.029834 0.385583 -0.191437
v 0.030864 0.376365 -0.172381
v 0.050678 0.376365 -0.172381
v 0.041398 0.375940 -0.165634
v 0.050610 0.395646 -0.185507
v 0.051741 0.386006 -0.165924
v 0.030797 0.395646 -0.185507
v 0.041395 0.396072 -0.166214
v 0.031053 0.386006 -0.165924
v 0.033800 0.376365 -0.153452
v 0.053613 0.376365 -0.153452
v 0.046123 0.375940 -0.141015
v 0.053613 0.395646 -0.153452
v 0.056467 0.386006 -0.141015
v 0.033800 0.395646 -0.153452
v 0.046123 0.396072 -0.141015
v 0.035779 0.386006 -0.141015
v 0.039308 0.376365 -0.128803
v 0.059121 0.376365 -0.128803
v 0.052320 0.375940 -0.116595
v 0.059121 0.395646 -0.128803
v 0.062664 0.386006 -0.116595
v 0.039308 0.395646 -0.128803
v 0.052320 0.396072 -0.116595
v 0.041976 0.386006 -0.116595
v 0.045145 0.376365 -0.104262
v 0.064958 0.376365 -0.104262
v 0.057699 0.375940 -0.091902
v 0.064958 0.395646 -0.104262
v 0.068043 0.386006 -0.091902
v 0.045145 0.395646 -0.104262
v 0.057699 0.396072 -0.091902
v 0.047355 0.386006 -0.091902
v 0.049018 0.376365 -0.079070
v 0.068831 0.376365 -0.079070
v 0.060034 0.375942 -0.066076
v 0.068831 0.395646 -0.079070
v 0.070329 0.386007 -0.066076
v 0.049018 0.395646 -0.079070
v 0.060034 0.396072 -0.066076
v 0.049740 0.386007 -0.066076
v 0.051299 0.376430 -0.050036
v 0.068868 0.376430 -0.050036
v 0.068868 0.395648 -0.050036
v 0.051299 0.395648 -0.050036
v 0.050112 0.371242 0.165523
v 0.040190 0.365791 0.164947
v 0.030299 0.371242 0.165523
v 0.040247 0.375856 0.164659
v 0.029793 0.366003 0.178694
v 0.030179 0.380819 0.191805
v 0.029834 0.385646 0.178120
v 0.040083 0.366214 0.191805
v 0.049993 0.380819 0.191805
v 0.040110 0.395436 0.191805
v 0.050481 0.366003 0.178694
v 0.050522 0.385646 0.178120
v 0.050043 0.356081 0.165546
v 0.030230 0.356081 0.165546
v 0.030178 0.356081 0.191805
v 0.049991 0.356081 0.191805
v 0.068868 0.376430 0.023511
v 0.060034 0.375942 0.039583
v 0.051299 0.376430 0.023511
v 0.049740 0.386007 0.039583
v 0.051299 0.395648 0.023511
v 0.060034 0.396072 0.039583
v 0.068868 0.395648 0.023511
v 0.070329 0.386007 0.039583
v 0.068831 0.376365 0.053314
v 0.057699 0.375940 0.066959
v 0.049018 0.376365 0.053314
v 0.047355 0.386006 0.066959
v 0.049018 0.395646 0.053314
v 0.057699 0.396072 0.066959
v 0.068831 0.395646 0.053314
v 0.068043 0.386006 0.066959
v 0.064958 0.376365 0.081076
v 0.052320 0.375940 0.095221
v 0.045145 0.376365 0.081076
v 0.041976 0.386006 0.095221
v 0.045145 0.395646 0.081076
v 0.052320 0.396072 0.095221
v 0.064958 0.395646 0.081076
v 0.062664 0.386006 0.095221
v 0.059121 0.376365 0.109489
v 0.046123 0.375940 0.123754
v 0.039308 0.376365 0.109489
v 0.035779 0.386006 0.123754
v 0.039308 0.395646 0.109489
v 0.046123 0.396072 0.123754
v 0.059121 0.395646 0.109489
v 0.056467 0.386006 0.123754
v 0.053613 0.376365 0.137794
v 0.041398 0.375942 0.151508
v 0.033800 0.376365 0.137794
v 0.031053 0.386007 0.151799
v 0.033800 0.395646 0.137794
v 0.041395 0.396072 0.152090
v 0.053613 0.395646 0.137794
v 0.051741 0.386007 0.151799
v 0.050678 0.376430 0.158671
v 0.030864 0.376430 0.158671
v 0.030797 0.395648 0.171841
v 0.050610 0.395648 0.171841
v 0.068868 0.356581 -0.001458
v 0.051299 0.356581 -0.001458
v 0.051299 0.356581 -0.026440
v 0.068868 0.356581 -0.026440
v 0.052083 0.376572 -0.023902
v 0.052083 0.383822 -0.005025
v 0.040702 0.396072 -0.185797
v 0.051081 0.386006 -0.178944
v 0.040772 0.375940 -0.172091
v 0.029802 0.375997 -0.191986
v 0.040083 0.381030 -0.205064
v 0.050490 0.375997 -0.191986
v 0.040208 0.370964 -0.178278
v 0.029766 0.356081 -0.191974
v 0.040083 0.356081 -0.205064
v 0.050454 0.356081 -0.191974
v 0.040137 0.356081 -0.178255
v 0.060083 0.346081 -0.013949
v 0.068083 0.386072 -0.013263
v 0.060083 0.371572 -0.030424
v 0.060083 0.371572 0.003212
v 0.060083 0.396072 -0.013263
v 0.040083 0.346164 -0.191965
v 0.040083 0.346164 0.178711
v 0.068083 0.371572 -0.013606
v 0.030393 0.386006 -0.178944
v 0.043706 0.375940 -0.153452
v 0.054050 0.386006 -0.153452
v 0.043706 0.396072 -0.153452
v 0.033362 0.386006 -0.153452
v 0.049215 0.375940 -0.128803
v 0.059559 0.386006 -0.128803
v 0.049215 0.396072 -0.128803
v 0.038871 0.386006 -0.128803
v 0.055051 0.375940 -0.104262
v 0.065395 0.386006 -0.104262
v 0.055051 0.396072 -0.104262
v 0.044707 0.386006 -0.104262
v 0.058924 0.375940 -0.079070
v 0.069268 0.386006 -0.079070
v 0.058924 0.396072 -0.079070
v 0.048580 0.386006 -0.079070
v 0.060083 0.376006 -0.050036
v 0.069255 0.386039 -0.050036
v 0.060083 0.396072 -0.050036
v 0.050911 0.386039 -0.050036
v 0.040208 0.371030 0.164941
v 0.029802 0.376030 0.178691
v 0.040083 0.381030 0.191805
v 0.050490 0.376030 0.178691
v 0.040137 0.356081 0.164965
v 0.029766 0.356081 0.178702
v 0.040083 0.356081 0.191805
v 0.050454 0.356081 0.178702
v 0.060083 0.376006 0.023511
v 0.050911 0.386039 0.023511
v 0.060083 0.396072 0.023511
v 0.069255 0.386039 0.023511
v 0.058924 0.375940 0.053314
v 0.048580 0.386006 0.053314
v 0.058924 0.396072 0.053314
v 0.069268 0.386006 0.053314
v 0.055051 0.375940 0.081076
v 0.044707 0.386006 0.081076
v 0.055051 0.396072 0.081076
v 0.065395 0.386006 0.081076
v 0.049215 0.375940 0.109489
v 0.038871 0.386006 0.109489
v 0.049215 0.396072 0.109489
v 0.059559 0.386006 0.109489
v 0.043706 0.375940 0.137794
v 0.033362 0.386006 0.137794
v 0.043706 0.396072 0.137794
v 0.054050 0.386006 0.137794
v 0.040772 0.376006 0.158380
v 0.030393 0.386039 0.165256
v 0.040702 0.396072 0.172132
v 0.051081 0.386039 0.165256
v 0.060083 0.356581 -0.000907
v 0.050911 0.356581 -0.013949
v 0.060083 0.356581 -0.026991
v 0.069255 0.356581 -0.013949
v -0.030337 0.376146 -0.178588
v -0.050151 0.376146 -0.178588
v -0.050019 0.395019 -0.205064
v -0.030206 0.395019 -0.205064
v -0.049775 0.346793 0.165852
v -0.030399 0.346793 0.165852
v -0.030396 0.346793 0.191805
v -0.049771 0.346793 0.191805
v -0.050151 0.376270 0.165228
v -0.030337 0.376270 0.165228
v -0.030206 0.395022 0.191805
v -0.050019 0.395022 0.191805
v -0.030399 0.346793 -0.179109
v -0.049775 0.346793 -0.179109
v -0.049771 0.346793 -0.205064
v -0.030396 0.346793 -0.205064
v -0.069700 0.346747 -0.001734
v -0.050467 0.346747 -0.001734
v -0.050467 0.346747 -0.026164
v -0.069700 0.346747 -0.026164
v -0.030281 0.365798 -0.178852
v -0.050094 0.365798 -0.178852
v -0.049992 0.366205 -0.205064
v -0.030179 0.366205 -0.205064
v -0.031491 0.376365 -0.165647
v -0.051305 0.376365 -0.165647
v -0.051302 0.395646 -0.166202
v -0.031489 0.395646 -0.166202
v -0.036217 0.376365 -0.141015
v -0.056030 0.376365 -0.141015
v -0.056030 0.395646 -0.141015
v -0.036217 0.395646 -0.141015
v -0.042414 0.376365 -0.116595
v -0.062227 0.376365 -0.116595
v -0.062227 0.395646 -0.116595
v -0.042414 0.395646 -0.116595
v -0.047793 0.376365 -0.091902
v -0.067606 0.376365 -0.091902
v -0.067606 0.395646 -0.091902
v -0.047793 0.395646 -0.091902
v -0.050175 0.376368 -0.066076
v -0.069894 0.376368 -0.066076
v -0.069894 0.395646 -0.066076
v -0.050175 0.395646 -0.066076
v -0.052374 0.376293 -0.034383
v -0.067874 0.376237 -0.033622
v -0.067793 0.395649 -0.033669
v -0.052293 0.395335 -0.033239
v -0.050094 0.365800 0.165529
v -0.030281 0.365800 0.165529
v -0.030179 0.366205 0.191805
v -0.049992 0.366205 0.191805
v -0.067874 0.376237 0.007076
v -0.052374 0.376306 0.007826
v -0.052374 0.395645 0.007159
v -0.067793 0.395649 0.007144
v -0.069894 0.376368 0.039583
v -0.050175 0.376368 0.039583
v -0.050175 0.395646 0.039583
v -0.069894 0.395646 0.039583
v -0.067606 0.376365 0.066959
v -0.047793 0.376365 0.066959
v -0.047793 0.395646 0.066959
v -0.067606 0.395646 0.066959
v -0.062227 0.376365 0.095221
v -0.042414 0.376365 0.095221
v -0.042414 0.395646 0.095221
v -0.062227 0.395646 0.095221
v -0.056030 0.376365 0.123754
v -0.036217 0.376365 0.123754
v -0.036217 0.395646 0.123754
v -0.056030 0.395646 0.123754
v -0.051305 0.376368 0.151520
v -0.031491 0.376368 0.151520
v -0.031489 0.395646 0.152077
v -0.051302 0.395646 0.152077
v -0.067793 0.366827 -0.001291
v -0.052293 0.367330 -0.001661
v -0.052374 0.366836 -0.026597
v -0.067793 0.366827 -0.026578
v -0.052034 0.385975 0.007492
v -0.060083 0.375879 0.007841
v -0.060083 0.346525 -0.001458
v -0.068133 0.386071 0.007144
v -0.060083 0.396072 0.007144
v -0.067745 0.371572 0.002501
v -0.068133 0.366827 -0.013935
v -0.049991 0.346583 -0.191966
v -0.067745 0.371572 -0.029712
v -0.068083 0.376305 -0.013277
v -0.068133 0.386071 -0.033669
v -0.040083 0.346583 -0.205064
v -0.067745 0.395649 -0.013263
v -0.060083 0.396072 -0.033669
v -0.052422 0.395554 -0.012914
v -0.030178 0.346583 -0.191966
v -0.052034 0.385669 -0.034119
v -0.052422 0.371783 -0.030148
v -0.040086 0.346583 0.165562
v -0.052034 0.367038 -0.014370
v -0.052083 0.381456 -0.017135
v -0.052422 0.372090 0.002864
v -0.030178 0.346583 0.178711
v -0.060083 0.366827 -0.000733
v -0.040083 0.346583 0.191805
v -0.060083 0.375879 -0.034395
v -0.069941 0.346525 -0.013949
v -0.060083 0.366827 -0.027137
v -0.040086 0.346583 -0.178818
v -0.049991 0.346583 0.178711
v -0.050226 0.346525 -0.013949
v -0.060083 0.346525 -0.026440
v -0.030230 0.356081 -0.178835
v -0.050043 0.356081 -0.178835
v -0.040190 0.365788 -0.178272
v -0.049991 0.356081 -0.205064
v -0.050481 0.366001 -0.191983
v -0.030178 0.356081 -0.205064
v -0.040083 0.366214 -0.205064
v -0.029793 0.366001 -0.191983
v -0.030299 0.371177 -0.178858
v -0.050112 0.371177 -0.178858
v -0.040247 0.375729 -0.178021
v -0.049993 0.380818 -0.205064
v -0.050522 0.385583 -0.191437
v -0.030179 0.380818 -0.205064
v -0.040110 0.395436 -0.205064
v -0.029834 0.385583 -0.191437
v -0.030864 0.376365 -0.172381
v -0.050678 0.376365 -0.172381
v -0.041398 0.375940 -0.165634
v -0.050610 0.395646 -0.185507
v -0.051741 0.386006 -0.165924
v -0.030797 0.395646 -0.185507
v -0.041395 0.396072 -0.166214
v -0.031053 0.386006 -0.165924
v -0.033800 0.376365 -0.153452
v -0.053613 0.376365 -0.153452
v -0.046123 0.375940 -0.141015
v -0.053613 0.395646 -0.153452
v -0.056467 0.386006 -0.141015
v -0.033800 0.395646 -0.153452
v -0.046123 0.396072 -0.141015
v -0.035779 0.386006 -0.141015
v -0.039308 0.376365 -0.128803
v -0.059121 0.376365 -0.128803
v -0.052320 0.375940 -0.116595
v -0.059121 0.395646 -0.128803
v -0.062664 0.386006 -0.116595
v -0.039308 0.395646 -0.128803
v -0.052320 0.396072 -0.116595
v -0.041976 0.386006 -0.116595
v -0.045145 0.376365 -0.104262
v -0.064958 0.376365 -0.104262
v -0.057699 0.375940 -0.091902
v -0.064958 0.395646 -0.104262
v -0.068043 0.386006 -0.091902
v -0.045145 0.395646 -0.104262
v -0.057699 0.396072 -0.091902
v -0.047355 0.386006 -0.091902
v -0.049018 0.376365 -0.079070
v -0.068831 0.376365 -0.079070
v -0.060034 0.375942 -0.066076
v -0.068831 0.395646 -0.079070
v -0.070329 0.386007 -0.066076
v -0.049018 0.395646 -0.079070
v -0.060034 0.396072 -0.066076
v -0.049740 0.386007 -0.066076
v -0.051299 0.376430 -0.050036
v -0.068868 0.376430 -0.050036
v -0.068868 0.395648 -0.050036
v -0.051299 0.395648 -0.050036
v -0.050112 0.371242 0.165523
v -0.040190 0.365791 0.164947
v -0.030299 0.371242 0.165523
v -0.040247 0.375856 0.164659
v -0.029793 0.366003 0.178694
v -0.030179 0.380819 0.191805
v -0.029834 0.385646 0.178120
v -0.040083 0.366214 0.191805
v -0.049993 0.380819 0.191805
v -0.040110 0.395436 0.191805
v -0.050481 0.366003 0.178694
v -0.050522 0.385646 0.178120
v -0.050043 0.356081 0.165546
v -0.030230 0.356081 0.165546
v -0.030178 0.356081 0.191805
v -0.049991 0.356081 0.191805
v -0.068868 0.376430 0.023511
v -0.060034 0.375942 0.039583
v -0.051299 0.376430 0.023511
v -0.049740 0.386007 0.039583
v -0.051299 0.395648 0.023511
v -0.060034 0.396072 0.039583
v -0.068868 0.395648 0.023511
v -0.070329 0.386007 0.039583
v -0.068831 0.376365 0.053314
v -0.057699 0.375940 0.066959
v -0.049018 0.376365 0.053314
v -0.047355 0.386006 0.066959
v -0.049018 0.395646 0.053314
v -0.057699 0.396072 0.066959
v -0.068831 0.395646 0.053314
v -0.068043 0.386006 0.066959
v -0.064958 0.376365 0.081076
v -0.052320 0.375940 0.095221
v -0.045145 0.376365 0.081076
v -0.041976 0.386006 0.095221
v -0.045145 0.395646 0.081076
v -0.052320 0.396072 0.095221
v -0.064958 0.395646 0.081076
v -0.062664 0.386006 0.095221
v -0.059121 0.376365 0.109489
v -0.046123 0.375940 0.123754
v -0.039308 0.376365 0.109489
v -0.035779 0.386006 0.123754
v -0.039308 0.395646 0.109489
v -0.046123 0.396072 0.123754
v -0.059121 0.395646 0.109489
v -0.056467 0.386006 0.123754
v -0.053613 0.376365 0.137794
v -0.041398 0.375942 0.151508
v -0.033800 0.376365 0.137794
v -0.031053 0.386007 0.151799
v -0.033800 0.395646 0.137794
v -0.041395 0.396072 0.152090
v -0.053613 0.395646 0.137794
v -0.051741 0.386007 0.151799
v -0.050678 0.376430 0.158671
v -0.030864 0.376430 0.158671
v -0.030797 0.395648 0.171841
v -0.050610 0.395648 0.171841
v -0.068868 0.356581 -0.001458
v -0.051299 0.356581 -0.001458
v -0.051299 0.356581 -0.026440
v -0.068868 0.356581 -0.026440
v -0.052083 0.376572 -0.023902
v -0.052083 0.383822 -0.005025
v -0.040702 0.396072 -0.185797
v -0.051081 0.386006 -0.178944
v -0.040772 0.375940 -0.172091
v -0.029802 0.375997 -0.191986
v -0.040083 0.381030 -0.205064
v -0.050490 0.375997 -0.191986
v -0.040208 0.370964 -0.178278
v -0.029766 0.356081 -0.191974
v -0.040083 0.356081 -0.205064
v -0.050454 0.356081 -0.191974
v -0.040137 0.356081 -0.178255
v -0.060083 0.346081 -0.013949
v -0.068083 0.386072 -0.013263
v -0.060083 0.371572 -0.030424
v -0.060083 0.371572 0.003212
v -0.060083 0.396072 -0.013263
v -0.040083 0.346164 -0.191965
v -0.040083 0.346164 0.178711
v -0.068083 0.371572 -0.013606
v -0.030393 0.386006 -0.178944
v -0.043706 0.375940 -0.153452
v -0.054050 0.386006 -0.153452
v -0.043706 0.396072 -0.153452
v -0.033362 0.386006 -0.153452
v -0.049215 0.375940 -0.128803
v -0.059559 0.386006 -0.128803
v -0.049215 0.396072 -0.128803
v -0.038871 0.386006 -0.128803
v -0.055051 0.375940 -0.104262
v -0.065395 0.386006 -0.104262
v -0.055051 0.396072 -0.104262
v -0.044707 0.386006 -0.104262
v -0.058924 0.375940 -0.079070
v -0.069268 0.386006 -0.079070
v -0.058924 0.396072 -0.079070
v -0.048580 0.386006 -0.079070
v -0.060083 0.376006 -0.050036
v -0.069255 0.386039 -0.050036
v -0.060083 0.396072 -0.050036
v -0.050911 0.386039 -0.050036
v -0.040208 0.371030 0.164941
v -0.029802 0.376030 0.178691
v -0.040083 0.381030 0.191805
v -0.050490 0.376030 0.178691
v -0.040137 0.356081 0.164965
v -0.029766 0.356081 0.178702
v -0.040083 0.356081 0.191805
v -0.050454 0.356081 0.178702
v -0.060083 0.376006 0.023511
v -0.050911 0.386039 0.023511
v -0.060083 0.396072 0.023511
v -0.069255 0.386039 0.023511
v -0.058924 0.375940 0.053314
v -0.048580 0.386006 0.053314
v -0.058924 0.396072 0.053314
v -0.069268 0.386006 0.053314
v -0.055051 0.375940 0.081076
v -0.044707 0.386006 0.081076
v -0.055051 0.396072 0.081076
v -0.065395 0.386006 0.081076
v -0.049215 0.375940 0.109489
v -0.038871 0.386006 0.109489
v -0.049215 0.396072 0.109489
v -0.059559 0.386006 0.109489
v -0.043706 0.375940 0.137794
v -0.033362 0.386006 0.137794
v -0.043706 0.396072 0.137794
v -0.054050 0.386006 0.137794
v -0.040772 0.376006 0.158380
v -0.030393 0.386039 0.165256
v -0.040702 0.396072 0.172132
v -0.051081 0.386039 0.165256
v -0.060083 0.356581 -0.000907
v -0.050911 0.356581 -0.013949
v -0.060083 0.356581 -0.026991
v -0.069255 0.356581 -0.013949
v 0.051589 0.377596 0.159394
v 0.052038 0.412404 0.159394
v 0.051589 0.377596 -0.185394
v 0.052038 0.412404 -0.185394
v 0.065388 0.377596 0.167683
v 0.065553 0.412404 0.167683
v 0.065388 0.377596 -0.193683
v 0.065553 0.412404 -0.193683
v 0.051681 0.381463 0.159394
v 0.051763 0.385331 0.159394
v 0.051835 0.389199 0.159394
v 0.051896 0.393066 0.159394
v 0.051947 0.396934 0.159394
v 0.051986 0.400802 0.159394
v 0.052015 0.404669 0.159394
v 0.052032 0.408537 0.159394
v 0.052032 0.408537 -0.185394
v 0.052015 0.404669 -0.185394
v 0.051986 0.400802 -0.185394
v 0.051947 0.396934 -0.185394
v 0.051896 0.393066 -0.185394
v 0.051835 0.389199 -0.185394
v 0.051763 0.385331 -0.185394
v 0.051681 0.381463 -0.185394
v 0.060445 0.377596 -0.145343
v 0.071003 0.377596 -0.103868
v 0.077075 0.377596 -0.057906
v 0.079557 0.377596 -0.013000
v 0.077075 0.377596 0.031906
v 0.071003 0.377596 0.077868
v 0.060445 0.377596 0.119343
v 0.060712 0.412404 0.119343
v 0.071052 0.412404 0.077868
v 0.076987 0.412404 0.031906
v 0.079367 0.412404 -0.013000
v 0.076987 0.412404 -0.057906
v 0.071052 0.412404 -0.103868
v 0.060712 0.412404 -0.145343
v 0.074414 0.377596 0.126048
v 0.084635 0.377596 0.080540
v 0.093197 0.377596 0.031763
v 0.107331 0.377596 -0.013000
v 0.093197 0.377596 -0.057763
v 0.084635 0.377596 -0.106540
v 0.074414 0.377596 -0.152048
v 0.074393 0.412404 -0.152048
v 0.084403 0.412404 -0.106540
v 0.092777 0.412404 -0.057763
v 0.106568 0.412404 -0.013000
v 0.092777 0.412404 0.031763
v 0.084403 0.412404 0.080540
v 0.074393 0.412404 0.126048
v 0.074410 0.381463 -0.152048
v 0.084587 0.381463 -0.106540
v 0.093111 0.381463 -0.057763
v 0.107174 0.381463 -0.013000
v 0.093111 0.381463 0.031763
v 0.084587 0.381463 0.080540
v 0.074410 0.381463 0.126048
v 0.074406 0.385331 -0.152048
v 0.084545 0.385331 -0.106540
v 0.093034 0.385331 -0.057763
v 0.107035 0.385331 -0.013000
v 0.093034 0.385331 0.031763
v 0.084545 0.385331 0.080540
v 0.074406 0.385331 0.126048
v 0.074403 0.389199 -0.152048
v 0.084508 0.389199 -0.106540
v 0.092967 0.389199 -0.057763
v 0.106913 0.389199 -0.013000
v 0.092967 0.389199 0.031763
v 0.084508 0.389199 0.080540
v 0.074403 0.389199 0.126048
v 0.074400 0.393066 -0.152048
v 0.084476 0.393066 -0.106540
v 0.092910 0.393066 -0.057763
v 0.106809 0.393066 -0.013000
v 0.092910 0.393066 0.031763
v 0.084476 0.393066 0.080540
v 0.074400 0.393066 0.126048
v 0.074397 0.396934 -0.152048
v 0.084450 0.396934 -0.106540
v 0.092863 0.396934 -0.057763
v 0.106723 0.396934 -0.013000
v 0.092863 0.396934 0.031763
v 0.084450 0.396934 0.080540
v 0.074397 0.396934 0.126048
v 0.074395 0.400802 -0.152048
v 0.084429 0.400802 -0.106540
v 0.092825 0.400802 -0.057763
v 0.106656 0.400802 -0.013000
v 0.092825 0.400802 0.031763
v 0.084429 0.400802 0.080540
v 0.074395 0.400802 0.126048
v 0.074394 0.404669 -0.152048
v 0.084415 0.404669 -0.106540
v 0.092799 0.404669 -0.057763
v 0.106607 0.404669 -0.013000
v 0.092799 0.404669 0.031763
v 0.084415 0.404669 0.080540
v 0.074394 0.404669 0.126048
v 0.074393 0.408537 -0.152048
v 0.084406 0.408537 -0.106540
v 0.092782 0.408537 -0.057763
v 0.106578 0.408537 -0.013000
v 0.092782 0.408537 0.031763
v 0.084406 0.408537 0.080540
v 0.074393 0.408537 0.126048
v 0.060500 0.381463 0.119343
v 0.071013 0.381463 0.077868
v 0.077055 0.381463 0.031906
v 0.101044 0.393066 -0.035381
v 0.077055 0.381463 -0.057906
v 0.071013 0.381463 -0.103868
v 0.060500 0.381463 -0.145343
v 0.060548 0.385331 0.119343
v 0.071022 0.385331 0.077868
v 0.077036 0.385331 0.031906
v 0.101129 0.389199 -0.035381
v 0.077036 0.385331 -0.057906
v 0.071022 0.385331 -0.103868
v 0.060548 0.385331 -0.145343
v 0.060591 0.389199 0.119343
v 0.071029 0.389199 0.077868
v 0.077017 0.389199 0.031906
v 0.101228 0.385331 -0.035381
v 0.077017 0.389199 -0.057906
v 0.071029 0.389199 -0.103868
v 0.060591 0.389199 -0.145343
v 0.060627 0.393066 0.119343
v 0.071036 0.393066 0.077868
v 0.076999 0.393066 0.031906
v 0.101342 0.381463 -0.035381
v 0.076999 0.393066 -0.057906
v 0.071036 0.393066 -0.103868
v 0.060627 0.393066 -0.145343
v 0.060657 0.396934 0.119343
v 0.071042 0.396934 0.077868
v 0.076989 0.396934 0.031906
v 0.100847 0.412404 -0.035381
v 0.076989 0.396934 -0.057906
v 0.071042 0.396934 -0.103868
v 0.060657 0.396934 -0.145343
v 0.060681 0.400802 0.119343
v 0.071046 0.400802 0.077868
v 0.076988 0.400802 0.031906
v 0.101470 0.377596 -0.035381
v 0.076988 0.400802 -0.057906
v 0.071046 0.400802 -0.103868
v 0.060681 0.400802 -0.145343
v 0.060698 0.404669 0.119343
v 0.071049 0.404669 0.077868
v 0.076987 0.404669 0.031906
v 0.078059 0.412404 -0.035453
v 0.076987 0.404669 -0.057906
v 0.071049 0.404669 -0.103868
v 0.060698 0.404669 -0.145343
v 0.060708 0.408537 0.119343
v 0.071051 0.408537 0.077868
v 0.076987 0.408537 0.031906
v 0.078203 0.377596 -0.035453
v 0.076987 0.408537 -0.057906
v 0.071051 0.408537 -0.103868
v 0.060708 0.408537 -0.145343
v 0.056683 0.377553 -0.057906
v 0.045866 0.377553 -0.013000
v 0.056683 0.377553 0.031906
v 0.056595 0.412361 0.031906
v 0.045676 0.412361 -0.013000
v 0.056595 0.412361 -0.057906
v 0.056665 0.381421 0.031906
v 0.045827 0.381421 -0.013000
v 0.056665 0.381421 -0.057906
v 0.056649 0.385288 0.031906
v 0.045792 0.385288 -0.013000
v 0.056648 0.385288 -0.057906
v 0.056634 0.389156 0.031906
v 0.045762 0.389156 -0.013000
v 0.056634 0.389156 -0.057906
v 0.056622 0.393023 0.031906
v 0.045736 0.393023 -0.013000
v 0.056622 0.393023 -0.057906
v 0.056612 0.396891 0.031906
v 0.045714 0.396891 -0.013000
v 0.056612 0.396891 -0.057906
v 0.056605 0.400759 0.031906
v 0.045698 0.400759 -0.013000
v 0.056605 0.400759 -0.057906
v 0.056599 0.404626 0.031906
v 0.045686 0.404626 -0.013000
v 0.056599 0.404626 -0.057906
v 0.056596 0.408494 0.031906
v 0.045678 0.408494 -0.013000
v 0.056596 0.408494 -0.057906
v 0.100974 0.396934 -0.035381
v 0.100918 0.400802 -0.035381
v 0.100879 0.404669 -0.035381
v 0.100855 0.408537 -0.035381
v 0.049385 0.377553 -0.035453
v 0.049242 0.412361 -0.035453
v 0.049356 0.381421 -0.035453
v 0.049329 0.385288 -0.035453
v 0.049306 0.389156 -0.035453
v 0.049287 0.393023 -0.035453
v 0.049271 0.396891 -0.035453
v 0.049258 0.400759 -0.035453
v 0.049249 0.404626 -0.035453
v 0.049243 0.408494 -0.035453
v 0.078203 0.377596 0.009453
v 0.078059 0.412404 0.009453
v 0.101470 0.377596 0.009381
v 0.100847 0.412404 0.009381
v 0.101342 0.381463 0.009381
v 0.101228 0.385331 0.009381
v 0.101129 0.389199 0.009381
v 0.101044 0.393066 0.009381
v 0.100974 0.396934 0.009381
v 0.100918 0.400802 0.009381
v 0.100879 0.404669 0.009381
v 0.100855 0.408537 0.009381
v 0.049385 0.377553 0.009453
v 0.049242 0.412361 0.009453
v 0.049356 0.381421 0.009453
v 0.049329 0.385288 0.009453
v 0.049306 0.389156 0.009453
v 0.049287 0.393023 0.009453
v 0.049271 0.396891 0.009453
v 0.049258 0.400759 0.009453
v 0.049249 0.404626 0.009453
v 0.049243 0.408494 0.009453
v 0.066451 0.408537 -0.189443
v 0.065547 0.406603 -0.193683
v 0.063902 0.408537 -0.192672
v 0.065552 0.410471 -0.193683
v 0.065547 0.406603 -0.193683
v 0.066445 0.404669 -0.189443
v 0.065539 0.402735 -0.193683
v 0.063895 0.404669 -0.192673
v 0.066436 0.400802 -0.189444
v 0.065526 0.398868 -0.193683
v 0.063884 0.400802 -0.192674
v 0.065539 0.402735 -0.193683
v 0.065526 0.398868 -0.193683
v 0.066423 0.396934 -0.189443
v 0.065510 0.395000 -0.193683
v 0.063869 0.396934 -0.192675
v 0.066407 0.393066 -0.189444
v 0.065489 0.391133 -0.193683
v 0.063849 0.393066 -0.192677
v 0.065510 0.395000 -0.193683
v 0.065489 0.391132 -0.193683
v 0.066387 0.389199 -0.189443
v 0.065465 0.387265 -0.193683
v 0.063825 0.389199 -0.192679
v 0.066363 0.385331 -0.189444
v 0.065437 0.383397 -0.193683
v 0.063798 0.385331 -0.192681
v 0.065465 0.387265 -0.193683
v 0.065437 0.383397 -0.193683
v 0.066337 0.381463 -0.189443
v 0.065405 0.379530 -0.193683
v 0.063766 0.381463 -0.192684
v 0.065547 0.406603 0.167683
v 0.066451 0.408537 0.163443
v 0.065552 0.410471 0.167683
v 0.063902 0.408537 0.166672
v 0.066445 0.404669 0.163443
v 0.065547 0.406603 0.167683
v 0.063895 0.404669 0.166673
v 0.065539 0.402735 0.167683
v 0.065526 0.398868 0.167683
v 0.066436 0.400802 0.163444
v 0.065539 0.402735 0.167683
v 0.063884 0.400802 0.166674
v 0.066423 0.396934 0.163443
v 0.065526 0.398868 0.167683
v 0.063869 0.396934 0.166675
v 0.065510 0.395000 0.167683
v 0.065489 0.391133 0.167683
v 0.066407 0.393066 0.163444
v 0.065510 0.395000 0.167683
v 0.063849 0.393066 0.166677
v 0.066387 0.389199 0.163443
v 0.065489 0.391132 0.167683
v 0.063825 0.389199 0.166679
v 0.065465 0.387265 0.167683
v 0.065437 0.383397 0.167683
v 0.066363 0.385331 0.163444
v 0.065465 0.387265 0.167683
v 0.063798 0.385331 0.166681
v 0.066337 0.381463 0.163443
v 0.065437 0.383397 0.167683
v 0.063766 0.381463 0.166684
v 0.065405 0.379530 0.167683
v 0.078395 0.408539 -0.164955
v 0.080192 0.406603 -0.165802
v 0.078394 0.404671 -0.164955
v 0.080192 0.406603 -0.165802
v 0.078391 0.400806 -0.164963
v 0.080187 0.398869 -0.165811
v 0.078389 0.396938 -0.164963
v 0.080187 0.398869 -0.165811
v 0.078383 0.393073 -0.164977
v 0.080178 0.391134 -0.165826
v 0.078380 0.389206 -0.164976
v 0.080178 0.391134 -0.165826
v 0.078372 0.385340 -0.164996
v 0.080165 0.383399 -0.165847
v 0.078368 0.381473 -0.164995
v 0.080165 0.383399 -0.165847
v 0.078395 0.408539 0.138955
v 0.080192 0.406603 0.139802
v 0.078394 0.404671 0.138955
v 0.080192 0.406603 0.139802
v 0.078391 0.400806 0.138963
v 0.080187 0.398869 0.139811
v 0.078389 0.396938 0.138963
v 0.080187 0.398869 0.139811
v 0.078383 0.393073 0.138977
v 0.080178 0.391134 0.139826
v 0.078380 0.389206 0.138976
v 0.080178 0.391134 0.139826
v 0.078372 0.385340 0.138996
v 0.080165 0.383399 0.139847
v 0.078368 0.381473 0.138995
v 0.080165 0.383399 0.139847
v 0.080518 0.381481 0.129038
v 0.082405 0.383417 0.129453
v 0.082405 0.383417 0.129453
v 0.080514 0.385349 0.129038
v 0.080514 0.389212 0.129019
v 0.082403 0.391148 0.129431
v 0.082403 0.391148 0.129431
v 0.080511 0.393079 0.129019
v 0.080512 0.396942 0.129006
v 0.082401 0.398877 0.129416
v 0.082401 0.398877 0.129416
v 0.080510 0.400810 0.129006
v 0.080510 0.404673 0.128998
v 0.082400 0.406607 0.129407
v 0.082400 0.406607 0.129407
v 0.080509 0.408540 0.128998
v 0.082405 0.383417 -0.155453
v 0.080518 0.381481 -0.155038
v 0.092626 0.383564 -0.109637
v 0.090750 0.381610 -0.109259
v 0.100893 0.383703 -0.061881
v 0.099055 0.381732 -0.061382
v 0.107132 0.381847 -0.039541
v 0.108921 0.383833 -0.040122
v 0.115462 0.383916 -0.013000
v 0.113544 0.381918 -0.013000
v 0.107132 0.381847 0.013541
v 0.108921 0.383833 0.014122
v 0.100893 0.383703 0.035881
v 0.099055 0.381732 0.035382
v 0.092626 0.383564 0.083637
v 0.090750 0.381610 0.083259
v 0.080514 0.385349 -0.155038
v 0.082405 0.383417 -0.155453
v 0.090708 0.385478 -0.109260
v 0.092626 0.383564 -0.109637
v 0.098980 0.385599 -0.061374
v 0.100893 0.383703 -0.061881
v 0.108921 0.383834 -0.040122
v 0.107016 0.385714 -0.039548
v 0.113406 0.385786 -0.013000
v 0.115462 0.383919 -0.013000
v 0.108921 0.383834 0.014122
v 0.107016 0.385714 0.013548
v 0.098980 0.385599 0.035374
v 0.100893 0.383703 0.035881
v 0.090708 0.385478 0.083260
v 0.092626 0.383564 0.083637
v 0.082403 0.391148 -0.155431
v 0.080514 0.389212 -0.155019
v 0.092557 0.391257 -0.109617
v 0.090675 0.389308 -0.109242
v 0.100768 0.391361 -0.061853
v 0.098919 0.389399 -0.061356
v 0.106929 0.389485 -0.039513
v 0.108735 0.391458 -0.040090
v 0.115222 0.391520 -0.013000
v 0.113287 0.389538 -0.013000
v 0.106929 0.389485 0.013513
v 0.108735 0.391458 0.014090
v 0.100768 0.391361 0.035853
v 0.098919 0.389399 0.035356
v 0.092557 0.391257 0.083617
v 0.090675 0.389308 0.083242
v 0.080511 0.393079 -0.155019
v 0.082403 0.391148 -0.155431
v 0.090643 0.393176 -0.109242
v 0.092557 0.391257 -0.109617
v 0.098863 0.393267 -0.061350
v 0.100768 0.391361 -0.061853
v 0.108735 0.391459 -0.040090
v 0.106843 0.393352 -0.039519
v 0.113184 0.393406 -0.013000
v 0.115222 0.391521 -0.013000
v 0.108735 0.391459 0.014090
v 0.106843 0.393352 0.013519
v 0.098863 0.393267 0.035350
v 0.100768 0.391361 0.035853
v 0.090643 0.393176 0.083242
v 0.092557 0.391257 0.083617
v 0.082401 0.398877 -0.155416
v 0.080512 0.396942 -0.155006
v 0.092507 0.398949 -0.109602
v 0.090619 0.397005 -0.109229
v 0.100679 0.399016 -0.061833
v 0.098820 0.397064 -0.061337
v 0.106782 0.397119 -0.039494
v 0.108604 0.399079 -0.040066
v 0.115053 0.399119 -0.013000
v 0.113100 0.397154 -0.013000
v 0.106782 0.397119 0.013494
v 0.108604 0.399079 0.014066
v 0.100679 0.399016 0.035833
v 0.098820 0.397064 0.035337
v 0.092507 0.398949 0.083602
v 0.090619 0.397005 0.083229
v 0.080510 0.400810 -0.155006
v 0.082401 0.398877 -0.155416
v 0.090599 0.400873 -0.109230
v 0.092507 0.398949 -0.109602
v 0.098784 0.400931 -0.061334
v 0.100679 0.399016 -0.061833
v 0.108604 0.399079 -0.040066
v 0.106726 0.400987 -0.039497
v 0.113033 0.401022 -0.013000
v 0.115053 0.399120 -0.013000
v 0.108604 0.399079 0.014066
v 0.106726 0.400987 0.013497
v 0.098784 0.400931 0.035334
v 0.100679 0.399016 0.035833
v 0.090599 0.400873 0.083230
v 0.092507 0.398949 0.083602
v 0.082400 0.406607 -0.155407
v 0.080510 0.404673 -0.154998
v 0.092480 0.406638 -0.109594
v 0.090586 0.404700 -0.109222
v 0.100629 0.406667 -0.061821
v 0.098760 0.404726 -0.061326
v 0.106692 0.404750 -0.039483
v 0.108530 0.406695 -0.040053
v 0.114958 0.406713 -0.013000
v 0.112986 0.404765 -0.013000
v 0.106692 0.404750 0.013483
v 0.108530 0.406695 0.014053
v 0.100629 0.406667 0.035821
v 0.098760 0.404726 0.035326
v 0.092480 0.406638 0.083594
v 0.090586 0.404700 0.083222
v 0.080509 0.408540 -0.154998
v 0.082400 0.406607 -0.155407
v 0.090577 0.408568 -0.109223
v 0.092480 0.406638 -0.109594
v 0.098744 0.408593 -0.061325
v 0.100629 0.406668 -0.061821
v 0.108530 0.406695 -0.040053
v 0.106667 0.408618 -0.039485
v 0.112957 0.408633 -0.013000
v 0.114958 0.406713 -0.013000
v 0.108530 0.406695 0.014053
v 0.106667 0.408618 0.013485
v 0.098744 0.408593 0.035325
v 0.100629 0.406668 0.035821
v 0.090577 0.408568 0.083223
v 0.092480 0.406638 0.083594
v -0.051589 0.377596 0.159394
v -0.052038 0.412404 0.159394
v -0.051589 0.377596 -0.185394
v -0.052038 0.412404 -0.185394
v -0.065388 0.377596 0.167683
v -0.065553 0.412404 0.167683
v -0.065388 0.377596 -0.193683
v -0.065553 0.412404 -0.193683
v -0.051681 0.381463 0.159394
v -0.051763 0.385331 0.159394
v -0.051835 0.389199 0.159394
v -0.051896 0.393066 0.159394
v -0.051947 0.396934 0.159394
v -0.051986 0.400802 0.159394
v -0.052015 0.404669 0.159394
v -0.052032 0.408537 0.159394
v -0.052032 0.408537 -0.185394
v -0.052015 0.404669 -0.185394
v -0.051986 0.400802 -0.185394
v -0.051947 0.396934 -0.185394
v -0.051896 0.393066 -0.185394
v -0.051835 0.389199 -0.185394
v -0.051763 0.385331 -0.185394
v -0.051681 0.381463 -0.185394
v -0.060445 0.377596 -0.145343
v -0.071003 0.377596 -0.103868
v -0.077075 0.377596 -0.057906
v -0.079557 0.377596 -0.013000
v -0.077075 0.377596 0.031906
v -0.071003 0.377596 0.077868
v -0.060445 0.377596 0.119343
v -0.060712 0.412404 0.119343
v -0.071052 0.412404 0.077868
v -0.076987 0.412404 0.031906
v -0.079367 0.412404 -0.013000
v -0.076987 0.412404 -0.057906
v -0.071052 0.412404 -0.103868
v -0.060712 0.412404 -0.145343
v -0.074414 0.377596 0.126048
v -0.084635 0.377596 0.080540
v -0.093197 0.377596 0.031763
v -0.107331 0.377596 -0.013000
v -0.093197 0.377596 -0.057763
v -0.084635 0.377596 -0.106540
v -0.074414 0.377596 -0.152048
v -0.074393 0.412404 -0.152048
v -0.084403 0.412404 -0.106540
v -0.092777 0.412404 -0.057763
v -0.106568 0.412404 -0.013000
v -0.092777 0.412404 0.031763
v -0.084403 0.412404 0.080540
v -0.074393 0.412404 0.126048
v -0.074410 0.381463 -0.152048
v -0.084587 0.381463 -0.106540
v -0.093111 0.381463 -0.057763
v -0.107174 0.381463 -0.013000
v -0.093111 0.381463 0.031763
v -0.084587 0.381463 0.080540
v -0.074410 0.381463 0.126048
v -0.074406 0.385331 -0.152048
v -0.084545 0.385331 -0.106540
v -0.093034 0.385331 -0.057763
v -0.107035 0.385331 -0.013000
v -0.093034 0.385331 0.031763
v -0.084545 0.385331 0.080540
v -0.074406 0.385331 0.126048
v -0.074403 0.389199 -0.152048
v -0.084508 0.389199 -0.106540
v -0.092967 0.389199 -0.057763
v -0.106913 0.389199 -0.013000
v -0.092967 0.389199 0.031763
v -0.084508 0.389199 0.080540
v -0.074403 0.389199 0.126048
v -0.074400 0.393066 -0.152048
v -0.084476 0.393066 -0.106540
v -0.092910 0.393066 -0.057763
v -0.106809 0.393066 -0.013000
v -0.092910 0.393066 0.031763
v -0.084476 0.393066 0.080540
v -0.074400 0.393066 0.126048
v -0.074397 0.396934 -0.152048
v -0.084450 0.396934 -0.106540
v -0.092863 0.396934 -0.057763
v -0.106723 0.396934 -0.013000
v -0.092863 0.396934 0.031763
v -0.084450 0.396934 0.080540
v -0.074397 0.396934 0.126048
v -0.074395 0.400802 -0.152048
v -0.084429 0.400802 -0.106540
v -0.092825 0.400802 -0.057763
v -0.106656 0.400802 -0.013000
v -0.092825 0.400802 0.031763
v -0.084429 0.400802 0.080540
v -0.074395 0.400802 0.126048
v -0.074394 0.404669 -0.152048
v -0.084415 0.404669 -0.106540
v -0.092799 0.404669 -0.057763
v -0.106607 0.404669 -0.013000
v -0.092799 0.404669 0.031763
v -0.084415 0.404669 0.080540
v -0.074394 0.404669 0.126048
v -0.074393 0.408537 -0.152048
v -0.084406 0.408537 -0.106540
v -0.092782 0.408537 -0.057763
v -0.106578 0.408537 -0.013000
v -0.092782 0.408537 0.031763
v -0.084406 0.408537 0.080540
v -0.074393 0.408537 0.126048
v -0.060500 0.381463 0.119343
v -0.071013 0.381463 0.077868
v -0.077055 0.381463 0.031906
v -0.101044 0.393066 -0.035381
v -0.077055 0.381463 -0.057906
v -0.071013 0.381463 -0.103868
v -0.060500 0.381463 -0.145343
v -0.060548 0.385331 0.119343
v -0.071022 0.385331 0.077868
v -0.077036 0.385331 0.031906
v -0.101129 0.389199 -0.035381
v -0.077036 0.385331 -0.057906
v -0.071022 0.385331 -0.103868
v -0.060548 0.385331 -0.145343
v -0.060591 0.389199 0.119343
v -0.071029 0.389199 0.077868
v -0.077017 0.389199 0.031906
v -0.101228 0.385331 -0.035381
v -0.077017 0.389199 -0.057906
v -0.071029 0.389199 -0.103868
v -0.060591 0.389199 -0.145343
v -0.060627 0.393066 0.119343
v -0.071036 0.393066 0.077868
v -0.076999 0.393066 0.031906
v -0.101342 0.381463 -0.035381
v -0.076999 0.393066 -0.057906
v -0.071036 0.393066 -0.103868
v -0.060627 0.393066 -0.145343
v -0.060657 0.396934 0.119343
v -0.071042 0.396934 0.077868
v -0.076989 0.396934 0.031906
v -0.100847 0.412404 -0.035381
v -0.076989 0.396934 -0.057906
v -0.071042 0.396934 -0.103868
v -0.060657 0.396934 -0.145343
v -0.060681 0.400802 0.119343
v -0.071046 0.400802 0.077868
v -0.076988 0.400802 0.031906
v -0.101470 0.377596 -0.035381
v -0.076988 0.400802 -0.057906
v -0.071046 0.400802 -0.103868
v -0.060681 0.400802 -0.145343
v -0.060698 0.404669 0.119343
v -0.071049 0.404669 0.077868
v -0.076987 0.404669 0.031906
v -0.078059 0.412404 -0.035453
v -0.076987 0.404669 -0.057906
v -0.071049 0.404669 -0.103868
v -0.060698 0.404669 -0.145343
v -0.060708 0.408537 0.119343
v -0.071051 0.408537 0.077868
v -0.076987 0.408537 0.031906
v -0.078203 0.377596 -0.035453
v -0.076987 0.408537 -0.057906
v -0.071051 0.408537 -0.103868
v -0.060708 0.408537 -0.145343
v -0.056683 0.377553 -0.057906
v -0.045866 0.377553 -0.013000
v -0.056683 0.377553 0.031906
v -0.056595 0.412361 0.031906
v -0.045676 0.412361 -0.013000
v -0.056595 0.412361 -0.057906
v -0.056665 0.381421 0.031906
v -0.045827 0.381421 -0.013000
v -0.056665 0.381421 -0.057906
v -0.056649 0.385288 0.031906
v -0.045792 0.385288 -0.013000
v -0.056648 0.385288 -0.057906
v -0.056634 0.389156 0.031906
v -0.045762 0.389156 -0.013000
v -0.056634 0.389156 -0.057906
v -0.056622 0.393023 0.031906
v -0.045736 0.393023 -0.013000
v -0.056622 0.393023 -0.057906
v -0.056612 0.396891 0.031906
v -0.045714 0.396891 -0.013000
v -0.056612 0.396891 -0.057906
v -0.056605 0.400759 0.031906
v -0.045698 0.400759 -0.013000
v -0.056605 0.400759 -0.057906
v -0.056599 0.404626 0.031906
v -0.045686 0.404626 -0.013000
v -0.056599 0.404626 -0.057906
v -0.056596 0.408494 0.031906
v -0.045678 0.408494 -0.013000
v -0.056596 0.408494 -0.057906
v -0.100974 0.396934 -0.035381
v -0.100918 0.400802 -0.035381
v -0.100879 0.404669 -0.035381
v -0.100855 0.408537 -0.035381
v -0.049385 0.377553 -0.035453
v -0.049242 0.412361 -0.035453
v -0.049356 0.381421 -0.035453
v -0.049329 0.385288 -0.035453
v -0.049306 0.389156 -0.035453
v -0.049287 0.393023 -0.035453
v -0.049271 0.396891 -0.035453
v -0.049258 0.400759 -0.035453
v -0.049249 0.404626 -0.035453
v -0.049243 0.408494 -0.035453
v -0.078203 0.377596 0.009453
v -0.078059 0.412404 0.009453
v -0.101470 0.377596 0.009381
v -0.100847 0.412404 0.009381
v -0.101342 0.381463 0.009381
v -0.101228 0.385331 0.009381
v -0.101129 0.389199 0.009381
v -0.101044 0.393066 0.009381
v -0.100974 0.396934 0.009381
v -0.100918 0.400802 0.009381
v -0.100879 0.404669 0.009381
v -0.100855 0.408537 0.009381
v -0.049385 0.377553 0.009453
v -0.049242 0.412361 0.009453
v -0.049356 0.381421 0.009453
v -0.049329 0.385288 0.009453
v -0.049306 0.389156 0.009453
v -0.049287 0.393023 0.009453
v -0.049271 0.396891 0.009453
v -0.049258 0.400759 0.009453
v -0.049249 0.404626 0.009453
v -0.049243 0.408494 0.009453
v -0.066451 0.408537 -0.189443
v -0.065547 0.406603 -0.193683
v -0.063902 0.408537 -0.192672
v -0.065552 0.410471 -0.193683
v -0.065547 0.406603 -0.193683
v -0.066445 0.404669 -0.189443
v -0.065539 0.402735 -0.193683
v -0.063895 0.404669 -0.192673
v -0.066436 0.400802 -0.189444
v -0.065526 0.398868 -0.193683
v -0.063884 0.400802 -0.192674
v -0.065539 0.402735 -0.193683
v -0.065526 0.398868 -0.193683
v -0.066423 0.396934 -0.189443
v -0.065510 0.395000 -0.193683
v -0.063869 0.396934 -0.192675
v -0.066407 0.393066 -0.189444
v -0.065489 0.391133 -0.193683
v -0.063849 0.393066 -0.192677
v -0.065510 0.395000 -0.193683
v -0.065489 0.391132 -0.193683
v -0.066387 0.389199 -0.189443
v -0.065465 0.387265 -0.193683
v -0.063825 0.389199 -0.192679
v -0.066363 0.385331 -0.189444
v -0.065437 0.383397 -0.193683
v -0.063798 0.385331 -0.192681
v -0.065465 0.387265 -0.193683
v -0.065437 0.383397 -0.193683
v -0.066337 0.381463 -0.189443
v -0.065405 0.379530 -0.193683
v -0.063766 0.381463 -0.192684
v -0.065547 0.406603 0.167683
v -0.066451 0.408537 0.163443
v -0.065552 0.410471 0.167683
v -0.063902 0.408537 0.166672
v -0.066445 0.404669 0.163443
v -0.065547 0.406603 0.167683
v -0.063895 0.404669 0.166673
v -0.065539 0.402735 0.167683
v -0.065526 0.398868 0.167683
v -0.066436 0.400802 0.163444
v -0.065539 0.402735 0.167683
v -0.063884 0.400802 0.166674
v -0.066423 0.396934 0.163443
v -0.065526 0.398868 0.167683
v -0.063869 0.396934 0.166675
v -0.065510 0.395000 0.167683
v -0.065489 0.391133 0.167683
v -0.066407 0.393066 0.163444
v -0.065510 0.395000 0.167683
v -0.063849 0.393066 0.166677
v -0.066387 0.389199 0.163443
v -0.065489 0.391132 0.167683
v -0.063825 0.389199 0.166679
v -0.065465 0.387265 0.167683
v -0.065437 0.383397 0.167683
v -0.066363 0.385331 0.163444
v -0.065465 0.387265 0.167683
v -0.063798 0.385331 0.166681
v -0.066337 0.381463 0.163443
v -0.065437 0.383397 0.167683
v -0.063766 0.381463 0.166684
v -0.065405 0.379530 0.167683
v -0.078395 0.408539 -0.164955
v -0.080192 0.406603 -0.165802
v -0.078394 0.404671 -0.164955
v -0.080192 0.406603 -0.165802
v -0.078391 0.400806 -0.164963
v -0.080187 0.398869 -0.165811
v -0.078389 0.396938 -0.164963
v -0.080187 0.398869 -0.165811
v -0.078383 0.393073 -0.164977
v -0.080178 0.391134 -0.165826
v -0.078380 0.389206 -0.164976
v -0.080178 0.391134 -0.165826
v -0.078372 0.385340 -0.164996
v -0.080165 0.383399 -0.165847
v -0.078368 0.381473 -0.164995
v -0.080165 0.383399 -0.165847
v -0.078395 0.408539 0.138955
v -0.080192 0.406603 0.139802
v -0.078394 0.404671 0.138955
v -0.080192 0.406603 0.139802
v -0.078391 0.400806 0.138963
v -0.080187 0.398869 0.139811
v -0.078389 0.396938 0.138963
v -0.080187 0.398869 0.139811
v -0.078383 0.393073 0.138977
v -0.080178 0.391134 0.139826
v -0.078380 0.389206 0.138976
v -0.080178 0.391134 0.139826
v -0.078372 0.385340 0.138996
v -0.080165 0.383399 0.139847
v -0.078368 0.381473 0.138995
v -0.080165 0.383399 0.139847
v -0.080518 0.381481 0.129038
v -0.082405 0.383417 0.129453
v -0.082405 0.383417 0.129453
v -0.080514 0.385349 0.129038
v -0.080514 0.389212 0.129019
v -0.082403 0.391148 0.129431
v -0.082403 0.391148 0.129431
v -0.080511 0.393079 0.129019
v -0.080512 0.396942 0.129006
v -0.082401 0.398877 0.129416
v -0.082401 0.398877 0.129416
v -0.080510 0.400810 0.129006
v -0.080510 0.404673 0.128998
v -0.082400 0.406607 0.129407
v -0.082400 0.406607 0.129407
v -0.080509 0.408540 0.128998
v -0.082405 0.383417 -0.155453
v -0.080518 0.381481 -0.155038
v -0.092626 0.383564 -0.109637
v -0.090750 0.381610 -0.109259
v -0.100893 0.383703 -0.061881
v -0.099055 0.381732 -0.061382
v -0.107132 0.381847 -0.039541
v -0.108921 0.383833 -0.040122
v -0.115462 0.383916 -0.013000
v -0.113544 0.381918 -0.013000
v -0.107132 0.381847 0.013541
v -0.108921 0.383833 0.014122
v -0.100893 0.383703 0.035881
v -0.099055 0.381732 0.035382
v -0.092626 0.383564 0.083637
v -0.090750 0.381610 0.083259
v -0.080514 0.385349 -0.155038
v -0.082405 0.383417 -0.155453
v -0.090708 0.385478 -0.109260
v -0.092626 0.383564 -0.109637
v -0.098980 0.385599 -0.061374
v -0.100893 0.383703 -0.061881
v -0.108921 0.383834 -0.040122
v -0.107016 0.385714 -0.039548
v -0.113406 0.385786 -0.013000
v -0.115462 0.383919 -0.013000
v -0.108921 0.383834 0.014122
v -0.107016 0.385714 0.013548
v -0.098980 0.385599 0.035374
v -0.100893 0.383703 0.035881
v -0.090708 0.385478 0.083260
v -0.092626 0.383564 0.083637
v -0.082403 0.391148 -0.155431
v -0.080514 0.389212 -0.155019
v -0.092557 0.391257 -0.109617
v -0.090675 0.389308 -0.109242
v -0.100768 0.391361 -0.061853
v -0.098919 0.389399 -0.061356
v -0.106929 0.389485 -0.039513
v -0.108735 0.391458 -0.040090
v -0.115222 0.391520 -0.013000
v -0.113287 0.389538 -0.013000
v -0.106929 0.389485 0.013513
v -0.108735 0.391458 0.014090
v -0.100768 0.391361 0.035853
v -0.098919 0.389399 0.035356
v -0.092557 0.391257 0.083617
v -0.090675 0.389308 0.083242
v -0.080511 0.393079 -0.155019
v -0.082403 0.391148 -0.155431
v -0.090643 0.393176 -0.109242
v -0.092557 0.391257 -0.109617
v -0.098863 0.393267 -0.061350
v -0.100768 0.391361 -0.061853
v -0.108735 0.391459 -0.040090
v -0.106843 0.393352 -0.039519
v -0.113184 0.393406 -0.013000
v -0.115222 0.391521 -0.013000
v -0.108735 0.391459 0.014090
v -0.106843 0.393352 0.013519
v -0.098863 0.393267 0.035350
v -0.100768 0.391361 0.035853
v -0.090643 0.393176 0.083242
v -0.092557 0.391257 0.083617
v -0.082401 0.398877 -0.155416
v -0.080512 0.396942 -0.155006
v -0.092507 0.398949 -0.109602
v -0.090619 0.397005 -0.109229
v -0.100679 0.399016 -0.061833
v -0.098820 0.397064 -0.061337
v -0.106782 0.397119 -0.039494
v -0.108604 0.399079 -0.040066
v -0.115053 0.399119 -0.013000
v -0.113100 0.397154 -0.013000
v -0.106782 0.397119 0.013494
v -0.108604 0.399079 0.014066
v -0.100679 0.399016 0.035833
v -0.098820 0.397064 0.035337
v -0.092507 0.398949 0.083602
v -0.090619 0.397005 0.083229
v -0.080510 0.400810 -0.155006
v -0.082401 0.398877 -0.155416
v -0.090599 0.400873 -0.109230
v -0.092507 0.398949 -0.109602
v -0.098784 0.400931 -0.061334
v -0.100679 0.399016 -0.061833
v -0.108604 0.399079 -0.040066
v -0.106726 0.400987 -0.039497
v -0.113033 0.401022 -0.013000
v -0.115053 0.399120 -0.013000
v -0.108604 0.399079 0.014066
v -0.106726 0.400987 0.013497
v -0.098784 0.400931 0.035334
v -0.100679 0.399016 0.035833
v -0.090599 0.400873 0.083230
v -0.092507 0.398949 0.083602
v -0.082400 0.406607 -0.155407
v -0.080510 0.404673 -0.154998
v -0.092480 0.406638 -0.109594
v -0.090586 0.404700 -0.109222
v -0.100629 0.406667 -0.061821
v -0.098760 0.404726 -0.061326
v -0.106692 0.404750 -0.039483
v -0.108530 0.406695 -0.040053
v -0.114958 0.406713 -0.013000
v -0.112986 0.404765 -0.013000
v -0.106692 0.404750 0.013483
v -0.108530 0.406695 0.014053
v -0.100629 0.406667 0.035821
v -0.098760 0.404726 0.035326
v -0.092480 0.406638 0.083594
v -0.090586 0.404700 0.083222
v -0.080509 0.408540 -0.154998
v -0.082400 0.406607 -0.155407
v -0.090577 0.408568 -0.109223
v -0.092480 0.406638 -0.109594
v -0.098744 0.408593 -0.061325
v -0.100629 0.406668 -0.061821
v -0.108530 0.406695 -0.040053
v -0.106667 0.408618 -0.039485
v -0.112957 0.408633 -0.013000
v -0.114958 0.406713 -0.013000
v -0.108530 0.406695 0.014053
v -0.106667 0.408618 0.013485
v -0.098744 0.408593 0.035325
v -0.100629 0.406668 0.035821
v -0.090577 0.408568 0.083223
v -0.092480 0.406638 0.083594
v -0.015847 0.324285 0.240000
v 0.016138 0.323535 0.240000
v -0.015097 0.356269 0.240000
v 0.016888 0.355519 0.240000
v -0.000000 0.090000 0.200000
v -0.000000 0.310000 0.200000
v -0.000000 0.090000 0.240000
v -0.000010 0.317286 0.240000
v -0.000000 0.070000 0.200000
v -0.000000 0.070000 0.220000
v -0.000000 0.040000 0.200000
v -0.000000 0.040000 0.220000
v 0.000000 0.380000 0.230000
v 0.001051 0.362519 0.240000
v -0.000000 0.140000 0.240000
v -0.000000 0.250000 0.240000
v -0.000000 0.140000 0.200000
v -0.000000 0.200000 0.200000
v -0.000000 0.250000 0.200000
v 0.023137 0.339372 0.240000
v -0.022096 0.340433 0.240000
v -0.000000 0.341667 0.215000
v 0.000153 0.318209 0.250000
v 0.016209 0.333530 0.250000
v -0.010833 0.323064 0.250000
v -0.010313 0.345251 0.250000
v 0.011354 0.322544 0.250000
v 0.011874 0.344731 0.250000
v 0.000889 0.349586 0.250000
v -0.015168 0.334266 0.250000
v -0.000084 0.334819 0.280000
v 0.000889 0.349586 0.280000
v 0.000153 0.318209 0.280000
v -0.015168 0.334266 0.280000
v 0.016209 0.333530 0.280000
v -0.010833 0.323064 0.280000
v -0.010313 0.345251 0.280000
v 0.011354 0.322544 0.280000
v 0.011874 0.344731 0.280000
v -0.094711 0.090000 0.240000
v -0.100000 0.090000 0.235083
v -0.094552 0.090000 0.200000
v -0.100000 0.090000 0.204863
v -0.074522 0.310000 0.200000
v -0.080000 0.310000 0.204928
v 0.085029 0.090000 0.240000
v 0.090000 0.090000 0.235047
v 0.090000 0.090000 0.204854
v 0.084783 0.090000 0.200000
v 0.084658 0.310000 0.200000
v 0.090000 0.310000 0.204906
v -0.070000 0.070000 0.215071
v -0.064719 0.070000 0.220000
v -0.064576 0.070000 0.200000
v -0.070000 0.070000 0.204858
v 0.065012 0.070000 0.220000
v 0.070000 0.070000 0.215028
v 0.070000 0.070000 0.204850
v 0.064782 0.070000 0.200000
v -0.064737 0.049248 0.220000
v -0.070000 0.050000 0.215075
v -0.070000 0.050000 0.204857
v -0.064600 0.049229 0.200000
v 0.070000 0.050000 0.215034
v 0.065019 0.049288 0.220000
v 0.064798 0.049257 0.200000
v 0.070000 0.050000 0.204849
v -0.023012 0.372330 0.230000
v -0.030000 0.370000 0.234962
v 0.025185 0.370000 0.234932
v 0.017245 0.373153 0.230000
v -0.120000 0.140000 0.235106
v -0.120000 0.200000 0.235123
v -0.080000 0.250000 0.235135
v -0.074545 0.250000 0.200000
v -0.080000 0.250000 0.204903
v -0.114570 0.200000 0.200000
v -0.120000 0.200000 0.204885
v -0.120000 0.140000 0.204872
v -0.114579 0.140000 0.200000
v 0.090000 0.250000 0.204886
v 0.084739 0.250000 0.200000
v 0.090000 0.200000 0.204871
v 0.084785 0.200000 0.200000
v 0.084800 0.140000 0.200000
v 0.090000 0.140000 0.204861
v 0.090000 0.250000 0.235121
v 0.090000 0.200000 0.235103
v 0.090000 0.140000 0.235079
v 0.057592 0.341667 0.219926
v 0.052109 0.341667 0.215000
v -0.055000 0.341667 0.219953
v -0.049465 0.341667 0.215000
v -0.074779 0.307941 0.240000
v -0.080000 0.310000 0.235143
v 0.000290 0.375181 0.240000
v 0.000000 0.380000 0.235151
v -0.030000 0.370000 0.235151
v -0.026149 0.366452 0.240000
v 0.057592 0.341667 0.235142
v 0.051353 0.341251 0.240000
v 0.090000 0.310000 0.235134
v -0.055000 0.341667 0.235148
v -0.048322 0.341416 0.240000
v 0.022958 0.366114 0.240000
v 0.025185 0.370000 0.235148
v -0.000000 0.310000 0.240000
v -0.114741 0.140000 0.240000
v -0.114746 0.200000 0.240000
v -0.074763 0.250000 0.240000
v 0.085092 0.308274 0.240000
v 0.085089 0.250000 0.240000
v 0.085078 0.200000 0.240000
v 0.085058 0.140000 0.240000
v 0.010000 0.200000 0.230000
v 0.015000 0.300000 0.235000
v 0.006219 0.303781 0.240000
v 0.010000 0.295000 0.235000
v -0.100000 0.155000 0.235000
v -0.105498 0.146270 0.240000
v -0.095000 0.150000 0.235000
v -0.100000 0.195000 0.235000
v -0.097000 0.204000 0.235000
v -0.105392 0.200000 0.240000
v -0.073000 0.236000 0.235000
v -0.065000 0.240000 0.235000
v -0.072026 0.244255 0.240000
v 0.070000 0.235000 0.235000
v 0.076026 0.243994 0.240000
v 0.070000 0.245000 0.235000
v 0.070000 0.205000 0.235000
v 0.070000 0.195000 0.235000
v 0.075918 0.200000 0.240000
v 0.065000 0.150000 0.235000
v 0.075883 0.146093 0.240000
v 0.070000 0.155000 0.235000
v 0.065000 0.300000 0.235000
v 0.070000 0.295000 0.235000
v 0.076217 0.303408 0.240000
v 0.005000 0.240000 0.235000
v 0.010000 0.245000 0.235000
v 0.005945 0.244055 0.240000
v 0.005000 0.150000 0.235000
v 0.006136 0.146136 0.240000
v 0.015000 0.150000 0.235000
v 0.005000 0.240000 0.235000
v 0.015000 0.235000 0.230000
v 0.010000 0.245000 0.235000
v 0.005000 0.150000 0.235000
v 0.015000 0.150000 0.235000
v 0.010000 0.155000 0.230000
v -0.100000 0.195000 0.235000
v -0.094512 0.200000 0.230000
v -0.097000 0.204000 0.235000
v 0.070000 0.235000 0.235000
v 0.070000 0.245000 0.235000
v 0.065000 0.240000 0.230000
v 0.070000 0.205000 0.235000
v 0.065000 0.200000 0.230000
v 0.070000 0.195000 0.235000
v 0.015000 0.300000 0.235000
v 0.010000 0.295000 0.235000
v 0.015000 0.295000 0.230000
v -0.100000 0.155000 0.235000
v -0.095000 0.150000 0.235000
v -0.094531 0.155000 0.230000
v -0.073000 0.236000 0.235000
v -0.068233 0.235000 0.230000
v -0.065000 0.240000 0.235000
v 0.065000 0.300000 0.235000
v 0.065000 0.295000 0.230000
v 0.070000 0.295000 0.235000
v 0.065000 0.150000 0.235000
v 0.070000 0.155000 0.235000
v 0.065000 0.155000 0.230000
v 0.001037 0.361411 0.250000
v 0.001051 0.362519 0.249197
v -0.022096 0.340433 0.249197
v -0.021480 0.339884 0.250000
v -0.000010 0.317286 0.249197
v 0.000011 0.317404 0.250000
v -0.015367 0.324168 0.250000
v -0.015847 0.324285 0.249197
v -0.015097 0.356269 0.249197
v -0.014684 0.355318 0.250000
v 0.023137 0.339372 0.249197
v 0.022520 0.338852 0.250000
v 0.015678 0.323440 0.250000
v 0.016138 0.323535 0.249197
v 0.016455 0.354587 0.250000
v 0.016888 0.355519 0.249197
vn 0.8736 0.4866 -0.0000
vn 0.9590 0.2834 -0.0000
vn 0.9861 0.1659 -0.0000
vn 0.9871 0.1602 -0.0000
vn 0.9487 0.3162 -0.0000
vn -0.8507 0.5257 -0.0000
vn -0.9487 0.3162 -0.0000
vn -0.0000 -0.9996 0.0266
vn -0.0000 -0.9986 0.0532
vn -0.8736 0.4866 -0.0000
vn -0.9590 0.2834 -0.0000
vn -0.9611 0.2761 -0.0000
vn -0.0000 -0.0000 -1.0000
vn -0.0000 -0.4472 -0.8944
vn -0.0000 -0.4477 -0.8942
vn 0.9388 -0.3443 0.0048
vn 0.9697 -0.2444 0.0024
vn 0.9705 -0.2410 0.0041
vn 0.9278 -0.3730 0.0097
vn -0.9388 -0.3444 -0.0059
vn -0.9845 -0.1752 -0.0031
vn -0.9905 -0.1371 -0.0044
vn -0.9276 -0.3734 -0.0120
vn -0.0000 -0.4472 0.8944
vn -0.0000 -0.1844 0.9828
vn -0.0000 -0.1941 0.9810
vn -0.0000 -0.2302 -0.9731
vn -0.0000 -0.2106 -0.9776
vn 0.9899 -0.1414 -0.0000
vn 0.9975 -0.0709 -0.0000
vn -1.0000 -0.0000 -0.0000
vn -0.0000 -0.0000 1.0000
vn 1.0000 -0.0000 -0.0000
vn 0.9820 -0.1891 -0.0000
vn -0.9820 -0.1891 -0.0000
vn 0.9285 -0.3714 -0.0000
vn -0.9285 -0.3714 -0.0000
vn 0.7071 0.7071 -0.0000
vn 0.8507 0.5257 -0.0000
vn -0.7071 0.7071 -0.0000
vn 0.9696 -0.2445 -0.0030
vn -0.9870 -0.1605 0.0042
vn -0.9846 -0.1751 0.0025
vn -0.9278 -0.3730 0.0097
vn -0.9388 -0.3443 0.0048
vn 0.9388 -0.3444 -0.0059
vn -0.0000 -0.9994 -0.0333
vn -0.9984 0.0565 -0.0000
vn -0.9861 0.1659 -0.0000
vn -0.9871 0.1602 -0.0000
vn -0.9808 0.1951 -0.0000
vn -0.0000 1.0000 -0.0000
vn -0.0000 -0.9978 -0.0665
vn 0.9276 -0.3734 -0.0120
vn 0.9739 -0.2268 -0.0044
vn -0.3536 0.1464 -0.9239
vn 0.6533 -0.2706 -0.7071
vn 0.8536 -0.3536 -0.3827
vn 0.9239 -0.3827 -0.0000
vn 0.8536 -0.3536 0.3827
vn 0.6533 -0.2706 0.7071
vn 0.3536 -0.1464 0.9239
vn -0.3536 0.1464 0.9239
vn -0.6533 0.2706 0.7071
vn -0.8536 0.3536 0.3827
vn -0.9239 0.3827 -0.0000
vn -0.8536 0.3536 -0.3827
vn -0.6533 0.2706 -0.7071
vn 0.3536 -0.1464 -0.9239
vn -0.3827 -0.9239 -0.0000
vn 0.5061 0.3884 -0.7701
vn 0.2114 0.5104 -0.8335
vn 0.4436 0.8784 -0.1778
vn 0.3755 0.9066 -0.1925
vn 0.3662 0.8840 -0.2907
vn 0.4689 0.8414 -0.2686
vn 0.3219 0.7771 -0.5409
vn 0.5131 0.6979 -0.4997
vn 0.2747 0.6633 -0.6961
vn 0.5209 0.5613 -0.6431
vn 0.2696 0.6508 -0.7098
vn 0.5205 0.5469 -0.6557
vn 0.7560 0.2849 -0.5894
vn 0.5013 0.8545 -0.1361
vn 0.5561 0.8053 -0.2056
vn 0.6752 0.6307 -0.3825
vn 0.7295 0.4749 -0.4922
vn 0.7333 0.4588 -0.5019
vn 0.9229 0.2157 -0.3190
vn 0.5398 0.8385 -0.0737
vn 0.6143 0.7812 -0.1112
vn 0.7836 0.5858 -0.2070
vn 0.8689 0.4171 -0.2664
vn 0.8754 0.3999 -0.2716
vn 0.9815 0.1915 -0.0000
vn 0.5534 0.8329 -0.0000
vn 0.6347 0.7727 -0.0000
vn 0.8216 0.5701 -0.0000
vn 0.9179 0.3969 -0.0000
vn 0.9253 0.3792 -0.0000
vn 0.9229 0.2157 0.3190
vn 0.5398 0.8385 0.0737
vn 0.6143 0.7812 0.1112
vn 0.7836 0.5858 0.2070
vn 0.8689 0.4171 0.2664
vn 0.8754 0.3999 0.2716
vn 0.7560 0.2849 0.5894
vn 0.5013 0.8545 0.1361
vn 0.5561 0.8053 0.2056
vn 0.6752 0.6307 0.3825
vn 0.7295 0.4749 0.4922
vn 0.7333 0.4588 0.5019
vn 0.5061 0.3884 0.7701
vn 0.4436 0.8784 0.1778
vn 0.4689 0.8414 0.2686
vn 0.5131 0.6979 0.4997
vn 0.5209 0.5613 0.6431
vn 0.5205 0.5469 0.6557
vn 0.2114 0.5104 0.8335
vn 0.3755 0.9066 0.1925
vn 0.3662 0.8840 0.2907
vn 0.3219 0.7771 0.5409
vn 0.2747 0.6633 0.6961
vn 0.2696 0.6508 0.7098
vn -0.0833 0.6325 0.7701
vn 0.3075 0.9348 0.1778
vn 0.2634 0.9266 0.2686
vn 0.1306 0.8563 0.4997
vn 0.0286 0.7652 0.6431
vn 0.0186 0.7548 0.6557
vn -0.3331 0.7360 0.5894
vn 0.2498 0.9587 0.1361
vn 0.1763 0.9626 0.2056
vn -0.0315 0.9234 0.3825
vn -0.1800 0.8516 0.4922
vn -0.1941 0.8429 0.5019
vn -0.5000 0.8051 0.3190
vn 0.2112 0.9747 0.0737
vn 0.1180 0.9868 0.1112
vn -0.1398 0.9683 0.2070
vn -0.3194 0.9094 0.2664
vn -0.3362 0.9018 0.2716
vn -0.5586 0.8294 -0.0000
vn 0.1977 0.9803 -0.0000
vn 0.0976 0.9952 -0.0000
vn -0.1778 0.9841 -0.0000
vn -0.3684 0.9297 -0.0000
vn -0.3862 0.9224 -0.0000
vn -0.5000 0.8051 -0.3190
vn 0.2112 0.9747 -0.0737
vn 0.1180 0.9868 -0.1112
vn -0.1398 0.9683 -0.2070
vn -0.3194 0.9094 -0.2664
vn -0.3362 0.9018 -0.2716
vn -0.3331 0.7360 -0.5894
vn 0.2498 0.9587 -0.1361
vn 0.1763 0.9626 -0.2056
vn -0.0315 0.9234 -0.3825
vn -0.1800 0.8516 -0.4922
vn -0.1941 0.8429 -0.5019
vn -0.0833 0.6325 -0.7701
vn 0.3075 0.9348 -0.1778
vn 0.2634 0.9266 -0.2686
vn 0.1306 0.8563 -0.4997
vn 0.0286 0.7652 -0.6431
vn 0.0186 0.7548 -0.6557
vn 0.3535 -0.1464 -0.9239
vn 0.2042 0.9623 -0.1796
vn 0.1534 0.9834 -0.0972
vn 0.2560 0.9651 -0.0550
vn 0.2848 0.9532 -0.1016
vn 0.4295 0.8932 -0.1328
vn 0.3787 0.9143 -0.1437
vn 0.3279 0.9353 -0.1328
vn 0.2459 0.9693 -0.0000
vn 0.2560 0.9651 0.0550
vn 0.2848 0.9532 0.1016
vn 0.3279 0.9353 0.1328
vn 0.3787 0.9143 0.1437
vn 0.4295 0.8932 0.1328
vn 0.4726 0.8754 0.1016
vn 0.5014 0.8635 0.0550
vn 0.5115 0.8593 -0.0000
vn 0.5014 0.8635 -0.0550
vn 0.4726 0.8754 -0.1016
vn 0.5360 0.8249 0.1796
vn 0.5869 0.8038 0.0972
vn 0.1355 0.9908 -0.0000
vn 0.6048 0.7964 -0.0000
vn 0.1534 0.9834 0.0972
vn 0.5869 0.8038 -0.0972
vn 0.2042 0.9623 0.1796
vn 0.5360 0.8249 -0.1796
vn 0.2803 0.9308 0.2346
vn 0.4599 0.8564 -0.2346
vn 0.3702 0.8936 0.2540
vn 0.3701 0.8936 -0.2540
vn 0.2804 0.9308 -0.2346
vn 0.4599 0.8564 0.2346
vn -0.3754 -0.9064 0.1938
vn -0.0000 -1.0000 -0.0000
vn -0.0000 -0.9810 0.1938
vn 0.6937 -0.6937 0.1938
vn 0.7071 -0.7071 -0.0000
vn 0.9064 -0.3754 0.1938
vn 0.9810 -0.0000 0.1938
vn 0.9239 0.3827 -0.0000
vn 0.9064 0.3754 0.1938
vn 0.6937 0.6937 0.1938
vn 0.3827 0.9239 -0.0000
vn 0.3754 0.9064 0.1938
vn -0.0000 0.9810 0.1938
vn -0.3827 0.9239 -0.0000
vn -0.3754 0.9064 0.1938
vn -0.6937 0.6937 0.1938
vn -0.9064 0.3754 0.1938
vn -0.9810 -0.0000 0.1938
vn -0.9239 -0.3827 -0.0000
vn -0.9064 -0.3754 0.1938
vn -0.7071 -0.7071 -0.0000
vn -0.6937 -0.6937 0.1938
vn 0.3754 -0.9064 0.1938
vn 0.3827 -0.9239 -0.0000
vn -0.0000 0.3572 -0.9340
vn 0.1367 0.3300 -0.9340
vn 0.1367 -0.3300 -0.9340
vn -0.0000 -0.3572 -0.9340
vn -0.1367 -0.3300 -0.9340
vn -0.1367 0.3300 -0.9340
vn 0.2526 -0.2526 -0.9340
vn -0.2526 0.2526 -0.9340
vn 0.3300 -0.1367 -0.9340
vn -0.3300 0.1367 -0.9340
vn 0.3572 -0.0000 -0.9340
vn -0.3572 -0.0000 -0.9340
vn 0.3300 0.1367 -0.9340
vn -0.3300 -0.1367 -0.9340
vn 0.2526 0.2526 -0.9340
vn -0.2526 -0.2526 -0.9340
vn 0.4522 -0.1873 0.8720
vn 0.3461 -0.3461 0.8720
vn 0.2933 0.7080 -0.6424
vn 0.5419 0.5419 -0.6424
vn -0.4522 0.1873 0.8720
vn -0.3461 0.3461 0.8720
vn 0.4894 -0.0000 0.8720
vn -0.4894 -0.0000 0.8720
vn 0.4522 0.1873 0.8720
vn -0.4522 -0.1873 0.8720
vn 0.3461 0.3461 0.8720
vn -0.3461 -0.3461 0.8720
vn 0.1873 0.4522 0.8720
vn -0.1873 -0.4522 0.8720
vn -0.0000 0.4894 0.8720
vn 0.1873 -0.4522 0.8720
vn -0.0000 -0.4894 0.8720
vn -0.1873 0.4522 0.8720
vn -0.2933 -0.7080 -0.6424
vn -0.5419 -0.5419 -0.6424
vn -0.0000 0.7663 -0.6425
vn 0.2933 -0.7080 -0.6425
vn -0.0000 -0.7663 -0.6424
vn -0.2933 0.7080 -0.6425
vn 0.5419 -0.5419 -0.6424
vn -0.5419 0.5419 -0.6425
vn 0.7080 -0.2933 -0.6424
vn -0.7080 0.2933 -0.6424
vn 0.7663 -0.0000 -0.6424
vn -0.7663 -0.0000 -0.6424
vn 0.7080 0.2933 -0.6424
vn -0.7080 -0.2933 -0.6424
vn -0.7004 -0.7004 0.1371
vn -0.9152 -0.3791 0.1371
vn 0.3791 0.9152 0.1371
vn 0.7004 0.7004 0.1371
vn -0.3791 -0.9152 0.1371
vn -0.0000 0.9906 0.1371
vn 0.3791 -0.9152 0.1371
vn -0.0000 -0.9906 0.1371
vn -0.3791 0.9152 0.1371
vn 0.7004 -0.7004 0.1371
vn -0.7004 0.7004 0.1371
vn 0.9152 -0.3791 0.1371
vn -0.9152 0.3791 0.1371
vn 0.9906 -0.0000 0.1371
vn -0.9906 -0.0000 0.1371
vn 0.9152 0.3791 0.1371
vn 0.3525 -0.8511 0.3891
vn -0.0000 -0.9212 0.3891
vn -0.0000 -0.3764 0.9265
vn 0.1440 -0.3477 0.9265
vn 0.0821 -0.1983 0.9767
vn -0.0000 -0.2146 0.9767
vn 0.6514 -0.6514 0.3891
vn 0.2661 -0.2661 0.9265
vn 0.1518 -0.1518 0.9767
vn 0.8511 -0.3525 0.3891
vn 0.3477 -0.1440 0.9265
vn 0.1983 -0.0821 0.9767
vn 0.9212 -0.0000 0.3891
vn 0.3764 -0.0000 0.9265
vn 0.2146 -0.0000 0.9767
vn 0.8511 0.3525 0.3891
vn 0.3477 0.1440 0.9265
vn 0.1983 0.0821 0.9767
vn 0.6514 0.6514 0.3891
vn 0.2661 0.2661 0.9265
vn 0.1518 0.1518 0.9767
vn 0.3525 0.8511 0.3891
vn 0.1440 0.3477 0.9265
vn 0.0821 0.1983 0.9767
vn -0.0000 0.9212 0.3891
vn -0.0000 0.3764 0.9265
vn -0.0000 0.2146 0.9767
vn -0.3525 0.8511 0.3891
vn -0.1440 0.3477 0.9265
vn -0.0821 0.1983 0.9767
vn -0.6514 0.6514 0.3891
vn -0.2661 0.2661 0.9265
vn -0.1518 0.1518 0.9767
vn -0.8511 0.3525 0.3891
vn -0.3477 0.1440 0.9265
vn -0.1983 0.0821 0.9767
vn -0.9212 -0.0000 0.3891
vn -0.3764 -0.0000 0.9265
vn -0.2146 -0.0000 0.9767
vn -0.8511 -0.3525 0.3891
vn -0.3477 -0.1440 0.9265
vn -0.1983 -0.0821 0.9767
vn -0.6514 -0.6514 0.3891
vn -0.2661 -0.2661 0.9265
vn -0.1518 -0.1518 0.9767
vn -0.3525 -0.8511 0.3891
vn -0.1440 -0.3477 0.9265
vn -0.0821 -0.1983 0.9767
vn -0.3747 -0.9046 0.2034
vn -0.0000 -0.9791 0.2034
vn 0.3747 0.9046 0.2034
vn -0.0000 0.9791 0.2034
vn -0.6923 0.6923 0.2034
vn -0.9046 0.3747 0.2034
vn -0.9791 -0.0000 0.2034
vn -0.9046 -0.3747 0.2034
vn -0.6923 -0.6923 0.2034
vn -0.0645 -0.1556 0.9857
vn -0.1191 -0.1191 0.9857
vn 0.3747 -0.9046 0.2034
vn 0.6923 -0.6923 0.2034
vn 0.9046 -0.3747 0.2034
vn 0.9791 -0.0000 0.2034
vn 0.9046 0.3747 0.2034
vn 0.6923 0.6923 0.2034
vn -0.0645 0.1556 0.9857
vn -0.0000 0.1685 0.9857
vn 0.0645 0.1556 0.9857
vn 0.1191 0.1191 0.9857
vn -0.0000 -0.1685 0.9857
vn -0.3747 0.9046 0.2034
vn 0.0645 -0.1556 0.9857
vn -0.1191 0.1191 0.9857
vn 0.1191 -0.1191 0.9857
vn -0.1556 0.0645 0.9857
vn 0.1556 -0.0645 0.9857
vn -0.1685 -0.0000 0.9857
vn 0.1685 -0.0000 0.9857
vn -0.1556 -0.0645 0.9857
vn 0.1556 0.0645 0.9857
vn 0.9984 0.0565 -0.0000
vn 0.9808 0.1951 -0.0000
vn -0.0000 0.1305 -0.9914
vn 0.9611 0.2761 -0.0000
vn 0.1951 0.9808 -0.0000
vn -0.1951 0.9808 -0.0000
vn -0.0000 0.9914 -0.1305
vn -0.0000 -0.7000 0.7142
vn 0.9831 0.1830 -0.0000
vn -0.9831 0.1830 -0.0000
vn -0.0000 0.9659 -0.2588
vn -0.0000 0.7071 -0.7071
vn -0.0000 0.2588 -0.9659
vn -0.4262 0.8252 -0.3707
vn -0.3463 0.6167 -0.7069
vn -0.3582 0.6448 -0.6752
vn -0.4286 0.8335 -0.3488
vn 0.4536 -0.6206 0.6397
vn 0.2751 -0.3867 0.8803
vn 0.2522 -0.3556 0.9000
vn 0.4423 -0.6062 0.6609
vn -0.1806 0.2967 -0.9378
vn -0.2056 0.3415 -0.9171
vn 0.0470 -0.0650 0.9968
vn 0.0171 -0.0197 0.9997
vn 0.0470 -0.0650 -0.9968
vn 0.2751 -0.3867 -0.8803
vn 0.2522 -0.3556 -0.9000
vn 0.0171 -0.0197 -0.9997
vn -0.1806 0.2967 0.9378
vn -0.2056 0.3415 0.9171
vn 0.4536 -0.6206 -0.6397
vn 0.4423 -0.6062 -0.6609
vn -0.3463 0.6167 0.7069
vn -0.3582 0.6448 0.6752
vn 0.5623 -0.7569 -0.3330
vn 0.5595 -0.7534 -0.3455
vn -0.4262 0.8252 0.3707
vn -0.4286 0.8335 0.3488
vn 0.5984 -0.8012 -0.0000
vn -0.4456 0.8952 -0.0000
vn 0.5623 -0.7569 0.3330
vn 0.5595 -0.7534 0.3455
vn 0.1481 0.9778 -0.1481
vn -0.1481 0.9778 -0.1481
vn -0.1481 0.9778 0.1481
vn 0.1481 0.9778 0.1481
vn 0.9856 0.1693 -0.0000
vn -0.9856 0.1693 -0.0000
vn 0.7529 -0.6582 -0.0000
vn 0.6067 -0.7949 -0.0000
vn -0.7529 -0.6582 -0.0000
vn -0.5747 -0.8184 -0.0000
vn -0.7555 -0.6552 -0.0000
vn -0.3635 -0.9316 -0.0000
vn -0.8000 -0.6000 -0.0000
vn 0.5797 -0.8148 -0.0000
vn -0.0000 0.9239 -0.3827
vn -0.0000 0.3827 -0.9239
vn -0.0000 0.1693 -0.9856
vn -0.0000 0.9239 0.3827
vn -0.0000 0.3827 0.9239
vn -0.0000 0.1693 0.9856
vn 0.1247 -0.2209 0.9673
vn 0.2209 0.1247 0.9673
vn -0.1247 0.2209 0.9673
vn -0.2209 -0.1247 0.9673
vn 0.8926 -0.4508 -0.0000
vn 0.9972 -0.0749 -0.0000
vn 0.9800 -0.0864 0.1794
vn 0.8839 -0.4320 0.1794
vn 0.4508 0.8926 -0.0000
vn 0.0749 0.9972 -0.0000
vn 0.0864 0.9800 0.1794
vn 0.4320 0.8839 0.1794
vn 0.2321 0.8344 0.5000
vn -0.4320 -0.8839 0.1794
vn -0.3991 -0.8433 0.3600
vn -0.5511 -0.7685 0.3251
vn -0.5932 -0.7893 0.1585
vn -0.3893 -0.0562 0.9194
vn -0.4003 -0.2261 0.8881
vn -0.2491 -0.3043 0.9194
vn -0.9800 0.0864 0.1794
vn -0.9822 -0.1004 0.1585
vn -0.9427 -0.0752 0.3251
vn -0.9283 0.0937 0.3600
vn -0.0562 0.3893 0.9194
vn -0.2261 0.4003 0.8881
vn -0.3043 0.2491 0.9194
vn -0.1004 0.9822 0.1585
vn -0.0752 0.9427 0.3251
vn 0.0937 0.9283 0.3600
vn -0.8839 0.4320 0.1794
vn -0.8433 0.3991 0.3600
vn -0.7685 0.5511 0.3251
vn -0.7893 0.5932 0.1585
vn -0.0864 -0.9800 0.1794
vn 0.1004 -0.9822 0.1585
vn 0.0752 -0.9427 0.3251
vn -0.0937 -0.9283 0.3600
vn 0.8433 -0.3991 0.3600
vn 0.7685 -0.5511 0.3251
vn 0.7893 -0.5932 0.1585
vn 0.0562 -0.3893 0.9194
vn 0.2261 -0.4003 0.8881
vn 0.3043 -0.2491 0.9194
vn 0.3991 0.8433 0.3600
vn 0.5511 0.7685 0.3251
vn 0.5932 0.7893 0.1585
vn 0.3893 0.0562 0.9194
vn 0.4003 0.2261 0.8881
vn 0.2491 0.3043 0.9194
vn 0.9822 0.1004 0.1585
vn 0.9427 0.0752 0.3251
vn 0.9283 -0.0937 0.3600
vn -0.4508 -0.8926 -0.0000
vn -0.6163 -0.7875 -0.0000
vn -0.9926 -0.1211 -0.0000
vn -0.9972 0.0749 -0.0000
vn 0.6163 0.7875 -0.0000
vn 0.9926 0.1211 -0.0000
vn -0.0749 -0.9972 -0.0000
vn 0.6162 0.7876 -0.0000
vn 0.7875 -0.6163 -0.0000
vn 0.7876 -0.6162 -0.0000
vn 0.1211 -0.9926 -0.0000
vn -0.7875 0.6163 -0.0000
vn -0.8926 0.4508 -0.0000
vn -0.1211 0.9926 -0.0000
vn -0.6162 -0.7876 -0.0000
vn -0.9634 0.2680 -0.0000
vn -0.2321 -0.8344 0.5000
vn 0.2321 0.8344 -0.5000
vn -0.0218 0.0061 -0.9997
vn -0.0218 0.0061 0.9997
vn -0.2321 -0.8344 -0.5000
vn -0.2538 -0.8281 -0.4999
vn 0.0804 0.9816 0.1732
vn -0.2539 -0.8281 -0.4999
vn 0.2102 0.8402 -0.4999
vn 0.2102 0.8402 0.4999
vn -0.2538 -0.8281 0.4999
vn 0.0804 0.9816 -0.1732
vn -0.2539 -0.8281 0.4999
vn -0.5179 0.1440 0.8432
vn -0.3222 0.0896 0.9424
vn -0.1010 0.0281 0.9945
vn -0.7136 -0.5595 -0.4216
vn -0.5409 -0.6967 -0.4712
vn -0.3317 -0.8017 -0.4972
vn -0.3222 0.8476 0.4216
vn -0.1035 0.8759 0.4712
vn 0.1298 0.8578 0.4973
vn -0.1010 0.0281 -0.9945
vn -0.3222 0.0896 -0.9424
vn -0.5179 0.1440 -0.8432
vn 0.1298 0.8578 0.4972
vn -0.5179 0.1441 -0.8432
vn -0.7136 -0.5595 0.4216
vn -0.5409 -0.6967 0.4712
vn -0.3317 -0.8017 0.4972
vn -0.3222 0.8476 -0.4216
vn -0.1035 0.8759 -0.4712
vn 0.1298 0.8578 -0.4972
vn 0.1255 0.9921 -0.0000
vn -0.1247 -0.2209 0.9673
vn 0.2209 -0.1247 0.9673
vn 0.1247 0.2209 0.9673
vn -0.2209 0.1247 0.9673
vn -0.8926 -0.4508 -0.0000
vn -0.8839 -0.4320 0.1794
vn -0.9800 -0.0864 0.1794
vn -0.9972 -0.0749 -0.0000
vn -0.4508 0.8926 -0.0000
vn -0.4320 0.8839 0.1794
vn -0.0864 0.9800 0.1794
vn -0.0749 0.9972 -0.0000
vn -0.2321 0.8344 0.5000
vn 0.4320 -0.8839 0.1794
vn 0.5932 -0.7893 0.1585
vn 0.5511 -0.7685 0.3250
vn 0.3991 -0.8433 0.3600
vn 0.2491 -0.3043 0.9194
vn 0.4003 -0.2261 0.8881
vn 0.3893 -0.0562 0.9194
vn 0.9800 0.0864 0.1794
vn 0.9283 0.0937 0.3600
vn 0.9427 -0.0752 0.3251
vn 0.9822 -0.1004 0.1585
vn 0.3043 0.2491 0.9194
vn 0.2261 0.4003 0.8881
vn 0.0562 0.3893 0.9194
vn -0.0937 0.9283 0.3600
vn 0.0752 0.9427 0.3251
vn 0.1004 0.9822 0.1585
vn 0.8839 0.4320 0.1794
vn 0.7893 0.5932 0.1585
vn 0.7685 0.5511 0.3250
vn 0.8433 0.3991 0.3600
vn 0.0864 -0.9800 0.1794
vn 0.0937 -0.9283 0.3600
vn -0.0752 -0.9427 0.3251
vn -0.1004 -0.9822 0.1585
vn -0.7893 -0.5932 0.1585
vn -0.7685 -0.5511 0.3251
vn -0.8433 -0.3991 0.3600
vn -0.3043 -0.2492 0.9194
vn -0.2261 -0.4003 0.8881
vn -0.0562 -0.3893 0.9194
vn -0.5932 0.7893 0.1585
vn -0.5511 0.7685 0.3251
vn -0.3991 0.8433 0.3600
vn -0.2491 0.3043 0.9194
vn -0.4003 0.2261 0.8881
vn -0.3893 0.0562 0.9194
vn -0.9282 -0.0937 0.3600
vn -0.9427 0.0752 0.3251
vn -0.9822 0.1004 0.1585
vn 0.4508 -0.8926 -0.0000
vn 0.6163 -0.7875 -0.0000
vn 0.9926 -0.1211 -0.0000
vn 0.9972 0.0749 -0.0000
vn -0.6163 0.7875 -0.0000
vn -0.9926 0.1211 -0.0000
vn 0.0749 -0.9972 -0.0000
vn -0.6162 0.7876 -0.0000
vn -0.6163 0.7876 -0.0000
vn -0.7876 -0.6162 -0.0000
vn -0.7876 -0.6163 -0.0000
vn -0.7875 -0.6163 -0.0000
vn -0.1211 -0.9926 -0.0000
vn 0.7876 0.6162 -0.0000
vn 0.8926 0.4508 -0.0000
vn 0.7875 0.6163 -0.0000
vn 0.1211 0.9926 -0.0000
vn 0.9634 0.2680 -0.0000
vn 0.2321 -0.8344 0.5000
vn -0.2321 0.8344 -0.5000
vn 0.0218 0.0061 -0.9997
vn 0.0218 0.0061 0.9997
vn 0.2321 -0.8344 -0.5000
vn 0.2538 -0.8281 -0.4999
vn -0.0804 0.9816 0.1732
vn -0.2102 0.8402 -0.4999
vn -0.2102 0.8402 0.4999
vn 0.2538 -0.8281 0.4999
vn -0.0804 0.9816 -0.1732
vn 0.5179 0.1440 0.8432
vn 0.3222 0.0896 0.9424
vn 0.1010 0.0281 0.9945
vn 0.7136 -0.5595 -0.4216
vn 0.5409 -0.6967 -0.4712
vn 0.3317 -0.8017 -0.4972
vn 0.3222 0.8476 0.4216
vn 0.1035 0.8759 0.4712
vn -0.1298 0.8578 0.4972
vn 0.1010 0.0281 -0.9945
vn 0.3222 0.0896 -0.9424
vn 0.5179 0.1440 -0.8432
vn 0.7136 -0.5595 0.4216
vn 0.5409 -0.6967 0.4712
vn 0.3317 -0.8017 0.4972
vn 0.3222 0.8476 -0.4216
vn 0.1035 0.8759 -0.4712
vn -0.1298 0.8578 -0.4972
vn -0.1255 0.9921 -0.0000
vn 0.1247 -0.2209 -0.9673
vn -0.2209 -0.1247 -0.9673
vn -0.1247 0.2209 -0.9673
vn 0.2209 0.1247 -0.9673
vn 0.8839 -0.4320 -0.1794
vn 0.9800 -0.0864 -0.1794
vn 0.4320 0.8839 -0.1794
vn 0.0864 0.9800 -0.1794
vn -0.4320 -0.8839 -0.1794
vn -0.5932 -0.7893 -0.1585
vn -0.5511 -0.7685 -0.3251
vn -0.3991 -0.8433 -0.3600
vn -0.2491 -0.3043 -0.9194
vn -0.4003 -0.2261 -0.8881
vn -0.3893 -0.0562 -0.9194
vn -0.9800 0.0864 -0.1794
vn -0.9283 0.0937 -0.3600
vn -0.9427 -0.0752 -0.3251
vn -0.9822 -0.1004 -0.1585
vn -0.3043 0.2491 -0.9194
vn -0.2261 0.4003 -0.8881
vn -0.0562 0.3893 -0.9194
vn 0.0937 0.9283 -0.3600
vn -0.0752 0.9427 -0.3250
vn -0.1004 0.9822 -0.1585
vn -0.8839 0.4320 -0.1794
vn -0.7893 0.5932 -0.1585
vn -0.7685 0.5511 -0.3251
vn -0.8433 0.3991 -0.3600
vn -0.0864 -0.9800 -0.1794
vn -0.0937 -0.9283 -0.3600
vn 0.0752 -0.9427 -0.3251
vn 0.1004 -0.9822 -0.1585
vn 0.7893 -0.5932 -0.1585
vn 0.7685 -0.5511 -0.3251
vn 0.8433 -0.3991 -0.3600
vn 0.3043 -0.2491 -0.9194
vn 0.2261 -0.4003 -0.8881
vn 0.0562 -0.3893 -0.9194
vn 0.5932 0.7893 -0.1585
vn 0.5511 0.7685 -0.3251
vn 0.3991 0.8433 -0.3600
vn 0.2491 0.3043 -0.9194
vn 0.4003 0.2261 -0.8881
vn 0.3893 0.0562 -0.9194
vn 0.9283 -0.0937 -0.3600
vn 0.9427 0.0752 -0.3251
vn 0.9822 0.1004 -0.1585
vn 0.6163 0.7876 -0.0000
vn -0.6163 -0.7876 -0.0000
vn -0.1247 -0.2209 -0.9673
vn -0.2209 0.1247 -0.9673
vn 0.1247 0.2209 -0.9673
vn 0.2209 -0.1247 -0.9673
vn -0.9800 -0.0864 -0.1794
vn -0.8839 -0.4320 -0.1794
vn -0.0864 0.9800 -0.1794
vn -0.4320 0.8839 -0.1794
vn 0.4320 -0.8839 -0.1794
vn 0.3991 -0.8433 -0.3600
vn 0.5511 -0.7685 -0.3251
vn 0.5932 -0.7893 -0.1585
vn 0.3893 -0.0562 -0.9194
vn 0.4003 -0.2261 -0.8881
vn 0.2491 -0.3043 -0.9194
vn 0.9800 0.0864 -0.1794
vn 0.9822 -0.1004 -0.1585
vn 0.9427 -0.0752 -0.3251
vn 0.9283 0.0937 -0.3600
vn 0.0562 0.3893 -0.9194
vn 0.2261 0.4003 -0.8881
vn 0.3043 0.2491 -0.9194
vn 0.1004 0.9822 -0.1585
vn 0.0752 0.9427 -0.3251
vn -0.0937 0.9283 -0.3600
vn 0.8839 0.4320 -0.1794
vn 0.8433 0.3991 -0.3600
vn 0.7685 0.5511 -0.3251
vn 0.7893 0.5932 -0.1585
vn 0.0864 -0.9800 -0.1794
vn -0.1004 -0.9822 -0.1585
vn -0.0752 -0.9427 -0.3251
vn 0.0937 -0.9283 -0.3600
vn -0.8433 -0.3991 -0.3600
vn -0.7685 -0.5511 -0.3251
vn -0.7893 -0.5932 -0.1585
vn -0.0562 -0.3893 -0.9194
vn -0.2261 -0.4003 -0.8881
vn -0.3043 -0.2492 -0.9194
vn -0.3991 0.8433 -0.3600
vn -0.5511 0.7685 -0.3251
vn -0.5932 0.7893 -0.1585
vn -0.3893 0.0562 -0.9194
vn -0.4003 0.2261 -0.8881
vn -0.2491 0.3043 -0.9194
vn -0.9822 0.1004 -0.1585
vn -0.9427 0.0752 -0.3251
vn -0.9282 -0.0937 -0.3600
vn 0.7876 0.6163 -0.0000
vn 0.6162 -0.7876 -0.0000
vn 0.2539 -0.8281 0.4999
vn 0.2539 -0.8281 -0.4999
vn 0.5179 0.1441 0.8432
vn -0.3754 -0.9064 -0.1938
vn -0.0000 -0.9810 -0.1938
vn 0.6937 -0.6937 -0.1938
vn 0.9064 -0.3754 -0.1938
vn 0.9810 -0.0000 -0.1938
vn 0.9549 -0.0203 0.2963
vn 0.9064 0.3754 -0.1938
vn 0.9094 0.3510 0.2230
vn 0.6937 0.6937 -0.1938
vn 0.7160 0.6839 0.1399
vn 0.3754 0.9064 -0.1938
vn 0.3961 0.9156 0.0689
vn -0.0000 0.9810 -0.1938
vn 0.0033 0.9994 0.0336
vn -0.3754 0.9064 -0.1938
vn -0.3915 0.9190 0.0462
vn -0.6937 0.6937 -0.1938
vn -0.7174 0.6891 0.1024
vn -0.9064 0.3754 -0.1938
vn -0.9172 0.3540 0.1829
vn -0.9810 -0.0000 -0.1938
vn -0.9646 -0.0224 0.2629
vn -0.9064 -0.3754 -0.1938
vn -0.6937 -0.6937 -0.1938
vn 0.3754 -0.9064 -0.1938
vn 0.6492 0.7211 0.2419
vn 0.8240 0.4025 0.3989
vn -0.8523 0.4130 0.3209
vn -0.6646 0.7260 0.1767
vn -0.2396 -0.6114 0.7542
vn 0.0024 -0.6376 0.7703
vn -0.0032 -0.6378 0.7702
vn -0.2681 -0.6037 0.7508
vn 0.6663 -0.3076 0.6792
vn 0.8345 0.0505 0.5487
vn 0.7074 -0.2519 0.6603
vn -0.3619 0.9282 0.0860
vn -0.0068 0.9977 0.0668
vn -0.6972 -0.3263 0.6384
vn -0.4791 -0.5121 0.7129
vn -0.5257 -0.4822 0.7008
vn -0.7467 -0.2611 0.6118
vn 0.2395 -0.5981 0.7648
vn 0.4654 -0.4909 0.7365
vn 0.5003 -0.4667 0.7293
vn 0.2564 -0.5926 0.7636
vn 0.3493 0.9291 0.1217
vn -0.8758 0.0546 0.4796
vn -0.0000 -0.9212 -0.3891
vn 0.3525 -0.8511 -0.3891
vn 0.1440 -0.3477 -0.9265
vn -0.0000 -0.3764 -0.9265
vn -0.0000 -0.2146 -0.9767
vn 0.0821 -0.1983 -0.9767
vn 0.6514 -0.6514 -0.3891
vn 0.2661 -0.2661 -0.9265
vn 0.1518 -0.1518 -0.9767
vn 0.8511 -0.3525 -0.3891
vn 0.3477 -0.1440 -0.9265
vn 0.1983 -0.0821 -0.9767
vn 0.9212 -0.0000 -0.3891
vn 0.3764 -0.0000 -0.9265
vn 0.2146 -0.0000 -0.9767
vn 0.8511 0.3525 -0.3891
vn 0.3477 0.1440 -0.9265
vn 0.1983 0.0821 -0.9767
vn 0.6514 0.6514 -0.3891
vn 0.2661 0.2661 -0.9265
vn 0.1518 0.1518 -0.9767
vn 0.3525 0.8511 -0.3891
vn 0.1440 0.3477 -0.9265
vn 0.0821 0.1983 -0.9767
vn -0.0000 0.9212 -0.3891
vn -0.0000 0.3764 -0.9265
vn -0.0000 0.2146 -0.9767
vn -0.3525 0.8511 -0.3891
vn -0.1440 0.3477 -0.9265
vn -0.0821 0.1983 -0.9767
vn -0.6514 0.6514 -0.3891
vn -0.2661 0.2661 -0.9265
vn -0.1518 0.1518 -0.9767
vn -0.8511 0.3525 -0.3891
vn -0.3477 0.1440 -0.9265
vn -0.1983 0.0821 -0.9767
vn -0.9212 -0.0000 -0.3891
vn -0.3764 -0.0000 -0.9265
vn -0.2146 -0.0000 -0.9767
vn -0.8511 -0.3525 -0.3891
vn -0.3477 -0.1440 -0.9265
vn -0.1983 -0.0821 -0.9767
vn -0.6514 -0.6514 -0.3891
vn -0.2661 -0.2661 -0.9265
vn -0.1518 -0.1518 -0.9767
vn -0.3525 -0.8511 -0.3891
vn -0.1440 -0.3477 -0.9265
vn -0.0821 -0.1983 -0.9767
vn 0.0243 -0.9997 -0.0000
vn 0.8779 0.4788 -0.0000
vn 0.5000 0.8660 -0.0000
vn -0.0243 -0.9997 -0.0000
vn -0.8536 -0.5209 -0.0000
vn 0.8779 -0.4788 -0.0000
vn -0.5000 0.8660 -0.0000
vn -0.8779 -0.4788 -0.0000
vn 0.5000 -0.8660 -0.0000
vn -0.8779 0.4788 -0.0000
vn 0.0243 0.9997 -0.0000
vn -0.5000 -0.8660 -0.0000
vn -0.8536 0.5209 -0.0000
vn 0.8536 0.5209 -0.0000
vn -0.0243 0.9997 -0.0000
vn 0.8536 -0.5209 -0.0000
vn 0.3827 -0.0000 -0.9239
vn 0.7071 -0.0000 -0.7071
vn 0.9239 -0.0000 -0.3827
vn 0.9239 -0.0000 0.3827
vn 0.7071 -0.0000 0.7071
vn 0.3827 -0.0000 0.9239
vn -0.3827 -0.0000 0.9239
vn -0.7071 -0.0000 0.7071
vn -0.9239 -0.0000 0.3827
vn -0.9239 -0.0000 -0.3827
vn -0.7071 -0.0000 -0.7071
vn 0.1654 0.9722 0.1654
vn 0.2162 0.9722 0.0895
vn -0.3827 -0.0000 -0.9239
vn 0.3538 -0.9238 -0.1465
vn 0.3829 -0.9238 -0.0000
vn -0.9021 -0.2157 -0.3737
vn -0.6905 -0.2157 -0.6905
vn -0.2162 0.9722 0.0895
vn -0.1654 0.9722 0.1654
vn -0.0000 0.9722 -0.2340
vn -0.0895 0.9722 -0.2162
vn 0.2340 0.9722 -0.0000
vn 0.2162 0.9722 -0.0895
vn -0.0895 0.9722 0.2162
vn -0.0000 0.9722 0.2340
vn -0.1654 0.9722 -0.1654
vn -0.2162 0.9722 -0.0895
vn 0.1654 0.9722 -0.1654
vn 0.0895 0.9722 -0.2162
vn 0.0895 0.9722 0.2162
vn -0.2340 0.9722 -0.0000
vn -0.9765 -0.2157 -0.0000
vn -0.9021 -0.2157 0.3737
vn -0.9043 -0.2050 0.3746
vn -0.9788 -0.2050 -0.0000
vn 0.6905 -0.2157 0.6905
vn 0.3737 -0.2157 0.9021
vn -0.3737 -0.2157 -0.9021
vn -0.0000 -0.2157 0.9765
vn -0.0000 -0.2157 -0.9765
vn 0.3737 -0.2157 -0.9021
vn -0.3737 -0.2157 0.9021
vn 0.6905 -0.2157 -0.6905
vn -0.6905 -0.2157 0.6905
vn 0.9021 -0.2157 -0.3737
vn 0.9765 -0.2157 -0.0000
vn 0.9021 -0.2157 0.3737
vn 0.6921 -0.2050 -0.6921
vn 0.3746 -0.2050 -0.9043
vn 0.9788 -0.2050 -0.0000
vn 0.9043 -0.2050 0.3746
vn -0.9043 -0.2050 -0.3746
vn 0.6921 -0.2050 0.6921
vn -0.6921 -0.2050 -0.6921
vn 0.3746 -0.2050 0.9043
vn -0.3746 -0.2050 -0.9043
vn -0.0000 -0.2050 0.9788
vn -0.0000 -0.2050 -0.9788
vn -0.3746 -0.2050 0.9043
vn -0.6921 -0.2050 0.6921
vn 0.9043 -0.2050 -0.3746
vn -0.9158 -0.1290 0.3803
vn -0.9921 -0.1258 0.0010
vn -0.9710 -0.2381 -0.0235
vn -0.9215 -0.1577 0.3550
vn -0.0000 -0.9238 0.3829
vn -0.1465 -0.9238 0.3538
vn -0.3538 -0.9238 -0.1465
vn -0.2708 -0.9238 -0.2708
vn 0.1465 -0.9238 -0.3538
vn 0.2708 -0.9238 -0.2708
vn 0.2708 -0.9238 0.2708
vn 0.1465 -0.9238 0.3538
vn -0.3538 -0.9238 0.1465
vn -0.3829 -0.9238 -0.0000
vn 0.3538 -0.9238 0.1465
vn -0.2708 -0.9238 0.2708
vn -0.1465 -0.9238 -0.3538
vn -0.0000 -0.9238 -0.3829
vn -0.8727 -0.3041 -0.3820
vn -0.8372 -0.4586 -0.2978
vn -0.9492 -0.3100 0.0537
vn 0.9921 -0.1258 0.0010
vn 0.9158 -0.1290 0.3803
vn 0.9215 -0.1577 0.3550
vn 0.9710 -0.2381 -0.0235
vn -0.9173 -0.1226 -0.3789
vn 0.7005 -0.1316 0.7015
vn 0.7193 -0.0790 0.6901
vn -0.7025 -0.1200 -0.7015
vn -0.6533 -0.3498 -0.6715
vn 0.4548 -0.0993 0.8850
vn 0.4785 -0.0247 0.8777
vn -0.3804 -0.1182 -0.9173
vn -0.3796 -0.1182 -0.9176
vn 0.3529 -0.0672 0.9333
vn 0.3876 -0.0121 0.9217
vn -0.0000 -0.1175 -0.9931
vn 0.3804 -0.1182 -0.9173
vn 0.3796 -0.1182 -0.9176
vn -0.3529 -0.0672 0.9333
vn -0.4548 -0.0993 0.8850
vn -0.4785 -0.0247 0.8777
vn -0.3876 -0.0121 0.9217
vn 0.7025 -0.1200 -0.7015
vn 0.6533 -0.3498 -0.6715
vn -0.7005 -0.1316 0.7015
vn -0.7193 -0.0790 0.6901
vn 0.9173 -0.1226 -0.3789
vn 0.8727 -0.3041 -0.3820
vn 0.6775 0.0030 0.7355
vn 0.8930 -0.1429 0.4268
vn -0.6055 -0.5642 -0.5612
vn 0.4812 0.0489 0.8753
vn -0.2865 -0.6270 -0.7244
vn -0.3136 -0.6238 -0.7159
vn 0.4207 0.0430 0.9062
vn -0.0000 -0.6427 -0.7661
vn 0.2865 -0.6270 -0.7244
vn 0.3136 -0.6238 -0.7159
vn -0.4812 0.0489 0.8753
vn -0.4207 0.0430 0.9062
vn 0.6055 -0.5642 -0.5612
vn -0.6775 0.0030 0.7355
vn 0.8372 -0.4586 -0.2978
vn -0.8930 -0.1429 0.4268
vn 0.9492 -0.3100 0.0537
vn -0.9986 0.0246 0.0459
vn -0.9989 -0.0006 0.0459
vn -0.9999 -0.0065 -0.0097
vn -0.9999 0.0106 0.0112
vn -0.9992 -0.0370 0.0137
vn -0.9989 -0.0178 -0.0436
vn -0.9979 0.0474 -0.0447
vn -0.9987 0.0507 -0.0073
vn -0.9986 0.0474 0.0254
vn -1.0000 0.0060 0.0059
vn -0.9997 0.0257 -0.0006
vn -0.9998 -0.0125 0.0162
vn -0.9989 -0.0333 -0.0331
vn -0.9989 0.0016 -0.0473
vn -0.9982 0.0331 -0.0493
vn 0.0429 0.9980 -0.0464
vn -0.0011 0.9990 -0.0446
vn -0.0001 0.9997 -0.0226
vn 0.0429 0.9988 -0.0233
vn -0.0429 0.9982 -0.0428
vn -0.0429 0.9989 -0.0207
vn -0.0429 0.9991 0.0060
vn -0.0027 1.0000 0.0008
vn 0.0429 0.9991 -0.0068
vn 0.9985 -0.0508 -0.0196
vn 0.9990 -0.0095 -0.0431
vn 0.9973 -0.0292 -0.0671
vn 0.9935 -0.0770 -0.0837
vn 0.9987 0.0055 -0.0511
vn 0.9984 0.0197 -0.0524
vn 0.9881 0.0370 -0.1495
vn 0.9869 -0.0098 -0.1609
vn 0.9838 -0.0564 -0.1699
vn -0.0441 -0.9976 0.0538
vn -0.0034 -0.9988 0.0490
vn -0.0002 -0.9997 0.0240
vn -0.0436 -0.9985 0.0319
vn 0.0438 -0.9981 0.0433
vn 0.0433 -0.9989 0.0173
vn 0.0429 -0.9990 -0.0087
vn -0.0017 -1.0000 0.0007
vn -0.0430 -0.9990 0.0080
vn -0.9992 0.0007 -0.0409
vn -1.0000 0.0015 0.0049
vn -1.0000 0.0016 0.0069
vn -0.9993 0.0021 -0.0376
vn -0.9987 0.0023 0.0506
vn -0.9986 0.0013 0.0527
vn -0.9977 0.0052 0.0669
vn -0.9993 0.0306 0.0215
vn -0.9992 0.0394 0.0046
vn 0.9992 -0.0022 0.0407
vn 1.0000 -0.0015 -0.0050
vn 1.0000 -0.0024 -0.0083
vn 0.9993 -0.0026 0.0380
vn 0.9987 -0.0008 -0.0508
vn 0.9986 -0.0011 -0.0522
vn -0.0426 0.0009 0.9991
vn 0.0001 0.0007 1.0000
vn -0.0001 -0.0193 0.9998
vn -0.0430 -0.0196 0.9989
vn 0.0426 0.0006 0.9991
vn 0.0430 -0.0200 0.9989
vn 0.0434 -0.0396 0.9983
vn 0.0002 -0.0393 0.9992
vn -0.0433 -0.0389 0.9983
vn -0.9989 -0.0335 -0.0333
vn -0.9995 -0.0324 0.0016
vn -0.9999 -0.0149 0.0028
vn -0.9992 -0.0161 -0.0376
vn -0.9988 -0.0313 0.0364
vn -0.9990 -0.0135 0.0431
vn 0.9987 -0.0392 0.0336
vn 0.9993 -0.0378 -0.0013
vn 0.9998 -0.0202 -0.0027
vn 0.9991 -0.0215 0.0376
vn 0.9987 -0.0363 -0.0362
vn 0.9989 -0.0189 -0.0430
vn -0.0327 -0.0326 0.9989
vn -0.0001 -0.0328 0.9995
vn -0.0000 -0.0158 0.9999
vn -0.0377 -0.0155 0.9992
vn 0.0327 -0.0330 0.9989
vn 0.0377 -0.0158 0.9992
vn 0.0345 -0.9987 0.0374
vn -0.0000 -0.9993 0.0374
vn 0.0346 -0.9994 -0.0000
vn -0.0345 -0.9987 0.0374
vn -0.0346 -0.9994 -0.0000
vn -0.0345 -0.9987 -0.0374
vn -0.0000 -0.9993 -0.0374
vn 0.0345 -0.9987 -0.0374
vn 0.9994 -0.0227 -0.0266
vn 0.9999 -0.0169 0.0003
vn 0.9999 0.0111 -0.0000
vn 0.9990 0.0068 -0.0446
vn 0.9994 -0.0222 0.0258
vn 0.9990 0.0068 0.0446
vn 0.9982 0.0366 0.0475
vn 0.9994 0.0354 -0.0000
vn 0.9982 0.0366 -0.0475
vn 0.0542 -0.0532 -0.9971
vn 0.0052 -0.0567 -0.9984
vn 0.0148 -0.3377 -0.9411
vn 0.0673 -0.3276 -0.9424
vn -0.0442 -0.0566 -0.9974
vn -0.0381 -0.3477 -0.9368
vn -0.0341 -0.5610 -0.8271
vn 0.0178 -0.5506 -0.8346
vn 0.0712 -0.5383 -0.8398
vn -0.0522 -0.6332 0.7722
vn 0.0021 -0.3844 0.9231
vn 0.0077 -0.6171 0.7869
vn -0.0683 -0.1338 0.9886
vn -0.0667 -0.0655 0.9956
vn -0.0062 -0.0645 0.9979
vn 0.0542 -0.0642 0.9965
vn 0.0667 -0.3705 0.9264
vn 0.0694 -0.5977 0.7987
vn 0.0531 0.9986 0.0012
vn -0.0111 0.9999 0.0029
vn -0.0083 1.0000 -0.0026
vn 0.0549 0.9985 -0.0000
vn -0.0754 0.9971 0.0044
vn -0.0711 0.9975 -0.0050
vn -0.0563 0.9984 -0.0028
vn -0.0017 1.0000 -0.0020
vn 0.0531 0.9986 -0.0012
vn -0.0321 -0.9989 -0.0333
vn -0.0000 -1.0000 0.0001
vn -0.0323 -0.9995 0.0001
vn 0.0321 -0.9989 -0.0333
vn 0.0323 -0.9995 0.0001
vn 0.0324 -0.9989 0.0335
vn -0.0000 -0.9994 0.0336
vn -0.0324 -0.9989 0.0336
vn 0.0321 -0.9989 0.0333
vn -0.0000 -0.9994 0.0333
vn -0.0000 -1.0000 -0.0001
vn 0.0323 -0.9995 -0.0001
vn -0.0321 -0.9989 0.0333
vn -0.0323 -0.9995 -0.0001
vn -0.0324 -0.9989 -0.0335
vn -0.0000 -0.9994 -0.0336
vn 0.0324 -0.9989 -0.0335
vn 0.9996 -0.0129 0.0253
vn 0.9999 -0.0101 -0.0002
vn 0.9981 0.0510 0.0359
vn 0.9986 0.0535 -0.0001
vn 0.9980 0.0517 -0.0359
vn 0.9996 -0.0112 -0.0254
vn -0.9972 0.0310 0.0677
vn -0.9963 0.0694 0.0498
vn -0.9963 -0.0125 0.0854
vn -0.9847 -0.0329 0.1709
vn -0.9870 0.0099 0.1601
vn -0.9872 0.0526 0.1503
vn -0.0001 -1.0000 -0.0000
vn -0.0429 -0.9990 0.0113
vn 0.0429 -0.9990 -0.0113
vn 0.0429 -0.9990 -0.0135
vn -0.0010 -1.0000 0.0006
vn -0.0429 -0.9990 0.0128
vn 0.9677 -0.0012 -0.2522
vn 0.9664 -0.0451 -0.2531
vn 0.9672 0.0426 -0.2506
vn 0.9552 0.0433 -0.2927
vn 0.9559 -0.0000 -0.2935
vn 0.9552 -0.0433 -0.2927
vn -0.0002 1.0000 0.0001
vn 0.0429 0.9990 -0.0111
vn -0.0429 0.9990 0.0110
vn -0.0429 0.9990 0.0128
vn -0.0010 1.0000 0.0006
vn 0.0429 0.9990 -0.0135
vn -0.9677 0.0013 0.2521
vn -0.9670 0.0451 0.2507
vn -0.9665 -0.0426 0.2532
vn -0.9551 -0.0433 0.2933
vn -0.9561 -0.0000 0.2929
vn -0.9551 0.0433 0.2933
vn -0.0429 -0.9990 0.0149
vn 0.0429 -0.9990 -0.0150
vn 0.0429 -0.9990 -0.0138
vn 0.0006 -1.0000 -0.0004
vn -0.0429 -0.9990 0.0142
vn 0.9443 -0.0000 -0.3290
vn 0.9435 -0.0428 -0.3287
vn 0.9435 0.0428 -0.3287
vn 0.9497 0.0431 -0.3102
vn 0.9507 -0.0000 -0.3102
vn 0.9497 -0.0431 -0.3102
vn 0.0429 0.9990 -0.0150
vn -0.0429 0.9990 0.0149
vn -0.0429 0.9990 0.0142
vn 0.0006 1.0000 -0.0004
vn 0.0429 0.9990 -0.0138
vn -0.9443 -0.0000 0.3290
vn -0.9435 0.0428 0.3287
vn -0.9435 -0.0428 0.3287
vn -0.9498 -0.0431 0.3099
vn -0.9506 -0.0000 0.3105
vn -0.9498 0.0431 0.3099
vn 0.0001 -1.0000 -0.0001
vn -0.0429 -0.9990 0.0129
vn 0.0429 -0.9990 -0.0128
vn 0.0429 -0.9990 -0.0086
vn 0.0021 -1.0000 -0.0009
vn -0.0429 -0.9990 0.0096
vn 0.9581 -0.0000 -0.2865
vn 0.9572 -0.0434 -0.2863
vn 0.9572 0.0434 -0.2863
vn 0.9773 0.0443 -0.2069
vn 0.9785 -0.0000 -0.2062
vn 0.9773 -0.0443 -0.2069
vn 0.0001 1.0000 -0.0001
vn 0.0429 0.9990 -0.0128
vn -0.0429 0.9990 0.0129
vn -0.0429 0.9990 0.0096
vn 0.0021 1.0000 -0.0009
vn 0.0429 0.9990 -0.0086
vn -0.9581 -0.0000 0.2866
vn -0.9572 0.0434 0.2862
vn -0.9572 -0.0434 0.2862
vn -0.9775 -0.0444 0.2060
vn -0.9783 -0.0000 0.2071
vn -0.9775 0.0444 0.2060
vn 0.0002 -1.0000 0.0002
vn -0.0430 -0.9991 0.0055
vn 0.0430 -0.9991 -0.0051
vn 0.0443 -0.9990 0.0014
vn 0.0015 -1.0000 0.0037
vn -0.0442 -0.9990 0.0065
vn 0.9927 -0.0000 -0.1207
vn 0.9917 -0.0449 -0.1206
vn 0.9917 0.0449 -0.1206
vn 0.9990 0.0440 -0.0111
vn 0.9999 -0.0000 -0.0110
vn 0.9990 -0.0440 -0.0112
vn 0.0002 1.0000 -0.0000
vn 0.0430 0.9991 -0.0053
vn -0.0430 0.9991 0.0054
vn -0.0442 0.9990 0.0038
vn 0.0015 1.0000 0.0009
vn 0.0443 0.9990 -0.0015
vn -0.9921 -0.0000 0.1257
vn -0.9911 0.0449 0.1256
vn -0.9911 -0.0449 0.1256
vn -0.9930 -0.0437 0.1096
vn -0.9940 -0.0000 0.1097
vn -0.9930 0.0437 0.1095
vn -0.0007 -1.0000 -0.0015
vn -0.0480 -0.9988 -0.0003
vn 0.0465 -0.9989 -0.0017
vn 0.0476 -0.9988 -0.0116
vn -0.0005 -0.9999 -0.0105
vn -0.0508 -0.9987 -0.0092
vn 0.9960 0.0012 0.0897
vn 0.9953 -0.0377 0.0888
vn 0.9951 0.0402 0.0905
vn -0.0045 1.0000 0.0055
vn 0.0483 0.9988 0.0020
vn -0.0569 0.9983 0.0086
vn -0.9955 -0.0018 0.0948
vn -0.9950 0.0365 0.0935
vn -0.9945 -0.0408 0.0960
vn 0.0427 -0.0009 -0.9991
vn 0.0001 -0.0007 -1.0000
vn -0.0001 -0.0211 -0.9998
vn 0.0432 -0.0219 -0.9988
vn -0.0427 -0.0006 -0.9991
vn -0.0431 -0.0214 -0.9988
vn -0.0435 -0.0423 -0.9982
vn 0.0002 -0.0426 -0.9991
vn 0.0436 -0.0429 -0.9981
vn -0.9987 0.0022 -0.0505
vn -1.0000 0.0015 -0.0048
vn -1.0000 0.0015 -0.0068
vn -0.9986 0.0012 -0.0525
vn -0.9992 0.0008 0.0408
vn -0.9993 0.0021 0.0375
vn -0.9992 0.0390 -0.0039
vn -0.9993 0.0304 -0.0208
vn -0.9978 0.0042 -0.0654
vn 0.9987 -0.0007 0.0507
vn 1.0000 -0.0015 0.0050
vn 1.0000 -0.0024 0.0083
vn 0.9986 -0.0011 0.0520
vn 0.9992 -0.0023 -0.0406
vn 0.9993 -0.0026 -0.0379
vn 0.9985 -0.0507 0.0190
vn 0.9991 -0.0089 0.0422
vn 0.9987 0.0059 0.0505
vn 0.0327 -0.0356 -0.9988
vn -0.0001 -0.0354 -0.9994
vn -0.0000 -0.0184 -0.9998
vn 0.0378 -0.0184 -0.9991
vn -0.0327 -0.0352 -0.9988
vn -0.0377 -0.0181 -0.9991
vn -0.9988 -0.0313 -0.0364
vn -0.9995 -0.0324 -0.0015
vn -0.9999 -0.0149 -0.0027
vn -0.9990 -0.0136 -0.0431
vn -0.9989 -0.0334 0.0333
vn -0.9992 -0.0160 0.0375
vn 0.9987 -0.0363 0.0361
vn 0.9993 -0.0378 0.0013
vn 0.9998 -0.0202 0.0027
vn 0.9989 -0.0188 0.0430
vn 0.9987 -0.0393 -0.0335
vn 0.9991 -0.0215 -0.0376
vn 0.0443 -0.9990 -0.0015
vn 0.0015 -1.0000 -0.0037
vn -0.0009 -1.0000 0.0013
vn 0.0465 -0.9989 0.0017
vn -0.0442 -0.9990 -0.0063
vn -0.0484 -0.9988 -0.0000
vn -0.0516 -0.9986 0.0086
vn -0.0009 -0.9999 0.0101
vn 0.0476 -0.9988 0.0116
vn -0.9934 -0.0437 -0.1063
vn -0.9943 -0.0000 -0.1064
vn -0.9954 -0.0005 -0.0956
vn -0.9946 -0.0406 -0.0960
vn -0.9934 0.0437 -0.1062
vn -0.9947 0.0395 -0.0951
vn -0.0442 0.9990 -0.0036
vn 0.0015 1.0000 -0.0009
vn -0.0000 1.0000 -0.0022
vn -0.0484 0.9988 -0.0023
vn 0.0443 0.9990 0.0014
vn 0.0483 0.9988 -0.0020
vn 0.9990 0.0440 0.0082
vn 1.0000 -0.0000 0.0081
vn 0.9960 0.0012 -0.0896
vn 0.9951 0.0402 -0.0904
vn 0.9990 -0.0440 0.0083
vn 0.9953 -0.0377 -0.0887
vn 0.0429 -0.9990 0.0078
vn 0.0018 -1.0000 0.0007
vn 0.0002 -1.0000 -0.0002
vn 0.0430 -0.9991 0.0048
vn -0.0429 -0.9990 -0.0085
vn -0.0430 -0.9991 -0.0052
vn -0.9816 -0.0445 -0.1857
vn -0.9824 -0.0000 -0.1866
vn -0.9929 -0.0000 -0.1187
vn -0.9919 -0.0450 -0.1186
vn -0.9816 0.0445 -0.1857
vn -0.9919 0.0450 -0.1186
vn -0.0429 0.9990 -0.0085
vn 0.0018 1.0000 0.0007
vn -0.0430 0.9991 -0.0051
vn 0.0429 0.9990 0.0078
vn 0.0430 0.9991 0.0050
vn 0.9815 0.0445 0.1864
vn 0.9826 -0.0000 0.1859
vn 0.9935 -0.0000 0.1139
vn 0.9925 0.0450 0.1139
vn 0.9815 -0.0445 0.1864
vn 0.9925 -0.0450 0.1139
vn 0.0429 -0.9990 0.0120
vn 0.0004 -1.0000 0.0002
vn 0.0001 -1.0000 0.0001
vn 0.0429 -0.9990 0.0112
vn -0.0429 -0.9990 -0.0122
vn -0.0429 -0.9990 -0.0112
vn -0.9616 -0.0436 -0.2709
vn -0.9625 -0.0000 -0.2714
vn -0.9675 -0.0000 -0.2528
vn -0.9666 -0.0439 -0.2525
vn -0.9616 0.0436 -0.2709
vn -0.9666 0.0439 -0.2525
vn -0.0429 0.9990 -0.0122
vn 0.0004 1.0000 0.0002
vn 0.0001 1.0000 0.0001
vn -0.0429 0.9990 -0.0112
vn 0.0429 0.9990 0.0120
vn 0.0429 0.9990 0.0112
vn 0.9615 0.0436 0.2711
vn 0.9625 -0.0000 0.2712
vn 0.9675 -0.0000 0.2528
vn 0.9666 0.0439 0.2526
vn 0.9615 -0.0436 0.2711
vn 0.9666 -0.0439 0.2526
vn 0.0429 -0.9990 0.0117
vn -0.0008 -1.0000 -0.0004
vn 0.0429 -0.9990 0.0128
vn -0.0429 -0.9990 -0.0128
vn -0.9652 -0.0438 -0.2577
vn -0.9663 -0.0000 -0.2575
vn -0.9583 -0.0000 -0.2857
vn -0.9574 -0.0434 -0.2855
vn -0.9652 0.0438 -0.2577
vn -0.9574 0.0434 -0.2855
vn -0.0008 1.0000 -0.0004
vn -0.0429 0.9990 -0.0128
vn 0.0429 0.9990 0.0117
vn 0.0429 0.9990 0.0128
vn 0.9654 0.0438 0.2573
vn 0.9662 -0.0000 0.2579
vn 0.9583 -0.0000 0.2857
vn 0.9574 0.0434 0.2855
vn 0.9654 -0.0438 0.2573
vn 0.9574 -0.0434 0.2855
vn 0.0428 -0.9990 0.0135
vn -0.0014 -1.0000 0.0058
vn -0.0001 -1.0000 0.0001
vn 0.0429 -0.9990 0.0102
vn -0.0428 -0.9991 -0.0004
vn -0.0429 -0.9990 -0.0099
vn -0.9872 -0.0337 -0.1558
vn -0.9893 0.0094 -0.1459
vn -0.9743 0.0011 -0.2254
vn -0.9731 -0.0430 -0.2262
vn -0.9892 0.0524 -0.1369
vn -0.9735 0.0453 -0.2242
vn -0.0429 0.9991 -0.0055
vn -0.0023 1.0000 -0.0007
vn -0.0002 1.0000 -0.0001
vn -0.0429 0.9990 -0.0098
vn 0.0429 0.9991 0.0061
vn 0.0429 0.9990 0.0099
vn 0.9900 0.0374 0.1362
vn 0.9891 -0.0094 0.1466
vn 0.9743 -0.0011 0.2255
vn 0.9736 0.0431 0.2242
vn 0.9863 -0.0561 0.1553
vn 0.9730 -0.0453 0.2262
vn 0.0431 -0.9987 -0.0283
vn -0.0032 -0.9994 -0.0335
vn -0.0002 -0.9999 -0.0102
vn 0.0429 -0.9991 -0.0040
vn -0.0434 -0.9983 -0.0380
vn -0.0431 -0.9989 -0.0174
vn -0.9974 0.0301 -0.0655
vn -0.9965 -0.0139 -0.0820
vn -0.9964 0.0692 -0.0487
vn -0.0427 0.9982 0.0419
vn -0.0011 0.9990 0.0436
vn -0.0001 0.9998 0.0221
vn -0.0428 0.9989 0.0202
vn 0.0427 0.9981 0.0454
vn 0.0428 0.9988 0.0228
vn 0.9975 -0.0285 0.0651
vn 0.9985 0.0203 0.0511
vn 0.9938 -0.0761 0.0809
vn -0.0040 -0.0158 0.9999
vn 0.0405 -0.0198 0.9990
vn -0.0480 -0.0133 0.9988
vn -0.0331 -0.0289 0.9990
vn -0.0000 -0.0289 0.9996
vn 0.0331 -0.0289 0.9990
vn -0.9960 0.0890 -0.0016
vn -0.9956 0.0879 0.0337
vn -0.9952 0.0903 -0.0377
vn -0.9966 0.0757 -0.0338
vn -0.9971 0.0757 -0.0000
vn -0.9966 0.0757 0.0338
vn 0.0002 -0.0184 -0.9998
vn -0.0401 -0.0192 -0.9990
vn 0.0405 -0.0188 -0.9990
vn 0.0331 -0.0289 -0.9990
vn -0.0000 -0.0289 -0.9996
vn -0.0331 -0.0289 -0.9990
vn 0.9958 0.0910 -0.0000
vn 0.9952 0.0912 -0.0367
vn 0.9952 0.0912 0.0367
vn 0.9966 0.0757 0.0338
vn 0.9971 0.0757 -0.0000
vn 0.9966 0.0757 -0.0338
vn 0.9986 0.0246 0.0459
vn 0.9999 0.0106 0.0112
vn 0.9999 -0.0065 -0.0097
vn 0.9989 -0.0006 0.0459
vn 0.9989 -0.0178 -0.0436
vn 0.9992 -0.0370 0.0137
vn 0.9987 0.0507 -0.0073
vn 0.9979 0.0474 -0.0447
vn 0.9986 0.0474 0.0254
vn 0.9997 0.0257 -0.0006
vn 1.0000 0.0060 0.0059
vn 0.9998 -0.0125 0.0162
vn 0.9989 0.0016 -0.0473
vn 0.9989 -0.0333 -0.0331
vn 0.9982 0.0331 -0.0493
vn -0.0429 0.9980 -0.0464
vn -0.0429 0.9988 -0.0233
vn 0.0001 0.9997 -0.0226
vn 0.0011 0.9990 -0.0446
vn 0.0429 0.9989 -0.0207
vn 0.0429 0.9982 -0.0428
vn 0.0027 1.0000 0.0008
vn 0.0429 0.9991 0.0060
vn -0.0429 0.9991 -0.0068
vn -0.9985 -0.0508 -0.0196
vn -0.9935 -0.0770 -0.0837
vn -0.9973 -0.0292 -0.0671
vn -0.9990 -0.0095 -0.0431
vn -0.9984 0.0197 -0.0524
vn -0.9987 0.0055 -0.0511
vn -0.9869 -0.0098 -0.1609
vn -0.9881 0.0370 -0.1495
vn -0.9838 -0.0564 -0.1699
vn 0.0441 -0.9976 0.0538
vn 0.0436 -0.9985 0.0319
vn 0.0002 -0.9997 0.0240
vn 0.0034 -0.9988 0.0490
vn -0.0433 -0.9989 0.0173
vn -0.0438 -0.9981 0.0433
vn 0.0017 -1.0000 0.0007
vn -0.0429 -0.9990 -0.0087
vn 0.0430 -0.9990 0.0080
vn 0.9992 0.0007 -0.0409
vn 0.9993 0.0021 -0.0376
vn 1.0000 0.0016 0.0069
vn 1.0000 0.0015 0.0049
vn 0.9986 0.0013 0.0527
vn 0.9987 0.0023 0.0506
vn 0.9993 0.0306 0.0215
vn 0.9977 0.0052 0.0669
vn 0.9992 0.0394 0.0046
vn -0.9992 -0.0022 0.0407
vn -0.9993 -0.0026 0.0380
vn -1.0000 -0.0024 -0.0083
vn -1.0000 -0.0015 -0.0050
vn -0.9986 -0.0011 -0.0522
vn -0.9987 -0.0008 -0.0508
vn 0.0426 0.0009 0.9991
vn 0.0430 -0.0196 0.9989
vn 0.0001 -0.0193 0.9998
vn -0.0001 0.0007 1.0000
vn -0.0430 -0.0200 0.9989
vn -0.0426 0.0006 0.9991
vn -0.0002 -0.0393 0.9992
vn -0.0434 -0.0396 0.9983
vn 0.0433 -0.0389 0.9983
vn 0.9989 -0.0335 -0.0333
vn 0.9992 -0.0161 -0.0376
vn 0.9999 -0.0149 0.0028
vn 0.9995 -0.0324 0.0016
vn 0.9990 -0.0135 0.0431
vn 0.9988 -0.0313 0.0364
vn -0.9987 -0.0392 0.0336
vn -0.9991 -0.0215 0.0376
vn -0.9998 -0.0202 -0.0027
vn -0.9993 -0.0378 -0.0013
vn -0.9989 -0.0189 -0.0430
vn -0.9987 -0.0363 -0.0362
vn 0.0327 -0.0326 0.9989
vn 0.0377 -0.0155 0.9992
vn 0.0001 -0.0328 0.9995
vn -0.0377 -0.0158 0.9992
vn -0.0327 -0.0330 0.9989
vn -0.9994 -0.0227 -0.0266
vn -0.9990 0.0068 -0.0446
vn -0.9999 0.0111 -0.0000
vn -0.9999 -0.0169 0.0003
vn -0.9990 0.0068 0.0446
vn -0.9994 -0.0222 0.0258
vn -0.9994 0.0354 -0.0000
vn -0.9982 0.0366 0.0475
vn -0.9982 0.0366 -0.0475
vn -0.0542 -0.0532 -0.9971
vn -0.0673 -0.3276 -0.9424
vn -0.0148 -0.3377 -0.9411
vn -0.0052 -0.0567 -0.9984
vn 0.0381 -0.3477 -0.9368
vn 0.0442 -0.0566 -0.9974
vn -0.0178 -0.5506 -0.8346
vn 0.0341 -0.5610 -0.8271
vn -0.0712 -0.5383 -0.8398
vn 0.0522 -0.6332 0.7722
vn -0.0077 -0.6171 0.7869
vn -0.0021 -0.3844 0.9231
vn 0.0683 -0.1338 0.9886
vn 0.0062 -0.0645 0.9979
vn 0.0667 -0.0655 0.9956
vn -0.0667 -0.3705 0.9264
vn -0.0542 -0.0642 0.9965
vn -0.0694 -0.5977 0.7987
vn -0.0531 0.9986 0.0012
vn -0.0549 0.9985 -0.0000
vn 0.0083 1.0000 -0.0026
vn 0.0111 0.9999 0.0029
vn 0.0711 0.9975 -0.0050
vn 0.0754 0.9971 0.0044
vn 0.0017 1.0000 -0.0020
vn 0.0563 0.9984 -0.0028
vn -0.0531 0.9986 -0.0012
vn -0.0324 -0.9989 0.0335
vn 0.0324 -0.9989 0.0336
vn -0.9999 -0.0101 -0.0002
vn -0.9996 -0.0129 0.0253
vn -0.9986 0.0535 -0.0001
vn -0.9981 0.0510 0.0359
vn -0.9996 -0.0112 -0.0254
vn -0.9980 0.0517 -0.0359
vn 0.9963 0.0694 0.0498
vn 0.9972 0.0310 0.0677
vn 0.9963 -0.0125 0.0854
vn 0.9870 0.0099 0.1601
vn 0.9847 -0.0329 0.1709
vn 0.9872 0.0526 0.1503
vn 0.0429 -0.9990 0.0113
vn 0.0001 -1.0000 -0.0000
vn -0.0429 -0.9990 -0.0113
vn 0.0010 -1.0000 0.0006
vn -0.0429 -0.9990 -0.0135
vn -0.9664 -0.0451 -0.2531
vn -0.9677 -0.0012 -0.2522
vn -0.9672 0.0426 -0.2506
vn -0.9559 -0.0000 -0.2935
vn -0.9552 0.0433 -0.2927
vn -0.9552 -0.0433 -0.2927
vn -0.0429 0.9990 -0.0111
vn 0.0002 1.0000 0.0001
vn 0.0429 0.9990 0.0110
vn 0.0010 1.0000 0.0006
vn -0.0429 0.9990 -0.0135
vn 0.9670 0.0451 0.2507
vn 0.9677 0.0013 0.2521
vn 0.9665 -0.0426 0.2532
vn 0.9561 -0.0000 0.2929
vn 0.9551 -0.0433 0.2933
vn 0.9551 0.0433 0.2933
vn 0.0429 -0.9990 0.0149
vn -0.0429 -0.9990 -0.0150
vn -0.0006 -1.0000 -0.0004
vn -0.0429 -0.9990 -0.0138
vn 0.0429 -0.9990 0.0142
vn -0.9435 -0.0428 -0.3287
vn -0.9443 -0.0000 -0.3290
vn -0.9435 0.0428 -0.3287
vn -0.9507 -0.0000 -0.3102
vn -0.9497 0.0431 -0.3102
vn -0.9497 -0.0431 -0.3102
vn -0.0429 0.9990 -0.0150
vn 0.0429 0.9990 0.0149
vn -0.0006 1.0000 -0.0004
vn 0.0429 0.9990 0.0142
vn -0.0429 0.9990 -0.0138
vn 0.9435 0.0428 0.3287
vn 0.9443 -0.0000 0.3290
vn 0.9435 -0.0428 0.3287
vn 0.9506 -0.0000 0.3105
vn 0.9498 -0.0431 0.3099
vn 0.9498 0.0431 0.3099
vn 0.0429 -0.9990 0.0129
vn -0.0001 -1.0000 -0.0001
vn -0.0021 -1.0000 -0.0009
vn -0.0429 -0.9990 -0.0086
vn 0.0429 -0.9990 0.0096
vn -0.9572 -0.0434 -0.2863
vn -0.9581 -0.0000 -0.2865
vn -0.9572 0.0434 -0.2863
vn -0.9785 -0.0000 -0.2062
vn -0.9773 0.0443 -0.2069
vn -0.9773 -0.0443 -0.2069
vn -0.0001 1.0000 -0.0001
vn 0.0429 0.9990 0.0129
vn -0.0021 1.0000 -0.0009
vn 0.0429 0.9990 0.0096
vn -0.0429 0.9990 -0.0086
vn 0.9572 0.0434 0.2862
vn 0.9581 -0.0000 0.2866
vn 0.9572 -0.0434 0.2862
vn 0.9783 -0.0000 0.2071
vn 0.9775 -0.0444 0.2060
vn 0.9775 0.0444 0.2060
vn 0.0430 -0.9991 0.0055
vn -0.0002 -1.0000 0.0002
vn -0.0430 -0.9991 -0.0051
vn -0.0015 -1.0000 0.0037
vn -0.0443 -0.9990 0.0014
vn 0.0442 -0.9990 0.0065
vn -0.9917 -0.0449 -0.1206
vn -0.9927 -0.0000 -0.1207
vn -0.9917 0.0449 -0.1206
vn -0.9999 -0.0000 -0.0110
vn -0.9990 0.0440 -0.0111
vn -0.9990 -0.0440 -0.0112
vn -0.0430 0.9991 -0.0053
vn -0.0002 1.0000 -0.0000
vn 0.0430 0.9991 0.0054
vn -0.0015 1.0000 0.0009
vn 0.0442 0.9990 0.0038
vn -0.0443 0.9990 -0.0015
vn 0.9911 0.0449 0.1256
vn 0.9921 -0.0000 0.1257
vn 0.9911 -0.0449 0.1256
vn 0.9940 -0.0000 0.1097
vn 0.9930 -0.0437 0.1096
vn 0.9930 0.0437 0.1095
vn 0.0480 -0.9988 -0.0003
vn 0.0007 -1.0000 -0.0015
vn -0.0465 -0.9989 -0.0017
vn 0.0005 -0.9999 -0.0105
vn -0.0476 -0.9988 -0.0116
vn 0.0508 -0.9987 -0.0092
vn -0.9953 -0.0377 0.0888
vn -0.9960 0.0012 0.0897
vn -0.9951 0.0402 0.0905
vn -0.0483 0.9988 0.0020
vn 0.0045 1.0000 0.0055
vn 0.0569 0.9983 0.0086
vn 0.9950 0.0365 0.0935
vn 0.9955 -0.0018 0.0948
vn 0.9945 -0.0408 0.0960
vn -0.0427 -0.0009 -0.9991
vn -0.0432 -0.0219 -0.9988
vn 0.0001 -0.0211 -0.9998
vn -0.0001 -0.0007 -1.0000
vn 0.0431 -0.0214 -0.9988
vn 0.0427 -0.0006 -0.9991
vn -0.0002 -0.0426 -0.9991
vn 0.0435 -0.0423 -0.9982
vn -0.0436 -0.0429 -0.9981
vn 0.9987 0.0022 -0.0505
vn 0.9986 0.0012 -0.0525
vn 1.0000 0.0015 -0.0068
vn 1.0000 0.0015 -0.0048
vn 0.9993 0.0021 0.0375
vn 0.9992 0.0008 0.0408
vn 0.9993 0.0304 -0.0208
vn 0.9992 0.0390 -0.0039
vn 0.9978 0.0042 -0.0654
vn -0.9987 -0.0007 0.0507
vn -0.9986 -0.0011 0.0520
vn -1.0000 -0.0024 0.0083
vn -1.0000 -0.0015 0.0050
vn -0.9993 -0.0026 -0.0379
vn -0.9992 -0.0023 -0.0406
vn -0.9991 -0.0089 0.0422
vn -0.9985 -0.0507 0.0190
vn -0.9987 0.0059 0.0505
vn -0.0327 -0.0356 -0.9988
vn -0.0378 -0.0184 -0.9991
vn 0.0001 -0.0354 -0.9994
vn 0.0377 -0.0181 -0.9991
vn 0.0327 -0.0352 -0.9988
vn 0.9988 -0.0313 -0.0364
vn 0.9990 -0.0136 -0.0431
vn 0.9999 -0.0149 -0.0027
vn 0.9995 -0.0324 -0.0015
vn 0.9992 -0.0160 0.0375
vn 0.9989 -0.0334 0.0333
vn -0.9987 -0.0363 0.0361
vn -0.9989 -0.0188 0.0430
vn -0.9998 -0.0202 0.0027
vn -0.9993 -0.0378 0.0013
vn -0.9991 -0.0215 -0.0376
vn -0.9987 -0.0393 -0.0335
vn -0.0443 -0.9990 -0.0015
vn -0.0465 -0.9989 0.0017
vn 0.0009 -1.0000 0.0013
vn -0.0015 -1.0000 -0.0037
vn 0.0484 -0.9988 -0.0000
vn 0.0442 -0.9990 -0.0063
vn 0.0009 -0.9999 0.0101
vn 0.0516 -0.9986 0.0086
vn -0.0476 -0.9988 0.0116
vn 0.9934 -0.0437 -0.1063
vn 0.9946 -0.0406 -0.0960
vn 0.9954 -0.0005 -0.0956
vn 0.9943 -0.0000 -0.1064
vn 0.9947 0.0395 -0.0951
vn 0.9934 0.0437 -0.1062
vn 0.0442 0.9990 -0.0036
vn 0.0484 0.9988 -0.0023
vn -0.0015 1.0000 -0.0009
vn -0.0482 0.9988 -0.0020
vn -0.0443 0.9990 0.0014
vn -0.9990 0.0440 0.0082
vn -0.9951 0.0402 -0.0904
vn -0.9960 0.0012 -0.0896
vn -1.0000 -0.0000 0.0081
vn -0.9953 -0.0377 -0.0887
vn -0.9990 -0.0440 0.0083
vn -0.0429 -0.9990 0.0078
vn -0.0430 -0.9991 0.0048
vn -0.0002 -1.0000 -0.0002
vn -0.0018 -1.0000 0.0007
vn 0.0430 -0.9991 -0.0052
vn 0.0429 -0.9990 -0.0085
vn 0.9816 -0.0445 -0.1857
vn 0.9919 -0.0450 -0.1186
vn 0.9929 -0.0000 -0.1187
vn 0.9824 -0.0000 -0.1866
vn 0.9919 0.0450 -0.1186
vn 0.9816 0.0445 -0.1857
vn 0.0429 0.9990 -0.0085
vn 0.0430 0.9991 -0.0051
vn -0.0018 1.0000 0.0007
vn -0.0430 0.9991 0.0050
vn -0.0429 0.9990 0.0078
vn -0.9815 0.0445 0.1864
vn -0.9925 0.0450 0.1139
vn -0.9935 -0.0000 0.1139
vn -0.9826 -0.0000 0.1859
vn -0.9925 -0.0450 0.1139
vn -0.9815 -0.0445 0.1864
vn -0.0429 -0.9990 0.0120
vn -0.0429 -0.9990 0.0112
vn -0.0004 -1.0000 0.0002
vn 0.0429 -0.9990 -0.0112
vn 0.0429 -0.9990 -0.0122
vn 0.9616 -0.0436 -0.2709
vn 0.9666 -0.0439 -0.2525
vn 0.9675 -0.0000 -0.2528
vn 0.9625 -0.0000 -0.2714
vn 0.9666 0.0439 -0.2525
vn 0.9616 0.0436 -0.2709
vn 0.0429 0.9990 -0.0122
vn 0.0429 0.9990 -0.0112
vn -0.0001 1.0000 0.0001
vn -0.0004 1.0000 0.0002
vn -0.0429 0.9990 0.0112
vn -0.0429 0.9990 0.0120
vn -0.9615 0.0436 0.2711
vn -0.9666 0.0439 0.2526
vn -0.9675 -0.0000 0.2528
vn -0.9625 -0.0000 0.2712
vn -0.9666 -0.0439 0.2526
vn -0.9615 -0.0436 0.2711
vn -0.0429 -0.9990 0.0117
vn 0.0008 -1.0000 -0.0004
vn 0.9652 -0.0438 -0.2577
vn 0.9574 -0.0434 -0.2855
vn 0.9583 -0.0000 -0.2857
vn 0.9663 -0.0000 -0.2575
vn 0.9574 0.0434 -0.2855
vn 0.9652 0.0438 -0.2577
vn 0.0008 1.0000 -0.0004
vn -0.0429 0.9990 0.0117
vn -0.9654 0.0438 0.2573
vn -0.9574 0.0434 0.2855
vn -0.9583 -0.0000 0.2857
vn -0.9662 -0.0000 0.2579
vn -0.9574 -0.0434 0.2855
vn -0.9654 -0.0438 0.2573
vn -0.0428 -0.9990 0.0135
vn -0.0429 -0.9990 0.0102
vn 0.0014 -1.0000 0.0058
vn 0.0429 -0.9990 -0.0099
vn 0.0428 -0.9991 -0.0004
vn 0.9872 -0.0337 -0.1558
vn 0.9731 -0.0430 -0.2262
vn 0.9743 0.0011 -0.2254
vn 0.9893 0.0094 -0.1459
vn 0.9735 0.0453 -0.2242
vn 0.9892 0.0524 -0.1369
vn 0.0429 0.9991 -0.0055
vn 0.0429 0.9990 -0.0098
vn 0.0002 1.0000 -0.0001
vn 0.0023 1.0000 -0.0007
vn -0.0429 0.9990 0.0099
vn -0.0429 0.9991 0.0061
vn -0.9900 0.0374 0.1362
vn -0.9736 0.0431 0.2242
vn -0.9743 -0.0011 0.2255
vn -0.9891 -0.0094 0.1466
vn -0.9730 -0.0453 0.2262
vn -0.9863 -0.0561 0.1553
vn -0.0431 -0.9987 -0.0283
vn -0.0429 -0.9991 -0.0040
vn 0.0002 -0.9999 -0.0102
vn 0.0032 -0.9994 -0.0335
vn 0.0431 -0.9989 -0.0174
vn 0.0434 -0.9983 -0.0380
vn 0.9965 -0.0139 -0.0820
vn 0.9974 0.0301 -0.0655
vn 0.9964 0.0692 -0.0487
vn 0.0427 0.9982 0.0419
vn 0.0428 0.9989 0.0202
vn 0.0001 0.9998 0.0221
vn 0.0011 0.9990 0.0436
vn -0.0428 0.9988 0.0228
vn -0.0427 0.9981 0.0454
vn -0.9985 0.0203 0.0511
vn -0.9975 -0.0285 0.0651
vn -0.9938 -0.0761 0.0809
vn -0.0405 -0.0198 0.9990
vn 0.0040 -0.0158 0.9999
vn 0.0480 -0.0133 0.9988
vn 0.9956 0.0879 0.0337
vn 0.9960 0.0890 -0.0016
vn 0.9952 0.0903 -0.0377
vn 0.0401 -0.0192 -0.9990
vn -0.0002 -0.0184 -0.9998
vn -0.0405 -0.0188 -0.9990
vn -0.9952 0.0912 -0.0367
vn -0.9958 0.0910 -0.0000
vn -0.9952 0.0912 0.0367
vn -0.9992 0.0240 0.0332
vn -0.9995 -0.0017 0.0327
vn -0.9999 -0.0082 -0.0098
vn -0.9999 0.0115 0.0073
vn -0.9992 -0.0371 0.0117
vn -0.9992 -0.0286 -0.0288
vn -0.9990 0.0315 -0.0307
vn -0.9987 0.0508 -0.0012
vn -0.9992 0.0369 0.0170
vn -1.0000 0.0052 0.0036
vn -0.9997 0.0254 -0.0001
vn -0.9998 -0.0190 0.0090
vn -0.9991 -0.0335 -0.0256
vn -0.9994 0.0011 -0.0344
vn -0.9988 0.0331 -0.0357
vn 0.0429 0.9985 -0.0338
vn -0.0008 0.9995 -0.0325
vn -0.0001 0.9999 -0.0165
vn 0.0429 0.9989 -0.0170
vn -0.0429 0.9986 -0.0312
vn -0.0429 0.9990 -0.0149
vn -0.0429 0.9991 0.0044
vn -0.0020 1.0000 0.0004
vn 0.0429 0.9991 -0.0049
vn 0.9984 -0.0542 -0.0173
vn 0.9996 -0.0067 -0.0292
vn 0.9984 -0.0297 -0.0488
vn 0.9952 -0.0758 -0.0615
vn 0.9993 0.0041 -0.0375
vn 0.9991 0.0188 -0.0380
vn 0.9933 0.0372 -0.1097
vn 0.9929 -0.0098 -0.1183
vn 0.9905 -0.0567 -0.1254
vn -0.0441 -0.9983 0.0392
vn -0.0025 -0.9994 0.0356
vn -0.0002 -0.9998 0.0174
vn -0.0436 -0.9988 0.0229
vn 0.0438 -0.9985 0.0316
vn 0.0433 -0.9990 0.0131
vn 0.0429 -0.9991 -0.0063
vn -0.0013 -1.0000 0.0004
vn -0.0430 -0.9991 0.0059
vn -0.9996 0.0009 -0.0298
vn -1.0000 0.0019 0.0036
vn -1.0000 0.0019 0.0049
vn -0.9996 0.0020 -0.0275
vn -0.9993 0.0029 0.0370
vn -0.9993 0.0021 0.0387
vn -0.9988 0.0054 0.0494
vn -0.9993 0.0324 0.0168
vn -0.9995 0.0321 -0.0026
vn 0.9996 -0.0028 0.0296
vn 1.0000 -0.0018 -0.0037
vn 1.0000 -0.0027 -0.0062
vn 0.9996 -0.0036 0.0274
vn 0.9993 -0.0009 -0.0370
vn 0.9993 -0.0011 -0.0381
vn -0.0584 0.0017 0.9983
vn -0.0000 0.0014 1.0000
vn -0.0001 -0.0261 0.9997
vn -0.0589 -0.0263 0.9979
vn 0.0584 0.0012 0.9983
vn 0.0590 -0.0271 0.9979
vn 0.0594 -0.0543 0.9968
vn 0.0003 -0.0539 0.9985
vn -0.0594 -0.0534 0.9968
vn -0.9991 -0.0335 -0.0243
vn -0.9995 -0.0324 0.0011
vn -0.9999 -0.0149 0.0020
vn -0.9995 -0.0161 -0.0274
vn -0.9992 -0.0313 0.0265
vn -0.9994 -0.0135 0.0314
vn 0.9989 -0.0392 0.0244
vn 0.9993 -0.0378 -0.0009
vn 0.9998 -0.0202 -0.0020
vn 0.9994 -0.0214 0.0274
vn 0.9990 -0.0363 -0.0263
vn 0.9993 -0.0189 -0.0313
vn -0.0448 -0.0448 0.9980
vn -0.0002 -0.0450 0.9990
vn -0.0000 -0.0216 0.9998
vn -0.0517 -0.0213 0.9984
vn 0.0448 -0.0452 0.9980
vn 0.0517 -0.0217 0.9984
vn 0.0346 -0.9990 0.0273
vn -0.0000 -0.9996 0.0273
vn -0.0346 -0.9990 0.0273
vn -0.0346 -0.9990 -0.0273
vn -0.0000 -0.9996 -0.0273
vn 0.0346 -0.9990 -0.0273
vn 0.9995 -0.0227 -0.0208
vn 0.9994 0.0068 -0.0325
vn 0.9995 -0.0223 0.0201
vn 0.9994 0.0068 0.0325
vn 0.9987 0.0366 0.0346
vn 0.9987 0.0366 -0.0346
vn 0.0683 -0.5589 -0.8264
vn 0.0084 -0.5683 -0.8228
vn 0.0159 -0.6219 -0.7830
vn 0.0775 -0.6082 -0.7900
vn -0.0516 -0.5756 -0.8161
vn -0.0466 -0.6296 -0.7755
vn -0.0414 -0.6809 -0.7312
vn 0.0214 -0.6712 -0.7410
vn 0.0871 -0.6581 -0.7479
vn -0.0615 -0.7462 0.6628
vn -0.0834 -0.7051 0.7042
vn -0.0049 -0.6920 0.7218
vn 0.0090 -0.7327 0.6805
vn -0.1051 -0.6608 0.7432
vn -0.0201 -0.6479 0.7614
vn 0.0639 -0.6304 0.7737
vn 0.0732 -0.6719 0.7370
vn 0.0830 -0.7142 0.6951
vn 0.0531 0.9986 0.0009
vn -0.0110 0.9999 0.0022
vn -0.0083 1.0000 -0.0019
vn -0.0755 0.9971 0.0031
vn -0.0710 0.9975 -0.0037
vn -0.0564 0.9984 -0.0020
vn -0.0017 1.0000 -0.0015
vn 0.0531 0.9986 -0.0009
vn -0.0321 -0.9992 -0.0243
vn -0.0000 -0.9997 -0.0243
vn 0.0321 -0.9992 -0.0243
vn 0.0324 -0.9992 0.0244
vn -0.0000 -0.9997 0.0245
vn -0.0324 -0.9992 0.0244
vn 0.0321 -0.9992 0.0243
vn -0.0000 -0.9997 0.0243
vn -0.0321 -0.9992 0.0243
vn -0.0324 -0.9992 -0.0244
vn -0.0000 -0.9997 -0.0245
vn 0.0324 -0.9992 -0.0244
vn 0.9997 -0.0156 0.0174
vn 1.0000 -0.0094 0.0002
vn 0.9987 0.0435 0.0258
vn 0.9985 0.0542 -0.0005
vn 0.9986 0.0465 -0.0258
vn 0.9998 -0.0125 -0.0176
vn -0.9983 0.0312 0.0494
vn -0.9969 0.0702 0.0359
vn -0.9979 -0.0140 0.0627
vn -0.9915 -0.0333 0.1260
vn -0.9930 0.0099 0.1179
vn -0.9925 0.0529 0.1101
vn -0.0429 -0.9990 0.0082
vn 0.0429 -0.9990 -0.0082
vn 0.0429 -0.9990 -0.0098
vn -0.0008 -1.0000 0.0003
vn -0.0429 -0.9990 0.0094
vn 0.9825 -0.0013 -0.1865
vn 0.9813 -0.0458 -0.1872
vn 0.9817 0.0433 -0.1853
vn 0.9750 0.0442 -0.2178
vn 0.9759 -0.0000 -0.2183
vn 0.9750 -0.0442 -0.2178
vn 0.0429 0.9990 -0.0081
vn -0.0429 0.9990 0.0080
vn -0.0429 0.9990 0.0094
vn -0.0008 1.0000 0.0003
vn -0.9825 0.0013 0.1864
vn -0.9816 0.0458 0.1853
vn -0.9814 -0.0432 0.1872
vn -0.9749 -0.0442 0.2181
vn -0.9759 -0.0000 0.2180
vn -0.9749 0.0442 0.2181
vn -0.0429 -0.9990 0.0109
vn 0.0429 -0.9990 -0.0109
vn 0.0429 -0.9990 -0.0101
vn 0.0004 -1.0000 -0.0002
vn -0.0429 -0.9990 0.0103
vn 0.9693 -0.0000 -0.2460
vn 0.9683 -0.0439 -0.2457
vn 0.9683 0.0439 -0.2457
vn 0.9719 0.0441 -0.2313
vn 0.9729 -0.0000 -0.2313
vn 0.9719 -0.0441 -0.2313
vn 0.0429 0.9990 -0.0109
vn -0.0429 0.9990 0.0109
vn -0.0429 0.9990 0.0103
vn 0.0004 1.0000 -0.0002
vn 0.0429 0.9990 -0.0101
vn -0.9693 -0.0000 0.2460
vn -0.9683 0.0439 0.2457
vn -0.9683 -0.0439 0.2457
vn -0.9719 -0.0441 0.2311
vn -0.9728 -0.0000 0.2315
vn -0.9719 0.0441 0.2311
vn 0.0429 -0.9990 -0.0093
vn 0.0429 -0.9991 -0.0064
vn 0.0016 -1.0000 -0.0005
vn -0.0429 -0.9991 0.0069
vn 0.9771 -0.0000 -0.2128
vn 0.9761 -0.0443 -0.2127
vn 0.9761 0.0443 -0.2127
vn 0.9873 0.0448 -0.1526
vn 0.9883 -0.0000 -0.1523
vn 0.9873 -0.0448 -0.1526
vn 0.0001 1.0000 -0.0000
vn 0.0429 0.9990 -0.0093
vn -0.0429 0.9991 0.0069
vn 0.0016 1.0000 -0.0005
vn 0.0429 0.9991 -0.0064
vn -0.9771 -0.0000 0.2129
vn -0.9761 0.0443 0.2126
vn -0.9761 -0.0443 0.2126
vn -0.9873 -0.0448 0.1521
vn -0.9883 -0.0000 0.1528
vn -0.9873 0.0448 0.1521
vn -0.0430 -0.9991 0.0040
vn 0.0430 -0.9991 -0.0037
vn 0.0443 -0.9990 0.0010
vn 0.0011 -1.0000 0.0028
vn -0.0442 -0.9990 0.0047
vn 0.9961 -0.0000 -0.0882
vn 0.9951 -0.0451 -0.0882
vn 0.9951 0.0451 -0.0882
vn 0.9990 0.0440 -0.0081
vn 1.0000 -0.0000 -0.0080
vn 0.9990 -0.0440 -0.0081
vn 0.0430 0.9991 -0.0038
vn -0.0430 0.9991 0.0039
vn -0.0442 0.9990 0.0027
vn 0.0011 1.0000 0.0007
vn 0.0443 0.9990 -0.0011
vn -0.9958 -0.0000 0.0919
vn -0.9948 0.0451 0.0918
vn -0.9948 -0.0451 0.0918
vn -0.9958 -0.0438 0.0801
vn -0.9968 -0.0000 0.0801
vn -0.9958 0.0438 0.0800
vn -0.0008 -1.0000 -0.0011
vn 0.0465 -0.9989 -0.0013
vn 0.0476 -0.9988 -0.0085
vn -0.0001 -1.0000 -0.0076
vn -0.0508 -0.9987 -0.0067
vn 0.9979 0.0012 0.0655
vn 0.9972 -0.0378 0.0648
vn 0.9970 0.0402 0.0660
vn -0.0045 1.0000 0.0040
vn 0.0483 0.9988 0.0015
vn -0.0571 0.9984 0.0064
vn -0.9976 -0.0019 0.0692
vn -0.9970 0.0366 0.0682
vn -0.9967 -0.0409 0.0701
vn 0.0586 -0.0017 -0.9983
vn -0.0000 -0.0014 -1.0000
vn -0.0001 -0.0295 -0.9996
vn 0.0592 -0.0306 -0.9978
vn -0.0586 -0.0012 -0.9983
vn -0.0592 -0.0297 -0.9978
vn -0.0597 -0.0579 -0.9965
vn 0.0003 -0.0585 -0.9983
vn 0.0597 -0.0589 -0.9965
vn -0.9993 0.0028 -0.0369
vn -1.0000 0.0018 -0.0036
vn -1.0000 0.0018 -0.0049
vn -0.9993 0.0020 -0.0385
vn -0.9996 0.0009 0.0297
vn -0.9996 0.0021 0.0274
vn -0.9995 0.0317 0.0030
vn -0.9993 0.0322 -0.0163
vn -0.9988 0.0043 -0.0483
vn 0.9993 -0.0009 0.0370
vn 1.0000 -0.0019 0.0037
vn 1.0000 -0.0027 0.0062
vn 0.9993 -0.0011 0.0379
vn 0.9996 -0.0029 -0.0295
vn 0.9996 -0.0036 -0.0273
vn 0.9984 -0.0540 0.0167
vn 0.9996 -0.0062 0.0285
vn 0.9993 0.0044 0.0371
vn 0.0449 -0.0488 -0.9978
vn -0.0002 -0.0486 -0.9988
vn -0.0000 -0.0252 -0.9997
vn 0.0518 -0.0252 -0.9983
vn -0.0449 -0.0483 -0.9978
vn -0.0517 -0.0248 -0.9984
vn -0.9992 -0.0313 -0.0265
vn -0.9995 -0.0324 -0.0011
vn -0.9999 -0.0149 -0.0020
vn -0.9994 -0.0135 -0.0314
vn -0.9991 -0.0335 0.0243
vn -0.9995 -0.0160 0.0273
vn 0.9990 -0.0363 0.0263
vn 0.9993 -0.0378 0.0010
vn 0.9998 -0.0202 0.0020
vn 0.9993 -0.0188 0.0313
vn 0.9989 -0.0393 -0.0244
vn 0.9994 -0.0214 -0.0274
vn 0.0443 -0.9990 -0.0011
vn 0.0011 -1.0000 -0.0028
vn -0.0010 -1.0000 0.0010
vn 0.0465 -0.9989 0.0013
vn -0.0442 -0.9990 -0.0046
vn -0.0484 -0.9988 0.0001
vn -0.0515 -0.9987 0.0062
vn -0.0005 -1.0000 0.0074
vn 0.0476 -0.9988 0.0085
vn -0.9960 -0.0438 -0.0776
vn -0.9970 -0.0000 -0.0777
vn -0.9976 -0.0005 -0.0698
vn -0.9967 -0.0407 -0.0701
vn -0.9960 0.0438 -0.0775
vn -0.9968 0.0395 -0.0694
vn -0.0442 0.9990 -0.0026
vn 0.0011 1.0000 -0.0007
vn -0.0000 1.0000 -0.0016
vn -0.0484 0.9988 -0.0017
vn 0.0443 0.9990 0.0010
vn 0.0483 0.9988 -0.0015
vn 0.9990 0.0440 0.0060
vn 1.0000 -0.0000 0.0059
vn 0.9979 0.0012 -0.0654
vn 0.9970 0.0402 -0.0660
vn 0.9990 -0.0440 0.0060
vn 0.9972 -0.0378 -0.0647
vn 0.0429 -0.9991 0.0058
vn 0.0013 -1.0000 0.0004
vn 0.0430 -0.9991 0.0035
vn -0.0429 -0.9991 -0.0061
vn -0.0430 -0.9991 -0.0038
vn -0.9896 -0.0449 -0.1367
vn -0.9905 -0.0000 -0.1372
vn -0.9962 -0.0000 -0.0868
vn -0.9952 -0.0451 -0.0867
vn -0.9896 0.0449 -0.1367
vn -0.9952 0.0451 -0.0867
vn -0.0429 0.9991 -0.0061
vn 0.0013 1.0000 0.0004
vn -0.0430 0.9991 -0.0037
vn 0.0429 0.9991 0.0058
vn 0.0430 0.9991 0.0036
vn 0.9895 0.0449 0.1371
vn 0.9906 -0.0000 0.1369
vn 0.9965 -0.0000 0.0832
vn 0.9955 0.0451 0.0832
vn 0.9895 -0.0449 0.1371
vn 0.9955 -0.0451 0.0832
vn 0.0429 -0.9990 0.0087
vn 0.0003 -1.0000 0.0001
vn 0.0429 -0.9990 0.0082
vn -0.0429 -0.9990 -0.0089
vn -0.0429 -0.9990 -0.0082
vn -0.9786 -0.0444 -0.2009
vn -0.9796 -0.0000 -0.2012
vn -0.9824 -0.0000 -0.1870
vn -0.9814 -0.0445 -0.1868
vn -0.9786 0.0444 -0.2009
vn -0.9814 0.0445 -0.1868
vn -0.0429 0.9990 -0.0089
vn 0.0003 1.0000 0.0001
vn -0.0429 0.9990 -0.0082
vn 0.0429 0.9990 0.0087
vn 0.0429 0.9990 0.0082
vn 0.9786 0.0444 0.2010
vn 0.9796 -0.0000 0.2011
vn 0.9824 -0.0000 0.1870
vn 0.9814 0.0445 0.1868
vn 0.9786 -0.0444 0.2010
vn 0.9814 -0.0445 0.1868
vn 0.0429 -0.9990 0.0085
vn -0.0006 -1.0000 -0.0002
vn 0.0429 -0.9990 0.0093
vn -0.0429 -0.9990 -0.0093
vn -0.9806 -0.0445 -0.1907
vn -0.9817 -0.0000 -0.1907
vn -0.9772 -0.0000 -0.2122
vn -0.9763 -0.0443 -0.2120
vn -0.9806 0.0445 -0.1907
vn -0.9763 0.0443 -0.2120
vn -0.0006 1.0000 -0.0002
vn -0.0429 0.9990 -0.0093
vn 0.0429 0.9990 0.0085
vn 0.0429 0.9990 0.0093
vn 0.9807 0.0445 0.1905
vn 0.9816 -0.0000 0.1909
vn 0.9772 -0.0000 0.2122
vn 0.9763 0.0443 0.2120
vn 0.9807 -0.0445 0.1905
vn 0.9763 -0.0443 0.2120
vn 0.0428 -0.9990 0.0099
vn -0.0011 -1.0000 0.0043
vn 0.0429 -0.9991 0.0074
vn -0.0429 -0.9991 -0.0072
vn -0.9928 -0.0340 -0.1146
vn -0.9942 0.0094 -0.1072
vn -0.9861 0.0011 -0.1662
vn -0.9850 -0.0435 -0.1668
vn -0.9936 0.0527 -0.1001
vn -0.9852 0.0458 -0.1653
vn -0.0429 0.9991 -0.0041
vn -0.0017 1.0000 -0.0004
vn -0.0001 1.0000 -0.0000
vn -0.0429 0.9991 -0.0071
vn 0.0429 0.9991 0.0044
vn 0.0429 0.9991 0.0072
vn 0.9943 0.0376 0.0997
vn 0.9941 -0.0095 0.1076
vn 0.9861 -0.0011 0.1662
vn 0.9853 0.0436 0.1653
vn 0.9918 -0.0563 0.1143
vn 0.9849 -0.0458 0.1668
vn 0.0432 -0.9989 -0.0206
vn -0.0024 -0.9997 -0.0243
vn -0.0002 -1.0000 -0.0073
vn 0.0429 -0.9991 -0.0033
vn -0.0434 -0.9987 -0.0277
vn -0.0431 -0.9990 -0.0125
vn -0.9984 0.0303 -0.0478
vn -0.9981 -0.0153 -0.0601
vn -0.9969 0.0700 -0.0351
vn -0.0427 0.9986 0.0305
vn -0.0008 0.9995 0.0318
vn -0.0000 0.9999 0.0162
vn -0.0428 0.9990 0.0145
vn 0.0427 0.9985 0.0331
vn 0.0428 0.9989 0.0166
vn 0.9985 -0.0290 0.0474
vn 0.9991 0.0195 0.0370
vn 0.9954 -0.0749 0.0595
vn 0.0671 -0.0131 0.9977
vn -0.0124 -0.0036 0.9999
vn -0.0054 -0.0217 0.9997
vn 0.0556 -0.0272 0.9981
vn -0.0887 0.0055 0.9960
vn -0.0659 -0.0183 0.9977
vn -0.0454 -0.0396 0.9982
vn -0.0000 -0.0397 0.9992
vn 0.0454 -0.0396 0.9982
vn -0.9960 0.0890 -0.0011
vn -0.9958 0.0879 0.0245
vn -0.9955 0.0904 -0.0274
vn -0.9968 0.0757 -0.0247
vn -0.9968 0.0757 0.0247
vn -0.0660 -0.0112 -0.9978
vn 0.0005 -0.0108 -0.9999
vn 0.0003 -0.0252 -0.9997
vn -0.0551 -0.0263 -0.9981
vn 0.0671 -0.0103 -0.9977
vn 0.0556 -0.0258 -0.9981
vn 0.0454 -0.0396 -0.9982
vn -0.0000 -0.0397 -0.9992
vn -0.0454 -0.0396 -0.9982
vn 0.9958 0.0911 -0.0000
vn 0.9955 0.0913 -0.0268
vn 0.9955 0.0913 0.0268
vn 0.9968 0.0757 0.0247
vn 0.9968 0.0757 -0.0247
vn 0.9992 0.0240 0.0332
vn 0.9999 0.0115 0.0073
vn 0.9999 -0.0082 -0.0098
vn 0.9995 -0.0017 0.0327
vn 0.9992 -0.0286 -0.0288
vn 0.9992 -0.0371 0.0117
vn 0.9987 0.0508 -0.0012
vn 0.9990 0.0315 -0.0307
vn 0.9992 0.0369 0.0170
vn 0.9997 0.0254 -0.0001
vn 1.0000 0.0052 0.0036
vn 0.9998 -0.0190 0.0090
vn 0.9994 0.0011 -0.0344
vn 0.9991 -0.0335 -0.0256
vn 0.9988 0.0331 -0.0357
vn -0.0429 0.9985 -0.0338
vn -0.0429 0.9989 -0.0170
vn 0.0001 0.9999 -0.0165
vn 0.0008 0.9995 -0.0325
vn 0.0429 0.9990 -0.0149
vn 0.0429 0.9986 -0.0312
vn 0.0020 1.0000 0.0004
vn -0.0429 0.9991 -0.0049
vn -0.9984 -0.0542 -0.0173
vn -0.9952 -0.0758 -0.0615
vn -0.9984 -0.0297 -0.0488
vn -0.9996 -0.0067 -0.0292
vn -0.9991 0.0188 -0.0380
vn -0.9993 0.0041 -0.0375
vn -0.9929 -0.0098 -0.1183
vn -0.9933 0.0372 -0.1097
vn -0.9905 -0.0567 -0.1254
vn 0.0441 -0.9983 0.0392
vn 0.0436 -0.9988 0.0229
vn 0.0002 -0.9998 0.0174
vn 0.0025 -0.9994 0.0356
vn -0.0433 -0.9990 0.0131
vn -0.0438 -0.9985 0.0316
vn -0.0429 -0.9991 -0.0063
vn 0.0430 -0.9991 0.0059
vn 0.9996 0.0009 -0.0298
vn 0.9996 0.0020 -0.0275
vn 1.0000 0.0019 0.0049
vn 1.0000 0.0019 0.0036
vn 0.9993 0.0021 0.0387
vn 0.9993 0.0029 0.0370
vn 0.9993 0.0324 0.0168
vn 0.9988 0.0054 0.0494
vn 0.9995 0.0321 -0.0026
vn -0.9996 -0.0028 0.0296
vn -0.9996 -0.0036 0.0274
vn -1.0000 -0.0027 -0.0062
vn -1.0000 -0.0018 -0.0037
vn -0.9993 -0.0011 -0.0381
vn -0.9993 -0.0009 -0.0370
vn 0.0584 0.0017 0.9983
vn 0.0589 -0.0263 0.9979
vn 0.0001 -0.0261 0.9997
vn -0.0000 0.0015 1.0000
vn -0.0590 -0.0271 0.9979
vn -0.0584 0.0012 0.9983
vn -0.0003 -0.0539 0.9985
vn -0.0594 -0.0543 0.9968
vn 0.0594 -0.0534 0.9968
vn 0.9991 -0.0335 -0.0243
vn 0.9995 -0.0161 -0.0274
vn 0.9999 -0.0149 0.0020
vn 0.9995 -0.0324 0.0011
vn 0.9994 -0.0135 0.0314
vn 0.9992 -0.0313 0.0265
vn -0.9989 -0.0392 0.0244
vn -0.9994 -0.0214 0.0274
vn -0.9998 -0.0202 -0.0020
vn -0.9993 -0.0378 -0.0009
vn -0.9993 -0.0189 -0.0313
vn -0.9990 -0.0363 -0.0263
vn 0.0448 -0.0448 0.9980
vn 0.0517 -0.0213 0.9984
vn 0.0002 -0.0450 0.9990
vn -0.0517 -0.0217 0.9984
vn -0.0448 -0.0452 0.9980
vn -0.9995 -0.0227 -0.0208
vn -0.9994 0.0068 -0.0325
vn -0.9994 0.0068 0.0325
vn -0.9995 -0.0223 0.0201
vn -0.9987 0.0366 0.0346
vn -0.9987 0.0366 -0.0346
vn -0.0683 -0.5589 -0.8264
vn -0.0775 -0.6082 -0.7900
vn -0.0159 -0.6219 -0.7830
vn -0.0084 -0.5683 -0.8228
vn 0.0466 -0.6296 -0.7755
vn 0.0516 -0.5756 -0.8161
vn -0.0214 -0.6712 -0.7410
vn 0.0414 -0.6809 -0.7312
vn -0.0871 -0.6581 -0.7479
vn 0.0615 -0.7462 0.6628
vn -0.0090 -0.7327 0.6805
vn 0.0049 -0.6920 0.7218
vn 0.0834 -0.7051 0.7042
vn 0.0201 -0.6479 0.7614
vn 0.1051 -0.6608 0.7432
vn -0.0732 -0.6719 0.7370
vn -0.0639 -0.6304 0.7737
vn -0.0830 -0.7142 0.6951
vn -0.0531 0.9986 0.0009
vn 0.0083 1.0000 -0.0019
vn 0.0110 0.9999 0.0022
vn 0.0710 0.9975 -0.0037
vn 0.0755 0.9971 0.0031
vn 0.0017 1.0000 -0.0015
vn 0.0564 0.9984 -0.0020
vn -0.0531 0.9986 -0.0009
vn -1.0000 -0.0094 0.0002
vn -0.9997 -0.0156 0.0174
vn -0.9985 0.0542 -0.0005
vn -0.9987 0.0435 0.0258
vn -0.9998 -0.0125 -0.0176
vn -0.9986 0.0465 -0.0258
vn 0.9969 0.0702 0.0359
vn 0.9983 0.0312 0.0494
vn 0.9979 -0.0140 0.0627
vn 0.9930 0.0099 0.1179
vn 0.9915 -0.0333 0.1260
vn 0.9925 0.0529 0.1101
vn 0.0008 -1.0000 0.0003
vn -0.0429 -0.9990 -0.0098
vn 0.0429 -0.9990 0.0094
vn -0.9813 -0.0458 -0.1872
vn -0.9825 -0.0013 -0.1865
vn -0.9817 0.0433 -0.1853
vn -0.9759 -0.0000 -0.2183
vn -0.9750 0.0442 -0.2178
vn -0.9750 -0.0442 -0.2178
vn -0.0429 0.9990 -0.0081
vn 0.0429 0.9990 0.0080
vn 0.0008 1.0000 0.0003
vn 0.0429 0.9990 0.0094
vn 0.9816 0.0458 0.1853
vn 0.9825 0.0013 0.1864
vn 0.9814 -0.0432 0.1872
vn 0.9759 -0.0000 0.2180
vn 0.9749 -0.0442 0.2181
vn 0.9749 0.0442 0.2181
vn 0.0429 -0.9990 0.0109
vn -0.0429 -0.9990 -0.0109
vn -0.0004 -1.0000 -0.0002
vn -0.0429 -0.9990 -0.0101
vn 0.0429 -0.9990 0.0103
vn -0.9683 -0.0439 -0.2457
vn -0.9693 -0.0000 -0.2460
vn -0.9683 0.0439 -0.2457
vn -0.9729 -0.0000 -0.2313
vn -0.9719 0.0441 -0.2313
vn -0.9719 -0.0441 -0.2313
vn -0.0429 0.9990 -0.0109
vn 0.0429 0.9990 0.0109
vn -0.0004 1.0000 -0.0002
vn 0.0429 0.9990 0.0103
vn -0.0429 0.9990 -0.0101
vn 0.9683 0.0439 0.2457
vn 0.9693 -0.0000 0.2460
vn 0.9683 -0.0439 0.2457
vn 0.9728 -0.0000 0.2315
vn 0.9719 -0.0441 0.2311
vn 0.9719 0.0441 0.2311
vn -0.0016 -1.0000 -0.0005
vn -0.0429 -0.9991 -0.0064
vn 0.0429 -0.9991 0.0069
vn -0.9761 -0.0443 -0.2127
vn -0.9771 -0.0000 -0.2128
vn -0.9761 0.0443 -0.2127
vn -0.9883 -0.0000 -0.1523
vn -0.9873 0.0448 -0.1526
vn -0.9873 -0.0448 -0.1526
vn -0.0016 1.0000 -0.0005
vn 0.0429 0.9991 0.0069
vn -0.0429 0.9991 -0.0064
vn 0.9761 0.0443 0.2126
vn 0.9771 -0.0000 0.2129
vn 0.9761 -0.0443 0.2126
vn 0.9883 -0.0000 0.1528
vn 0.9873 -0.0448 0.1521
vn 0.9873 0.0448 0.1521
vn 0.0430 -0.9991 0.0040
vn -0.0430 -0.9991 -0.0037
vn -0.0011 -1.0000 0.0028
vn -0.0443 -0.9990 0.0010
vn 0.0442 -0.9990 0.0047
vn -0.9951 -0.0451 -0.0882
vn -0.9961 -0.0000 -0.0882
vn -0.9951 0.0451 -0.0882
vn -1.0000 -0.0000 -0.0080
vn -0.9990 0.0440 -0.0081
vn -0.9990 -0.0440 -0.0081
vn -0.0430 0.9991 -0.0038
vn 0.0430 0.9991 0.0039
vn -0.0011 1.0000 0.0007
vn 0.0442 0.9990 0.0027
vn -0.0443 0.9990 -0.0011
vn 0.9948 0.0451 0.0918
vn 0.9958 -0.0000 0.0919
vn 0.9948 -0.0451 0.0918
vn 0.9968 -0.0000 0.0801
vn 0.9958 -0.0438 0.0801
vn 0.9958 0.0438 0.0800
vn 0.0008 -1.0000 -0.0011
vn -0.0465 -0.9989 -0.0013
vn 0.0001 -1.0000 -0.0076
vn -0.0476 -0.9988 -0.0085
vn 0.0508 -0.9987 -0.0067
vn -0.9972 -0.0378 0.0648
vn -0.9979 0.0012 0.0655
vn -0.9970 0.0402 0.0660
vn -0.0483 0.9988 0.0015
vn 0.0045 1.0000 0.0040
vn 0.0571 0.9984 0.0064
vn 0.9970 0.0366 0.0682
vn 0.9976 -0.0019 0.0692
vn 0.9967 -0.0409 0.0701
vn -0.0586 -0.0017 -0.9983
vn -0.0592 -0.0306 -0.9978
vn 0.0001 -0.0295 -0.9996
vn 0.0592 -0.0297 -0.9978
vn 0.0586 -0.0012 -0.9983
vn -0.0003 -0.0585 -0.9983
vn 0.0597 -0.0579 -0.9965
vn -0.0597 -0.0589 -0.9965
vn 0.9993 0.0028 -0.0369
vn 0.9993 0.0020 -0.0385
vn 1.0000 0.0018 -0.0049
vn 1.0000 0.0018 -0.0036
vn 0.9996 0.0021 0.0274
vn 0.9996 0.0009 0.0297
vn 0.9993 0.0322 -0.0163
vn 0.9995 0.0317 0.0030
vn 0.9988 0.0043 -0.0483
vn -0.9993 -0.0009 0.0370
vn -0.9993 -0.0011 0.0379
vn -1.0000 -0.0027 0.0062
vn -1.0000 -0.0019 0.0037
vn -0.9996 -0.0036 -0.0273
vn -0.9996 -0.0029 -0.0295
vn -0.9996 -0.0062 0.0285
vn -0.9984 -0.0540 0.0167
vn -0.9993 0.0044 0.0371
vn -0.0449 -0.0488 -0.9978
vn -0.0518 -0.0252 -0.9983
vn 0.0002 -0.0486 -0.9988
vn 0.0517 -0.0248 -0.9984
vn 0.0449 -0.0483 -0.9978
vn 0.9992 -0.0313 -0.0265
vn 0.9994 -0.0135 -0.0314
vn 0.9999 -0.0149 -0.0020
vn 0.9995 -0.0324 -0.0011
vn 0.9995 -0.0160 0.0273
vn 0.9991 -0.0335 0.0243
vn -0.9990 -0.0363 0.0263
vn -0.9993 -0.0188 0.0313
vn -0.9998 -0.0202 0.0020
vn -0.9993 -0.0378 0.0010
vn -0.9994 -0.0214 -0.0274
vn -0.9989 -0.0393 -0.0244
vn -0.0443 -0.9990 -0.0011
vn -0.0465 -0.9989 0.0013
vn 0.0010 -1.0000 0.0010
vn -0.0011 -1.0000 -0.0028
vn 0.0484 -0.9988 0.0001
vn 0.0442 -0.9990 -0.0046
vn 0.0005 -1.0000 0.0074
vn 0.0515 -0.9987 0.0062
vn -0.0476 -0.9988 0.0085
vn 0.9960 -0.0438 -0.0776
vn 0.9967 -0.0407 -0.0701
vn 0.9976 -0.0005 -0.0698
vn 0.9970 -0.0000 -0.0777
vn 0.9968 0.0395 -0.0694
vn 0.9960 0.0438 -0.0775
vn 0.0442 0.9990 -0.0026
vn 0.0484 0.9988 -0.0017
vn -0.0011 1.0000 -0.0007
vn -0.0483 0.9988 -0.0015
vn -0.0443 0.9990 0.0010
vn -0.9990 0.0440 0.0060
vn -0.9970 0.0402 -0.0660
vn -0.9979 0.0012 -0.0654
vn -1.0000 -0.0000 0.0059
vn -0.9972 -0.0378 -0.0647
vn -0.9990 -0.0440 0.0060
vn -0.0429 -0.9991 0.0058
vn -0.0430 -0.9991 0.0035
vn 0.0430 -0.9991 -0.0038
vn 0.0429 -0.9991 -0.0061
vn 0.9896 -0.0449 -0.1367
vn 0.9952 -0.0451 -0.0867
vn 0.9962 -0.0000 -0.0868
vn 0.9905 -0.0000 -0.1372
vn 0.9952 0.0451 -0.0867
vn 0.9896 0.0449 -0.1367
vn 0.0429 0.9991 -0.0061
vn 0.0430 0.9991 -0.0037
vn -0.0013 1.0000 0.0004
vn -0.0430 0.9991 0.0036
vn -0.0429 0.9991 0.0058
vn -0.9895 0.0449 0.1371
vn -0.9955 0.0451 0.0832
vn -0.9965 -0.0000 0.0832
vn -0.9906 -0.0000 0.1369
vn -0.9955 -0.0451 0.0832
vn -0.9895 -0.0449 0.1371
vn -0.0429 -0.9990 0.0087
vn -0.0003 -1.0000 0.0001
vn 0.0429 -0.9990 -0.0089
vn 0.9786 -0.0444 -0.2009
vn 0.9814 -0.0445 -0.1868
vn 0.9824 -0.0000 -0.1870
vn 0.9796 -0.0000 -0.2012
vn 0.9814 0.0445 -0.1868
vn 0.9786 0.0444 -0.2009
vn 0.0429 0.9990 -0.0089
vn 0.0429 0.9990 -0.0082
vn -0.0003 1.0000 0.0001
vn -0.0429 0.9990 0.0082
vn -0.0429 0.9990 0.0087
vn -0.9786 0.0444 0.2010
vn -0.9814 0.0445 0.1868
vn -0.9824 -0.0000 0.1870
vn -0.9796 -0.0000 0.2011
vn -0.9814 -0.0445 0.1868
vn -0.9786 -0.0444 0.2010
vn -0.0429 -0.9990 0.0085
vn -0.0429 -0.9990 0.0093
vn 0.0006 -1.0000 -0.0002
vn 0.9806 -0.0445 -0.1907
vn 0.9763 -0.0443 -0.2120
vn 0.9772 -0.0000 -0.2122
vn 0.9817 -0.0000 -0.1907
vn 0.9763 0.0443 -0.2120
vn 0.9806 0.0445 -0.1907
vn 0.0006 1.0000 -0.0002
vn -0.0429 0.9990 0.0093
vn -0.0429 0.9990 0.0085
vn -0.9807 0.0445 0.1905
vn -0.9763 0.0443 0.2120
vn -0.9772 -0.0000 0.2122
vn -0.9816 -0.0000 0.1909
vn -0.9763 -0.0443 0.2120
vn -0.9807 -0.0445 0.1905
vn -0.0428 -0.9990 0.0099
vn -0.0429 -0.9991 0.0074
vn 0.0011 -1.0000 0.0043
vn 0.0429 -0.9991 -0.0072
vn 0.9928 -0.0340 -0.1146
vn 0.9850 -0.0435 -0.1668
vn 0.9861 0.0011 -0.1662
vn 0.9942 0.0094 -0.1072
vn 0.9852 0.0458 -0.1653
vn 0.9936 0.0527 -0.1001
vn 0.0429 0.9991 -0.0041
vn 0.0429 0.9991 -0.0071
vn 0.0017 1.0000 -0.0004
vn -0.0429 0.9991 0.0072
vn -0.9943 0.0376 0.0997
vn -0.9853 0.0436 0.1653
vn -0.9861 -0.0011 0.1662
vn -0.9941 -0.0095 0.1076
vn -0.9849 -0.0458 0.1668
vn -0.9918 -0.0563 0.1143
vn -0.0432 -0.9989 -0.0206
vn -0.0429 -0.9991 -0.0033
vn 0.0002 -1.0000 -0.0073
vn 0.0024 -0.9997 -0.0243
vn 0.0431 -0.9990 -0.0125
vn 0.0434 -0.9987 -0.0277
vn 0.9981 -0.0153 -0.0601
vn 0.9984 0.0303 -0.0478
vn 0.9969 0.0700 -0.0351
vn 0.0427 0.9986 0.0305
vn 0.0428 0.9990 0.0145
vn 0.0008 0.9995 0.0318
vn -0.0428 0.9989 0.0166
vn -0.0427 0.9985 0.0331
vn -0.9991 0.0195 0.0370
vn -0.9985 -0.0290 0.0474
vn -0.9954 -0.0749 0.0595
vn -0.0671 -0.0131 0.9977
vn -0.0556 -0.0272 0.9981
vn 0.0054 -0.0217 0.9997
vn 0.0124 -0.0036 0.9999
vn 0.0659 -0.0183 0.9977
vn 0.0887 0.0055 0.9960
vn 0.9958 0.0879 0.0245
vn 0.9960 0.0890 -0.0011
vn 0.9955 0.0904 -0.0274
vn 0.0660 -0.0112 -0.9978
vn 0.0551 -0.0263 -0.9981
vn -0.0003 -0.0252 -0.9997
vn -0.0005 -0.0108 -0.9999
vn -0.0556 -0.0258 -0.9981
vn -0.0671 -0.0103 -0.9977
vn -0.9955 0.0913 -0.0268
vn -0.9958 0.0911 -0.0000
vn -0.9955 0.0913 0.0268
vn -0.9739 0.0017 0.2269
vn -0.9739 0.0008 0.2268
vn -0.9773 0.0012 0.2117
vn -0.9773 0.0023 0.2117
vn -0.0004 1.0000 -0.0000
vn -0.0017 1.0000 0.0002
vn -0.0013 1.0000 0.0001
vn -0.0017 1.0000 -0.0002
vn -0.0013 1.0000 -0.0001
vn 0.8134 -0.1070 0.5718
vn 0.8984 -0.0792 0.4320
vn 0.9024 -0.0775 0.4239
vn 0.0017 -1.0000 0.0002
vn 0.0081 -1.0000 0.0009
vn 0.0064 -1.0000 0.0007
vn -0.0081 1.0000 -0.0009
vn -0.0064 1.0000 -0.0007
vn 0.0013 -1.0000 0.0001
vn 0.0060 -1.0000 0.0007
vn 0.0048 -1.0000 0.0005
vn -0.0060 1.0000 -0.0007
vn -0.0048 1.0000 -0.0005
vn 0.0008 -1.0000 0.0001
vn 0.0039 -1.0000 0.0004
vn 0.0031 -1.0000 0.0003
vn -0.0039 1.0000 -0.0004
vn -0.0008 1.0000 -0.0001
vn -0.0031 1.0000 -0.0003
vn 0.0004 -1.0000 -0.0000
vn 0.9774 0.0001 0.2113
vn 0.9782 -0.0002 0.2077
vn 0.9338 -0.0005 0.3578
vn 0.9505 -0.0004 0.3107
vn -0.5157 0.0085 0.8567
vn -0.5164 0.0081 0.8563
vn 0.9502 -0.0025 -0.3117
vn 0.9333 -0.0027 -0.3591
vn 0.9334 -0.0025 -0.3588
vn 0.9502 -0.0023 -0.3115
vn 0.9772 0.0009 -0.2124
vn -0.5179 0.0073 0.8554
vn -0.5186 0.0068 0.8550
vn -0.5192 0.0063 0.8547
vn -0.5191 0.0063 0.8547
vn -0.0275 0.9996 -0.0069
vn -0.0195 0.9998 -0.0049
vn -0.0183 0.9998 -0.0040
vn -0.0257 0.9996 -0.0069
vn -0.5202 0.0053 0.8540
vn -0.5207 0.0048 0.8537
vn -0.5211 0.0043 0.8535
vn -0.0237 0.9997 0.0031
vn -0.0403 0.9991 0.0102
vn -0.0378 0.9993 0.0084
vn -0.0210 0.9998 0.0027
vn -0.5218 0.0032 0.8530
vn -0.5221 0.0027 0.8529
vn -0.5223 0.0022 0.8527
vn 0.9881 0.0371 0.1491
vn 0.9881 0.0393 0.1488
vn 0.9798 0.0644 0.1894
vn 0.9719 0.0708 0.2245
vn -0.5227 0.0011 0.8525
vn -0.5228 0.0005 0.8525
vn -0.0081 1.0000 0.0009
vn -0.0064 1.0000 0.0007
vn 0.9279 0.1243 -0.3516
vn -0.0060 1.0000 0.0007
vn -0.0048 1.0000 0.0005
vn 0.8731 0.1253 -0.4712
vn 0.9687 0.0738 -0.2372
vn 0.9346 0.0970 -0.3421
vn -0.0008 1.0000 0.0001
vn -0.0039 1.0000 0.0004
vn -0.0031 1.0000 0.0003
vn 0.7293 -0.0000 -0.6842
vn 0.9058 0.0527 -0.4205
vn 0.9057 0.0527 -0.4206
vn -0.5227 0.0011 -0.8525
vn -0.5228 0.0005 -0.8525
vn -0.9729 0.0134 0.2308
vn -0.9730 0.0126 0.2304
vn -0.9765 0.0175 0.2150
vn -0.9763 0.0186 0.2154
vn -0.9732 0.0111 0.2296
vn -0.9767 0.0155 0.2143
vn -0.9734 0.0096 0.2289
vn -0.9768 0.0134 0.2136
vn -0.9736 0.0081 0.2283
vn -0.9770 0.0113 0.2130
vn -0.9737 0.0065 0.2278
vn -0.9771 0.0091 0.2125
vn -0.9738 0.0049 0.2274
vn -0.9772 0.0069 0.2122
vn -0.9739 0.0033 0.2271
vn -0.9773 0.0046 0.2119
vn -0.9773 0.0046 -0.2119
vn -0.9773 0.0023 -0.2117
vn -0.9739 0.0017 -0.2269
vn -0.9739 0.0033 -0.2271
vn -0.9827 0.0006 -0.1854
vn -0.9826 0.0012 -0.1855
vn -0.9918 0.0001 -0.1281
vn -0.9918 0.0003 -0.1281
vn 0.0008 -1.0000 -0.0001
vn 0.0006 -1.0000 -0.0001
vn 0.0017 -1.0000 -0.0002
vn 0.0015 -1.0000 -0.0001
vn -0.0006 1.0000 -0.0001
vn -0.0015 1.0000 -0.0001
vn -0.9918 0.0003 0.1281
vn -0.9918 0.0001 0.1281
vn -0.9827 0.0006 0.1854
vn -0.9826 0.0011 0.1855
vn -0.9772 0.0069 -0.2122
vn -0.9738 0.0049 -0.2274
vn -0.9826 0.0017 -0.1857
vn -0.9917 0.0003 -0.1282
vn -0.9917 0.0003 0.1282
vn -0.9826 0.0017 0.1857
vn -0.9771 0.0091 -0.2125
vn -0.9737 0.0065 -0.2278
vn -0.9826 0.0020 -0.1860
vn -0.9917 -0.0001 -0.1284
vn 0.0007 -1.0000 -0.0000
vn 0.0014 -1.0000 -0.0000
vn 0.0015 -1.0000 0.0001
vn -0.9917 -0.0001 0.1284
vn -0.9826 0.0020 0.1860
vn -0.9770 0.0113 -0.2130
vn -0.9736 0.0081 -0.2283
vn -0.9825 0.0020 -0.1864
vn -0.9917 -0.0010 -0.1287
vn -0.0007 1.0000 -0.0000
vn -0.0014 1.0000 -0.0000
vn -0.0015 1.0000 0.0001
vn -0.9917 -0.0010 0.1287
vn -0.9825 0.0020 0.1864
vn -0.9768 0.0134 -0.2136
vn -0.9734 0.0096 -0.2289
vn -0.9824 0.0022 -0.1870
vn -0.9916 -0.0015 -0.1292
vn -0.9916 -0.0015 0.1292
vn -0.9824 0.0022 0.1870
vn -0.9767 0.0155 -0.2143
vn -0.9732 0.0111 -0.2296
vn -0.9822 0.0027 -0.1876
vn -0.9915 -0.0014 -0.1298
vn -0.9915 -0.0014 0.1298
vn -0.9822 0.0027 0.1876
vn -0.9765 0.0175 -0.2150
vn -0.9730 0.0126 -0.2304
vn -0.9821 0.0032 -0.1884
vn -0.9915 -0.0013 -0.1304
vn -0.9915 -0.0013 0.1304
vn -0.9821 0.0032 0.1884
vn -0.9763 0.0186 -0.2154
vn -0.9729 0.0134 -0.2308
vn -0.9820 0.0035 -0.1888
vn -0.9914 -0.0012 -0.1307
vn -0.9914 -0.0012 0.1307
vn -0.9820 0.0035 0.1888
vn -0.5191 0.0063 -0.8547
vn -0.5202 0.0053 -0.8540
vn -0.5197 0.0058 -0.8543
vn -0.5192 0.0063 -0.8547
vn 0.9774 0.0005 0.2116
vn 0.9504 -0.0012 0.3109
vn 0.9337 -0.0013 0.3580
vn 0.9336 -0.0016 0.3582
vn 0.9504 -0.0014 0.3110
vn 1.0000 0.0078 -0.0000
vn 0.9579 -0.0000 0.2871
vn 0.9579 -0.0000 0.2872
vn 0.9774 -0.0036 -0.2115
vn 0.9324 -0.0047 -0.3615
vn 0.9494 -0.0044 -0.3139
vn 0.9766 0.0015 -0.2151
vn -0.0115 0.9999 0.0015
vn -0.0102 0.9999 0.0013
vn 0.8097 -0.0000 0.5869
vn 0.8884 0.0341 0.4579
vn 0.9106 0.0457 0.4106
vn -0.0423 0.9990 -0.0107
vn -0.0301 0.9995 -0.0076
vn -0.0283 0.9996 -0.0063
vn -0.0396 0.9992 -0.0106
vn 0.0014 -1.0000 -0.0001
vn 0.9774 0.0005 -0.2116
vn 0.9813 0.0037 -0.1924
vn 0.9668 0.0067 -0.2556
vn 0.9667 0.0067 -0.2557
vn 0.9557 0.0096 -0.2942
vn 0.9556 0.0096 -0.2944
vn 0.9999 0.0114 -0.0000
vn 0.9557 0.0096 0.2942
vn 0.9556 0.0096 0.2944
vn 0.9668 0.0067 0.2556
vn 0.9667 0.0067 0.2557
vn 0.9813 0.0037 0.1924
vn 0.9783 0.0059 0.2072
vn 0.9776 0.0053 0.2102
vn 0.9860 0.1148 0.1209
vn 0.9697 0.0100 0.2442
vn 0.9696 0.0100 0.2445
vn -0.5211 0.0043 -0.8535
vn -0.5218 0.0032 -0.8530
vn -0.5215 0.0038 -0.8532
vn 0.9772 0.0009 0.2124
vn 0.9502 -0.0023 0.3115
vn 0.9334 -0.0025 0.3588
vn 0.9333 -0.0027 0.3591
vn 0.9502 -0.0025 0.3117
vn 0.0302 -0.9995 0.0076
vn 0.0424 -0.9990 0.0107
vn 0.0396 -0.9992 0.0107
vn 0.0283 -0.9996 0.0063
vn 0.9636 0.0161 0.2668
vn 0.9637 0.0161 0.2667
vn 0.9571 0.0344 -0.2877
vn 0.9566 0.0351 -0.2894
vn 0.0039 -1.0000 -0.0004
vn 0.0031 -1.0000 -0.0003
vn 0.9812 0.0065 -0.1931
vn 0.9665 0.0119 -0.2565
vn 0.9664 0.0119 -0.2568
vn 0.9553 0.0169 -0.2953
vn 0.9552 0.0169 -0.2956
vn 0.9998 0.0202 -0.0000
vn 0.9553 0.0169 0.2953
vn 0.9552 0.0169 0.2956
vn 0.9665 0.0119 0.2565
vn 0.9664 0.0119 0.2568
vn 0.9812 0.0065 0.1931
vn 0.9050 -0.0000 0.4254
vn 0.5362 -0.0000 0.8441
vn 0.5358 -0.0000 0.8444
vn -0.0566 0.9983 -0.0144
vn -0.0403 0.9991 -0.0102
vn -0.0378 0.9993 -0.0084
vn -0.0529 0.9985 -0.0143
vn 0.9563 0.0259 0.2911
vn 0.9562 0.0258 0.2914
vn 0.9637 0.1038 -0.2460
vn 0.9634 0.1040 -0.2471
vn 0.9616 0.0719 -0.2649
vn 0.9627 0.0729 -0.2605
vn 0.9504 -0.0014 -0.3110
vn 0.9336 -0.0016 -0.3582
vn 0.9337 -0.0013 -0.3580
vn 0.9504 -0.0012 -0.3109
vn 0.9769 0.0012 0.2135
vn 0.9499 -0.0033 0.3125
vn 0.9332 -0.0036 0.3593
vn 0.9325 -0.0038 0.3610
vn 0.9498 -0.0035 0.3127
vn 0.9995 0.0319 -0.0015
vn 0.0060 -1.0000 -0.0007
vn 0.0013 -1.0000 -0.0001
vn 0.0048 -1.0000 -0.0005
vn 0.9769 0.0012 -0.2135
vn 0.9809 0.0092 -0.1942
vn 0.9660 0.0168 -0.2579
vn 0.9659 0.0168 -0.2584
vn 0.9546 0.0240 -0.2970
vn 0.9544 0.0240 -0.2974
vn 0.9996 0.0286 -0.0000
vn 0.9546 0.0240 0.2970
vn 0.9544 0.0240 0.2974
vn 0.9660 0.0168 0.2579
vn 0.9659 0.0168 0.2584
vn 0.9809 0.0092 0.1942
vn 0.9578 0.0287 -0.2861
vn 0.9577 0.0287 -0.2862
vn 0.9774 0.1066 -0.1825
vn 0.9648 0.1116 -0.2383
vn 0.0237 -0.9997 -0.0031
vn 0.0081 -1.0000 -0.0009
vn 0.0064 -1.0000 -0.0007
vn 0.0210 -0.9998 -0.0027
vn 0.9351 -0.0000 0.3544
vn 0.9438 0.0169 0.3302
vn 0.9792 0.1964 0.0510
vn 0.6493 0.4221 -0.6326
vn 0.6518 0.4207 -0.6310
vn 0.9673 0.0290 -0.2522
vn 0.9671 0.0289 -0.2529
vn -0.5207 0.0048 -0.8537
vn 0.9806 0.0118 -0.1957
vn 0.9806 0.0118 -0.1956
vn 0.9654 0.0216 -0.2599
vn 0.9652 0.0216 -0.2605
vn 0.9537 0.0308 -0.2993
vn 0.9535 0.0308 -0.2998
vn 0.9993 0.0368 -0.0000
vn 0.9537 0.0308 0.2993
vn 0.9535 0.0308 0.2998
vn 0.9654 0.0216 0.2599
vn 0.9652 0.0216 0.2605
vn 0.9806 0.0118 0.1957
vn 0.9806 0.0118 0.1956
vn 0.9766 0.0015 0.2151
vn -0.0006 1.0000 0.0001
vn 0.0006 -1.0000 0.0001
vn -0.5223 0.0022 -0.8527
vn -0.5226 0.0016 -0.8526
vn 0.9774 0.0001 -0.2113
vn 0.9814 0.0007 -0.1921
vn 0.9669 0.0014 -0.2552
vn 0.9559 0.0019 -0.2938
vn 1.0000 0.0023 -0.0000
vn 0.9559 0.0019 0.2938
vn 0.9669 0.0014 0.2552
vn 0.9814 0.0007 0.1921
vn -0.9773 0.0012 -0.2117
vn -0.9739 0.0008 -0.2268
vn -0.9827 0.0003 -0.1853
vn -0.9827 0.0003 0.1853
vn -0.9721 -0.0018 0.2346
vn -0.9721 -0.0009 0.2347
vn -1.0000 -0.0011 -0.0000
vn -1.0000 -0.0022 -0.0000
vn -0.9721 -0.0018 -0.2346
vn -0.9721 -0.0009 -0.2347
vn -0.9504 -0.0007 -0.3112
vn -0.9504 -0.0015 -0.3111
vn -0.9721 -0.0027 0.2345
vn -1.0000 -0.0033 -0.0000
vn -0.9721 -0.0027 -0.2345
vn -0.9504 -0.0022 -0.3110
vn -0.9721 -0.0036 0.2343
vn -1.0000 -0.0043 -0.0000
vn -0.9721 -0.0036 -0.2343
vn -0.9505 -0.0029 -0.3108
vn -0.9722 -0.0044 0.2341
vn -1.0000 -0.0054 -0.0000
vn -0.9722 -0.0044 -0.2341
vn -0.9506 -0.0035 -0.3105
vn -0.9723 -0.0053 0.2338
vn -1.0000 -0.0064 -0.0000
vn -0.9723 -0.0053 -0.2338
vn -0.9506 -0.0042 -0.3102
vn -0.9723 -0.0061 0.2335
vn -1.0000 -0.0074 -0.0000
vn -0.9723 -0.0061 -0.2335
vn -0.9508 -0.0049 -0.3099
vn -0.9724 -0.0069 0.2331
vn -1.0000 -0.0084 -0.0000
vn -0.9724 -0.0069 -0.2331
vn -0.9509 -0.0055 -0.3095
vn -0.9724 -0.0073 0.2330
vn -1.0000 -0.0088 -0.0000
vn -0.9724 -0.0073 -0.2330
vn -0.9509 -0.0058 -0.3093
vn -0.9721 -0.0005 0.2348
vn -1.0000 -0.0006 -0.0000
vn -0.9721 -0.0005 -0.2348
vn -0.9503 -0.0004 -0.3112
vn 0.9494 -0.0044 0.3139
vn 0.9324 -0.0047 0.3615
vn 0.9774 -0.0036 0.2115
vn -0.0000 0.6072 -0.7946
vn 0.0115 -0.9999 0.0015
vn 0.0102 -0.9999 0.0013
vn -0.0085 1.0000 -0.0021
vn -0.0050 1.0000 -0.0006
vn -0.0044 1.0000 -0.0006
vn -0.0080 1.0000 -0.0018
vn -0.9504 -0.0007 0.3112
vn -0.9503 -0.0004 0.3112
vn -0.9509 -0.0058 0.3093
vn -0.9509 -0.0055 0.3095
vn -0.9508 -0.0049 0.3099
vn -0.9506 -0.0042 0.3102
vn -0.9506 -0.0035 0.3105
vn -0.9505 -0.0029 0.3108
vn -0.9504 -0.0022 0.3110
vn -0.9504 -0.0015 0.3111
vn 0.7819 0.0546 -0.6210
vn 0.8404 0.0732 -0.5370
vn 0.9548 0.0512 -0.2927
vn 0.9552 0.0697 -0.2876
vn -0.5157 0.0085 -0.8567
vn -0.5164 0.0081 -0.8563
vn 0.0115 -0.9999 -0.0015
vn 0.0102 -0.9999 -0.0013
vn -0.0135 0.9999 -0.0000
vn -0.0120 0.9999 -0.0030
vn -0.0112 0.9999 -0.0030
vn 0.0237 -0.9997 0.0031
vn 0.0210 -0.9998 0.0027
vn 0.4348 -0.0000 0.9005
vn 0.7883 -0.0000 0.6152
vn 0.0085 -1.0000 -0.0021
vn 0.0050 -1.0000 -0.0006
vn 0.0044 -1.0000 -0.0006
vn 0.0080 -1.0000 -0.0018
vn 0.8847 0.0648 -0.4617
vn 0.8906 0.0630 -0.4505
vn 0.8592 0.0556 -0.5086
vn 0.8660 0.0529 -0.4973
vn 0.9990 0.0253 -0.0369
vn 0.9473 0.1040 0.3030
vn 0.9505 0.0997 0.2942
vn 0.0050 -1.0000 0.0006
vn 0.0085 -1.0000 0.0021
vn 0.0080 -1.0000 0.0018
vn 0.0044 -1.0000 0.0006
vn -0.0050 1.0000 0.0006
vn -0.0044 1.0000 0.0006
vn 0.9822 0.0149 -0.1872
vn 0.9889 0.0271 -0.1462
vn 0.0196 -0.9998 -0.0049
vn 0.0183 -0.9998 -0.0041
vn 0.0275 -0.9996 -0.0069
vn 0.0257 -0.9996 -0.0069
vn 0.0275 -0.9996 0.0069
vn 0.0309 -0.9995 -0.0000
vn 0.0257 -0.9996 0.0069
vn 0.0196 -0.9998 0.0049
vn 0.0183 -0.9998 0.0041
vn -0.0115 0.9999 -0.0015
vn -0.0102 0.9999 -0.0013
vn -0.8025 0.5966 -0.0015
vn -0.0811 0.9762 -0.2013
vn 0.5185 0.8412 -0.1534
vn 0.0302 -0.9995 -0.0076
vn 0.0177 -0.9998 -0.0023
vn 0.0157 -0.9999 -0.0020
vn 0.0283 -0.9996 -0.0063
vn 0.9654 0.0089 -0.2607
vn 0.9653 0.0089 -0.2611
vn 0.9529 0.0264 -0.3022
vn 0.9530 0.0264 -0.3019
vn 0.9993 0.0374 -0.0060
vn 0.9563 0.0318 0.2907
vn 0.9565 0.0319 0.2901
vn 0.0177 -0.9998 0.0023
vn 0.0157 -0.9999 0.0020
vn -0.0177 0.9998 0.0023
vn -0.0157 0.9999 0.0020
vn -0.0177 0.9998 -0.0023
vn -0.0157 0.9999 -0.0020
vn 0.9649 0.0134 0.2624
vn 0.9653 0.0354 0.2588
vn 0.0403 -0.9991 -0.0103
vn 0.0378 -0.9992 -0.0085
vn 0.0567 -0.9983 -0.0145
vn 0.0530 -0.9985 -0.0144
vn 0.0567 -0.9983 0.0145
vn 0.0638 -0.9980 -0.0000
vn 0.0530 -0.9985 0.0144
vn 0.0403 -0.9991 0.0103
vn 0.0378 -0.9992 0.0085
vn -0.0237 0.9997 -0.0031
vn -0.0210 0.9998 -0.0027
vn 0.0424 -0.9990 -0.0107
vn 0.0396 -0.9992 -0.0107
vn 0.0120 -0.9999 -0.0030
vn 0.0112 -0.9999 -0.0030
vn 0.0477 -0.9989 -0.0000
vn 0.0120 -0.9999 0.0030
vn 0.0135 -0.9999 -0.0000
vn 0.0112 -0.9999 0.0030
vn -0.0566 0.9983 0.0144
vn -0.0529 0.9985 0.0143
vn -0.5179 0.0073 -0.8554
vn -0.5172 0.0077 -0.8558
vn -0.0195 0.9998 0.0049
vn -0.0183 0.9998 0.0040
vn -0.0638 0.9980 -0.0000
vn -0.0275 0.9996 0.0069
vn -0.0257 0.9996 0.0069
vn -0.5226 0.0016 0.8526
vn -0.0309 0.9995 -0.0000
vn -0.5215 0.0038 0.8532
vn -0.5186 0.0068 -0.8550
vn -0.0424 0.9990 0.0107
vn -0.0477 0.9989 -0.0000
vn -0.0396 0.9992 0.0106
vn 0.9799 -0.0000 -0.1996
vn 0.9799 -0.0000 -0.1997
vn -0.5197 0.0058 0.8543
vn -0.5221 0.0027 -0.8529
vn 0.9703 0.0075 -0.2417
vn 0.9739 0.0093 -0.2267
vn -0.5172 0.0077 0.8558
vn 0.9597 0.0131 0.2806
vn 0.9598 0.0130 0.2803
vn -0.0120 0.9999 0.0030
vn -0.0112 0.9999 0.0030
vn 0.9771 -0.0000 0.2126
vn 0.9470 0.1264 0.2955
vn 0.9455 0.1275 0.2996
vn 0.9707 0.0977 0.2197
vn 0.9498 -0.0035 -0.3127
vn 0.9325 -0.0038 -0.3610
vn 0.9332 -0.0036 -0.3593
vn 0.9499 -0.0033 -0.3125
vn -0.0302 0.9995 0.0076
vn -0.0283 0.9996 0.0063
vn 0.5753 -0.0000 -0.8180
vn -0.0085 1.0000 0.0021
vn -0.0080 1.0000 0.0018
vn 0.9505 -0.0004 -0.3107
vn 0.7849 -0.0009 -0.6196
vn 0.9338 -0.0005 -0.3578
vn 0.7848 -0.0017 -0.6197
vn 0.7847 -0.0025 -0.6199
vn 0.7845 -0.0034 -0.6201
vn 0.7843 -0.0042 -0.6204
vn 0.7841 -0.0049 -0.6207
vn 0.7837 -0.0057 -0.6212
vn 0.7834 -0.0065 -0.6215
vn 0.7849 -0.0009 0.6196
vn 0.7848 -0.0017 0.6197
vn 0.7847 -0.0025 0.6199
vn 0.7845 -0.0034 0.6201
vn 0.7843 -0.0042 0.6204
vn 0.7841 -0.0049 0.6207
vn 0.7837 -0.0057 0.6212
vn 0.7834 -0.0065 0.6215
vn 0.6973 -0.6694 0.2562
vn 0.6945 -0.6269 0.3531
vn 0.6971 -0.6731 0.2467
vn 0.6976 -0.6728 -0.2466
vn 0.6952 -0.6262 -0.3530
vn 0.6977 -0.6690 -0.2561
vn 0.6959 0.6252 -0.3533
vn 0.6980 0.6722 -0.2469
vn 0.6982 0.6684 -0.2565
vn 0.6962 0.6240 0.3549
vn 0.6983 0.6677 0.2581
vn 0.6981 0.6715 0.2485
vn 0.6967 -0.6698 0.2567
vn 0.6936 -0.6276 0.3536
vn 0.6966 -0.6735 0.2472
vn 0.6945 -0.6269 -0.3531
vn 0.6973 -0.6694 -0.2562
vn 0.6971 -0.6731 -0.2467
vn 0.6961 0.6234 0.3561
vn 0.6982 0.6673 0.2593
vn 0.6980 0.6712 0.2496
vn 0.6961 -0.6702 0.2574
vn 0.6926 -0.6283 0.3543
vn 0.6960 -0.6739 0.2480
vn 0.6926 -0.6283 -0.3543
vn 0.6961 -0.6702 -0.2574
vn 0.6960 -0.6739 -0.2480
vn 0.6928 -0.7053 0.1505
vn 0.6927 -0.7053 0.1505
vn 0.6885 0.7090 0.1524
vn 0.6924 -0.7058 0.1498
vn 0.6893 0.7086 0.1512
vn 0.6920 -0.7063 0.1494
vn 0.6900 0.7081 0.1503
vn 0.6981 0.6718 0.2475
vn 0.6983 0.6680 0.2571
vn 0.6915 -0.7068 0.1492
vn 0.6977 -0.6690 0.2561
vn 0.6976 -0.6728 0.2466
vn 0.6906 0.7076 0.1496
vn 0.6980 0.6722 0.2469
vn 0.6982 0.6684 0.2565
vn 0.6927 -0.7053 -0.1505
vn 0.7011 -0.6998 -0.1369
vn 0.6950 -0.6950 -0.1844
vn 0.6950 -0.6950 -0.1843
vn 0.6949 -0.6882 -0.2086
vn 0.7195 -0.6945 -0.0000
vn 0.6951 -0.6882 -0.2081
vn 0.6949 -0.6882 0.2086
vn 0.6950 -0.6950 0.1844
vn 0.6950 -0.6950 0.1843
vn 0.6951 -0.6882 0.2081
vn 0.7011 -0.6998 0.1369
vn 0.6980 0.6712 -0.2496
vn 0.6885 0.7090 -0.1524
vn 0.6858 0.7146 -0.1378
vn 0.6675 0.7220 -0.1819
vn 0.6676 0.7220 -0.1818
vn 0.6566 0.7265 -0.2026
vn 0.6745 0.7383 -0.0000
vn 0.6566 0.7265 0.2026
vn 0.6676 0.7220 0.1819
vn 0.6676 0.7220 0.1818
vn 0.6858 0.7146 0.1378
vn 0.6967 -0.6698 -0.2567
vn 0.6924 -0.7058 -0.1498
vn 0.6966 -0.6735 -0.2472
vn 0.6993 -0.7017 -0.1361
vn 0.6919 -0.6984 -0.1828
vn 0.6920 -0.6984 -0.1827
vn 0.6906 -0.6932 -0.2064
vn 0.7140 -0.7001 -0.0000
vn 0.6908 -0.6931 -0.2060
vn 0.6906 -0.6932 0.2064
vn 0.6919 -0.6984 0.1828
vn 0.6920 -0.6984 0.1827
vn 0.6908 -0.6931 0.2060
vn 0.6993 -0.7017 0.1361
vn 0.6981 0.6715 -0.2485
vn 0.6893 0.7086 -0.1512
vn 0.6983 0.6677 -0.2581
vn 0.6879 0.7128 -0.1368
vn 0.6715 0.7186 -0.1809
vn 0.6620 0.7218 -0.2019
vn 0.6805 0.7328 -0.0000
vn 0.6620 0.7218 -0.2020
vn 0.6620 0.7218 0.2019
vn 0.6715 0.7186 0.1809
vn 0.6620 0.7218 0.2020
vn 0.6879 0.7128 0.1368
vn 0.6920 -0.7063 -0.1494
vn 0.6975 -0.7037 -0.1356
vn 0.6886 -0.7020 -0.1815
vn 0.6860 -0.6983 -0.2046
vn 0.7083 -0.7059 -0.0000
vn 0.6861 -0.6983 -0.2043
vn 0.6860 -0.6983 0.2046
vn 0.6886 -0.7020 0.1815
vn 0.6861 -0.6983 0.2043
vn 0.6975 -0.7037 0.1356
vn 0.6981 0.6718 -0.2475
vn 0.6900 0.7081 -0.1503
vn 0.6983 0.6680 -0.2571
vn 0.6901 0.7108 -0.1360
vn 0.6753 0.7151 -0.1804
vn 0.6753 0.7151 -0.1803
vn 0.6675 0.7168 -0.2016
vn 0.6866 0.7271 -0.0000
vn 0.6674 0.7168 -0.2018
vn 0.6675 0.7168 0.2016
vn 0.6753 0.7151 0.1804
vn 0.6754 0.7151 0.1803
vn 0.6674 0.7168 0.2018
vn 0.6901 0.7108 0.1360
vn 0.6915 -0.7068 -0.1492
vn 0.6955 -0.7057 -0.1353
vn 0.6851 -0.7057 -0.1807
vn 0.6810 -0.7035 -0.2033
vn 0.7023 -0.7119 -0.0000
vn 0.6811 -0.7035 -0.2030
vn 0.6810 -0.7035 0.2033
vn 0.6850 -0.7057 0.1807
vn 0.6851 -0.7057 0.1807
vn 0.6811 -0.7035 0.2030
vn 0.6955 -0.7057 0.1353
vn 0.6906 0.7076 -0.1496
vn 0.6922 0.7088 -0.1355
vn 0.6793 0.7114 -0.1802
vn 0.6729 0.7116 -0.2018
vn 0.6928 0.7211 -0.0000
vn 0.6729 0.7116 -0.2021
vn 0.6729 0.7116 0.2018
vn 0.6793 0.7114 0.1802
vn 0.6729 0.7116 0.2021
vn 0.6922 0.7088 0.1355
vn 0.6962 0.6245 0.3540
vn 0.6962 0.6245 -0.3540
vn 0.6952 -0.6262 0.3530
vn 0.6961 0.6234 -0.3561
vn 0.6959 0.6252 0.3534
vn 0.6962 0.6240 -0.3549
vn 0.6936 -0.6276 -0.3536
vn 0.9782 -0.0002 -0.2077
vn 0.9739 0.0017 0.2269
vn 0.9773 0.0023 0.2117
vn 0.9773 0.0012 0.2117
vn 0.9739 0.0008 0.2268
vn 0.0004 1.0000 -0.0000
vn 0.0014 1.0000 0.0001
vn 0.0017 1.0000 0.0002
vn 0.0017 1.0000 -0.0002
vn 0.0013 1.0000 -0.0001
vn -0.8015 -0.2004 0.5634
vn -0.8979 -0.1305 0.4204
vn -0.8936 -0.1343 0.4284
vn -0.0017 -1.0000 0.0002
vn -0.0064 -1.0000 0.0007
vn -0.0081 -1.0000 0.0009
vn 0.0081 1.0000 -0.0009
vn 0.0064 1.0000 -0.0007
vn -0.0013 -1.0000 0.0001
vn -0.0048 -1.0000 0.0005
vn -0.0060 -1.0000 0.0007
vn 0.0060 1.0000 -0.0007
vn 0.0048 1.0000 -0.0005
vn -0.0008 -1.0000 0.0001
vn -0.0031 -1.0000 0.0003
vn -0.0039 -1.0000 0.0004
vn 0.0039 1.0000 -0.0004
vn 0.0031 1.0000 -0.0003
vn 0.0008 1.0000 -0.0001
vn -0.0004 -1.0000 -0.0000
vn -0.9774 0.0001 0.2113
vn -0.9505 -0.0004 0.3107
vn -0.9338 -0.0005 0.3578
vn -0.9782 -0.0002 0.2077
vn 0.5157 0.0085 0.8567
vn 0.5164 0.0081 0.8563
vn -0.9502 -0.0025 -0.3117
vn -0.9772 0.0009 -0.2124
vn -0.9502 -0.0023 -0.3115
vn -0.9334 -0.0025 -0.3588
vn -0.9333 -0.0027 -0.3591
vn 0.5179 0.0073 0.8554
vn 0.5191 0.0063 0.8547
vn 0.5192 0.0063 0.8547
vn 0.5186 0.0068 0.8550
vn 0.0275 0.9996 -0.0069
vn 0.0257 0.9996 -0.0069
vn 0.0183 0.9998 -0.0040
vn 0.0195 0.9998 -0.0049
vn 0.5202 0.0053 0.8540
vn 0.5211 0.0043 0.8535
vn 0.5207 0.0048 0.8537
vn 0.0237 0.9997 0.0031
vn 0.0210 0.9998 0.0027
vn 0.0378 0.9993 0.0084
vn 0.0403 0.9991 0.0102
vn 0.5218 0.0032 0.8530
vn 0.5223 0.0022 0.8527
vn 0.5221 0.0027 0.8529
vn -0.9853 0.0398 0.1661
vn -0.9798 0.0612 0.1905
vn -0.9824 0.0614 0.1766
vn -0.9853 0.0423 0.1653
vn 0.5227 0.0011 0.8525
vn 0.5228 0.0005 0.8525
vn 0.0064 1.0000 0.0007
vn 0.0081 1.0000 0.0009
vn -0.9363 0.1170 -0.3310
vn 0.0013 1.0000 0.0001
vn 0.0048 1.0000 0.0005
vn 0.0060 1.0000 0.0007
vn -0.8993 0.1124 -0.4227
vn -0.9412 0.0951 -0.3243
vn -0.9658 0.0811 -0.2462
vn 0.0008 1.0000 0.0001
vn 0.0031 1.0000 0.0003
vn 0.0039 1.0000 0.0004
vn -0.7293 -0.0000 -0.6842
vn -0.8992 0.0645 -0.4327
vn -0.8993 0.0645 -0.4325
vn 0.5227 0.0011 -0.8525
vn 0.5228 0.0005 -0.8525
vn 0.9729 0.0134 0.2308
vn 0.9763 0.0186 0.2154
vn 0.9765 0.0175 0.2150
vn 0.9730 0.0126 0.2304
vn 0.9767 0.0155 0.2143
vn 0.9732 0.0111 0.2296
vn 0.9768 0.0134 0.2136
vn 0.9734 0.0096 0.2289
vn 0.9770 0.0113 0.2130
vn 0.9736 0.0081 0.2283
vn 0.9771 0.0091 0.2125
vn 0.9737 0.0065 0.2278
vn 0.9772 0.0069 0.2122
vn 0.9738 0.0049 0.2274
vn 0.9773 0.0046 0.2119
vn 0.9739 0.0033 0.2271
vn 0.9773 0.0046 -0.2119
vn 0.9739 0.0033 -0.2271
vn 0.9739 0.0017 -0.2269
vn 0.9773 0.0023 -0.2117
vn 0.9826 0.0012 -0.1855
vn 0.9827 0.0006 -0.1854
vn 0.9918 0.0003 -0.1281
vn 0.9918 0.0001 -0.1281
vn -0.0008 -1.0000 -0.0001
vn -0.0015 -1.0000 -0.0001
vn -0.0017 -1.0000 -0.0002
vn -0.0006 -1.0000 -0.0001
vn 0.0015 1.0000 -0.0001
vn 0.0006 1.0000 -0.0001
vn 0.9918 0.0003 0.1281
vn 0.9826 0.0011 0.1855
vn 0.9827 0.0006 0.1854
vn 0.9918 0.0001 0.1281
vn 0.9772 0.0069 -0.2122
vn 0.9738 0.0049 -0.2274
vn 0.9826 0.0017 -0.1857
vn 0.9917 0.0003 -0.1282
vn 0.9917 0.0003 0.1282
vn 0.9826 0.0017 0.1857
vn 0.9771 0.0091 -0.2125
vn 0.9737 0.0065 -0.2278
vn 0.9826 0.0020 -0.1860
vn 0.9917 -0.0001 -0.1284
vn -0.0015 -1.0000 0.0001
vn -0.0014 -1.0000 -0.0000
vn -0.0007 -1.0000 -0.0000
vn 0.9917 -0.0001 0.1284
vn 0.9826 0.0020 0.1860
vn 0.9770 0.0113 -0.2130
vn 0.9736 0.0081 -0.2283
vn 0.9825 0.0020 -0.1864
vn 0.9917 -0.0010 -0.1287
vn 0.0015 1.0000 0.0001
vn 0.0014 1.0000 -0.0000
vn 0.0007 1.0000 -0.0000
vn 0.9917 -0.0010 0.1287
vn 0.9825 0.0020 0.1864
vn 0.9768 0.0134 -0.2136
vn 0.9734 0.0096 -0.2289
vn 0.9824 0.0022 -0.1870
vn 0.9916 -0.0015 -0.1292
vn 0.9916 -0.0015 0.1292
vn 0.9824 0.0022 0.1870
vn 0.9767 0.0155 -0.2143
vn 0.9732 0.0111 -0.2296
vn 0.9822 0.0027 -0.1876
vn 0.9915 -0.0014 -0.1298
vn 0.9915 -0.0014 0.1298
vn 0.9822 0.0027 0.1876
vn 0.9765 0.0175 -0.2150
vn 0.9730 0.0126 -0.2304
vn 0.9821 0.0032 -0.1884
vn 0.9915 -0.0013 -0.1304
vn 0.9915 -0.0013 0.1304
vn 0.9821 0.0032 0.1884
vn 0.9763 0.0186 -0.2154
vn 0.9729 0.0134 -0.2308
vn 0.9820 0.0035 -0.1888
vn 0.9914 -0.0012 -0.1307
vn 0.9914 -0.0012 0.1307
vn 0.9820 0.0035 0.1888
vn 0.5191 0.0063 -0.8547
vn 0.5192 0.0063 -0.8547
vn 0.5197 0.0058 -0.8543
vn 0.5202 0.0053 -0.8540
vn -0.9774 0.0005 0.2116
vn -0.9504 -0.0014 0.3110
vn -0.9336 -0.0016 0.3582
vn -0.9337 -0.0013 0.3580
vn -0.9504 -0.0012 0.3109
vn -1.0000 0.0078 -0.0000
vn -0.9579 -0.0000 0.2872
vn -0.9579 -0.0000 0.2870
vn -0.9774 -0.0036 -0.2115
vn -0.9766 0.0015 -0.2151
vn -0.9494 -0.0044 -0.3139
vn -0.9324 -0.0047 -0.3615
vn 0.0102 0.9999 0.0013
vn 0.0115 0.9999 0.0015
vn -0.8626 -0.0000 0.5059
vn -0.9399 0.0354 0.3396
vn -0.9232 0.0264 0.3835
vn 0.0423 0.9990 -0.0107
vn 0.0396 0.9992 -0.0106
vn 0.0283 0.9996 -0.0063
vn 0.0301 0.9995 -0.0076
vn -0.0014 -1.0000 -0.0001
vn -0.9774 0.0005 -0.2116
vn -0.9813 0.0037 -0.1924
vn -0.9667 0.0067 -0.2557
vn -0.9668 0.0067 -0.2556
vn -0.9557 0.0096 -0.2942
vn -0.9999 0.0114 -0.0000
vn -0.9556 0.0096 -0.2944
vn -0.9557 0.0096 0.2942
vn -0.9667 0.0067 0.2557
vn -0.9668 0.0067 0.2556
vn -0.9556 0.0096 0.2944
vn -0.9813 0.0037 0.1924
vn -0.9765 0.0064 0.2155
vn -0.6867 0.7071 0.1687
vn -0.9760 0.0058 0.2177
vn -0.9672 0.0103 0.2540
vn -0.9671 0.0103 0.2542
vn 0.5211 0.0043 -0.8535
vn 0.5215 0.0038 -0.8532
vn 0.5218 0.0032 -0.8530
vn -0.9772 0.0009 0.2124
vn -0.9502 -0.0025 0.3117
vn -0.9333 -0.0027 0.3591
vn -0.9334 -0.0025 0.3588
vn -0.9502 -0.0023 0.3115
vn -0.0302 -0.9995 0.0076
vn -0.0283 -0.9996 0.0063
vn -0.0396 -0.9992 0.0107
vn -0.0424 -0.9990 0.0107
vn -0.9614 0.0164 0.2746
vn -0.9615 0.0164 0.2745
vn -0.9608 0.0310 -0.2755
vn -0.9604 0.0316 -0.2768
vn -0.0039 -1.0000 -0.0004
vn -0.0031 -1.0000 -0.0003
vn -0.9812 0.0065 -0.1931
vn -0.9664 0.0119 -0.2568
vn -0.9665 0.0119 -0.2565
vn -0.9553 0.0169 -0.2953
vn -0.9998 0.0202 -0.0000
vn -0.9552 0.0169 -0.2956
vn -0.9553 0.0169 0.2953
vn -0.9664 0.0119 0.2568
vn -0.9665 0.0119 0.2565
vn -0.9552 0.0169 0.2956
vn -0.9812 0.0065 0.1931
vn -0.9050 -0.0000 0.4254
vn -0.5358 -0.0000 0.8444
vn -0.5362 -0.0000 0.8441
vn 0.0566 0.9983 -0.0144
vn 0.0529 0.9985 -0.0143
vn 0.0378 0.9993 -0.0084
vn 0.0403 0.9991 -0.0102
vn -0.9562 0.0258 0.2916
vn -0.9561 0.0257 0.2919
vn -0.9581 0.1121 -0.2637
vn -0.9607 0.0777 -0.2665
vn -0.9601 0.0760 -0.2692
vn -0.9579 0.1122 -0.2644
vn -0.9504 -0.0014 -0.3110
vn -0.9504 -0.0012 -0.3109
vn -0.9337 -0.0013 -0.3580
vn -0.9336 -0.0016 -0.3582
vn -0.9769 0.0012 0.2135
vn -0.9498 -0.0035 0.3127
vn -0.9325 -0.0038 0.3610
vn -0.9332 -0.0036 0.3593
vn -0.9499 -0.0033 0.3125
vn -0.9995 0.0320 -0.0010
vn -0.0060 -1.0000 -0.0007
vn -0.0048 -1.0000 -0.0005
vn -0.0013 -1.0000 -0.0001
vn -0.9769 0.0012 -0.2135
vn -0.9809 0.0092 -0.1942
vn -0.9659 0.0168 -0.2584
vn -0.9660 0.0168 -0.2579
vn -0.9546 0.0240 -0.2970
vn -0.9996 0.0286 -0.0000
vn -0.9544 0.0240 -0.2974
vn -0.9546 0.0240 0.2970
vn -0.9659 0.0168 0.2584
vn -0.9660 0.0168 0.2579
vn -0.9544 0.0240 0.2974
vn -0.9809 0.0092 0.1942
vn -0.9578 0.0285 -0.2861
vn -0.9577 0.0285 -0.2862
vn -0.9724 0.1216 -0.1991
vn -0.9615 0.1202 -0.2473
vn -0.0237 -0.9997 -0.0031
vn -0.0210 -0.9998 -0.0027
vn -0.0064 -1.0000 -0.0007
vn -0.0081 -1.0000 -0.0009
vn -0.9428 -0.0000 0.3333
vn -0.1545 0.9865 0.0546
vn -0.9398 0.0797 0.3322
vn -0.6494 0.4215 -0.6329
vn -0.9671 0.0284 -0.2529
vn -0.9673 0.0284 -0.2522
vn -0.6519 0.4200 -0.6313
vn 0.5207 0.0048 -0.8537
vn -0.9806 0.0118 -0.1956
vn -0.9806 0.0118 -0.1957
vn -0.9652 0.0216 -0.2605
vn -0.9654 0.0216 -0.2599
vn -0.9537 0.0308 -0.2993
vn -0.9993 0.0368 -0.0000
vn -0.9535 0.0308 -0.2998
vn -0.9537 0.0308 0.2993
vn -0.9652 0.0216 0.2605
vn -0.9654 0.0216 0.2599
vn -0.9535 0.0308 0.2998
vn -0.9806 0.0118 0.1956
vn -0.9806 0.0118 0.1957
vn -0.9766 0.0015 0.2151
vn 0.0006 1.0000 0.0001
vn -0.0006 -1.0000 0.0001
vn 0.5223 0.0022 -0.8527
vn 0.5226 0.0016 -0.8526
vn -0.9774 0.0001 -0.2113
vn -0.9814 0.0007 -0.1921
vn -0.9669 0.0014 -0.2552
vn -0.9559 0.0019 -0.2938
vn -1.0000 0.0023 -0.0000
vn -0.9559 0.0019 0.2938
vn -0.9669 0.0014 0.2552
vn -0.9814 0.0007 0.1921
vn 0.9739 0.0008 -0.2268
vn 0.9773 0.0012 -0.2117
vn 0.9827 0.0003 -0.1853
vn 0.9827 0.0003 0.1853
vn 0.9721 -0.0018 0.2346
vn 1.0000 -0.0022 -0.0000
vn 1.0000 -0.0011 -0.0000
vn 0.9721 -0.0009 0.2347
vn 0.9721 -0.0018 -0.2346
vn 0.9504 -0.0015 -0.3111
vn 0.9504 -0.0007 -0.3112
vn 0.9721 -0.0009 -0.2347
vn 0.9721 -0.0027 0.2345
vn 1.0000 -0.0033 -0.0000
vn 0.9721 -0.0027 -0.2345
vn 0.9504 -0.0022 -0.3110
vn 0.9721 -0.0036 0.2343
vn 1.0000 -0.0043 -0.0000
vn 0.9721 -0.0036 -0.2343
vn 0.9505 -0.0029 -0.3108
vn 0.9722 -0.0044 0.2341
vn 1.0000 -0.0054 -0.0000
vn 0.9722 -0.0044 -0.2341
vn 0.9506 -0.0035 -0.3105
vn 0.9723 -0.0053 0.2338
vn 1.0000 -0.0064 -0.0000
vn 0.9723 -0.0053 -0.2338
vn 0.9506 -0.0042 -0.3102
vn 0.9723 -0.0061 0.2335
vn 1.0000 -0.0074 -0.0000
vn 0.9723 -0.0061 -0.2335
vn 0.9508 -0.0049 -0.3099
vn 0.9724 -0.0069 0.2331
vn 1.0000 -0.0084 -0.0000
vn 0.9724 -0.0069 -0.2331
vn 0.9509 -0.0055 -0.3095
vn 0.9724 -0.0073 0.2330
vn 1.0000 -0.0088 -0.0000
vn 0.9724 -0.0073 -0.2330
vn 0.9509 -0.0058 -0.3093
vn 1.0000 -0.0006 -0.0000
vn 0.9721 -0.0005 0.2348
vn 0.9503 -0.0004 -0.3112
vn 0.9721 -0.0005 -0.2348
vn -0.9774 -0.0036 0.2115
vn -0.9324 -0.0047 0.3615
vn -0.9494 -0.0044 0.3139
vn -0.0000 0.6068 -0.7949
vn -0.0102 -0.9999 0.0013
vn -0.0115 -0.9999 0.0015
vn 0.0085 1.0000 -0.0021
vn 0.0080 1.0000 -0.0018
vn 0.0044 1.0000 -0.0006
vn 0.0050 1.0000 -0.0006
vn 0.9504 -0.0007 0.3112
vn 0.9503 -0.0004 0.3112
vn 0.9509 -0.0058 0.3093
vn 0.9509 -0.0055 0.3095
vn 0.9508 -0.0049 0.3099
vn 0.9506 -0.0042 0.3102
vn 0.9506 -0.0035 0.3105
vn 0.9505 -0.0029 0.3108
vn 0.9504 -0.0022 0.3110
vn 0.9504 -0.0015 0.3111
vn -0.5086 0.0636 -0.8587
vn -0.9465 0.0690 -0.3151
vn -0.9423 0.0508 -0.3310
vn -0.6818 0.0852 -0.7265
vn 0.5157 0.0085 -0.8567
vn 0.5164 0.0081 -0.8563
vn -0.0115 -0.9999 -0.0015
vn -0.0102 -0.9999 -0.0013
vn 0.0135 0.9999 -0.0000
vn 0.0112 0.9999 -0.0030
vn 0.0120 0.9999 -0.0030
vn -0.0210 -0.9998 0.0027
vn -0.0237 -0.9997 0.0031
vn -0.4282 -0.0000 0.9037
vn -0.7763 -0.0000 0.6303
vn -0.0085 -1.0000 -0.0021
vn -0.0080 -1.0000 -0.0018
vn -0.0044 -1.0000 -0.0006
vn -0.0050 -1.0000 -0.0006
vn -0.9326 0.0488 -0.3577
vn -0.9157 0.0390 -0.3999
vn -0.9127 0.0410 -0.4066
vn -0.9354 0.0476 -0.3503
vn -0.9991 0.0264 -0.0325
vn -0.9490 0.1018 0.2985
vn -0.9458 0.1062 0.3069
vn -0.0050 -1.0000 0.0006
vn -0.0044 -1.0000 0.0006
vn -0.0080 -1.0000 0.0018
vn -0.0085 -1.0000 0.0021
vn 0.0044 1.0000 0.0006
vn 0.0050 1.0000 0.0006
vn -0.9837 0.0399 -0.1752
vn -0.9789 0.0220 -0.2032
vn -0.0196 -0.9998 -0.0049
vn -0.0183 -0.9998 -0.0041
vn -0.0275 -0.9996 -0.0069
vn -0.0257 -0.9996 -0.0069
vn -0.0275 -0.9996 0.0069
vn -0.0257 -0.9996 0.0069
vn -0.0309 -0.9995 -0.0000
vn -0.0196 -0.9998 0.0049
vn -0.0183 -0.9998 0.0041
vn 0.0115 0.9999 -0.0015
vn 0.0102 0.9999 -0.0013
vn -0.0000 1.0000 -0.0026
vn -0.5924 0.7949 -0.1316
vn -0.3821 0.9129 -0.1433
vn -0.0302 -0.9995 -0.0076
vn -0.0283 -0.9996 -0.0063
vn -0.0157 -0.9999 -0.0020
vn -0.0177 -0.9998 -0.0023
vn -0.9654 0.0081 -0.2608
vn -0.9530 0.0256 -0.3019
vn -0.9529 0.0255 -0.3022
vn -0.9653 0.0082 -0.2612
vn -0.9993 0.0373 -0.0060
vn -0.9565 0.0319 0.2901
vn -0.9563 0.0318 0.2907
vn -0.0177 -0.9998 0.0023
vn -0.0157 -0.9999 0.0020
vn 0.0157 0.9999 0.0020
vn 0.0177 0.9998 0.0023
vn 0.0177 0.9998 -0.0023
vn 0.0157 0.9999 -0.0020
vn -0.9579 0.0155 0.2868
vn -0.9555 0.0428 0.2919
vn -0.0403 -0.9991 -0.0103
vn -0.0378 -0.9992 -0.0085
vn -0.0567 -0.9983 -0.0145
vn -0.0530 -0.9985 -0.0144
vn -0.0567 -0.9983 0.0145
vn -0.0530 -0.9985 0.0144
vn -0.0638 -0.9980 -0.0000
vn -0.0378 -0.9992 0.0085
vn -0.0403 -0.9991 0.0103
vn 0.0237 0.9997 -0.0031
vn 0.0210 0.9998 -0.0027
vn -0.0424 -0.9990 -0.0107
vn -0.0396 -0.9992 -0.0107
vn -0.0120 -0.9999 -0.0030
vn -0.0112 -0.9999 -0.0030
vn -0.0477 -0.9989 -0.0000
vn -0.0120 -0.9999 0.0030
vn -0.0112 -0.9999 0.0030
vn -0.0135 -0.9999 -0.0000
vn 0.0529 0.9985 0.0143
vn 0.0566 0.9983 0.0144
vn 0.5172 0.0077 -0.8558
vn 0.5179 0.0073 -0.8554
vn 0.0183 0.9998 0.0040
vn 0.0196 0.9998 0.0049
vn 0.0638 0.9980 -0.0000
vn 0.0257 0.9996 0.0069
vn 0.0275 0.9996 0.0069
vn 0.5226 0.0016 0.8526
vn 0.0309 0.9995 -0.0000
vn 0.5215 0.0038 0.8532
vn 0.5186 0.0068 -0.8550
vn 0.0424 0.9990 0.0107
vn 0.0396 0.9992 0.0106
vn 0.0477 0.9989 -0.0000
vn -0.9798 -0.0000 -0.1998
vn -0.9799 -0.0000 -0.1997
vn 0.5197 0.0058 0.8543
vn 0.5221 0.0027 -0.8529
vn -0.9661 0.0086 -0.2580
vn -0.9600 0.0070 -0.2800
vn 0.5172 0.0077 0.8558
vn -0.9598 0.0130 0.2803
vn -0.9597 0.0131 0.2806
vn 0.0120 0.9999 0.0030
vn 0.0112 0.9999 0.0030
vn -0.9742 -0.0000 0.2255
vn -0.9454 0.1286 0.2995
vn -0.9468 0.1275 0.2954
vn -0.9625 0.1089 0.2484
vn -0.9625 0.1088 0.2484
vn -0.9498 -0.0035 -0.3127
vn -0.9499 -0.0033 -0.3125
vn -0.9332 -0.0036 -0.3593
vn -0.9325 -0.0038 -0.3610
vn 0.0283 0.9996 0.0063
vn 0.0301 0.9995 0.0076
vn 0.0080 1.0000 0.0018
vn 0.0085 1.0000 0.0021
vn -0.9505 -0.0004 -0.3107
vn -0.9338 -0.0005 -0.3578
vn -0.7849 -0.0009 -0.6196
vn -0.7848 -0.0017 -0.6197
vn -0.7847 -0.0025 -0.6199
vn -0.7845 -0.0034 -0.6201
vn -0.7843 -0.0042 -0.6204
vn -0.7841 -0.0049 -0.6207
vn -0.7837 -0.0057 -0.6212
vn -0.7834 -0.0065 -0.6215
vn -0.7849 -0.0009 0.6196
vn -0.7848 -0.0017 0.6197
vn -0.7847 -0.0025 0.6199
vn -0.7845 -0.0034 0.6201
vn -0.7843 -0.0042 0.6204
vn -0.7841 -0.0049 0.6207
vn -0.7837 -0.0057 0.6212
vn -0.7834 -0.0065 0.6215
vn -0.6973 -0.6694 0.2563
vn -0.6971 -0.6731 0.2467
vn -0.6945 -0.6269 0.3531
vn -0.6976 -0.6728 -0.2466
vn -0.6977 -0.6690 -0.2561
vn -0.6952 -0.6262 -0.3530
vn -0.6959 0.6252 -0.3533
vn -0.6982 0.6684 -0.2565
vn -0.6980 0.6722 -0.2469
vn -0.6962 0.6240 0.3549
vn -0.6981 0.6715 0.2485
vn -0.6983 0.6677 0.2581
vn -0.6967 -0.6698 0.2567
vn -0.6966 -0.6735 0.2472
vn -0.6936 -0.6276 0.3536
vn -0.6945 -0.6269 -0.3531
vn -0.6971 -0.6731 -0.2467
vn -0.6973 -0.6694 -0.2563
vn -0.6961 0.6234 0.3561
vn -0.6980 0.6712 0.2496
vn -0.6982 0.6673 0.2593
vn -0.6961 -0.6702 0.2574
vn -0.6960 -0.6739 0.2480
vn -0.6926 -0.6283 0.3543
vn -0.6926 -0.6283 -0.3543
vn -0.6960 -0.6739 -0.2480
vn -0.6961 -0.6702 -0.2574
vn -0.6928 -0.7053 0.1505
vn -0.6927 -0.7053 0.1505
vn -0.6885 0.7090 0.1524
vn -0.6924 -0.7058 0.1498
vn -0.6893 0.7086 0.1512
vn -0.6920 -0.7063 0.1494
vn -0.6900 0.7081 0.1503
vn -0.6983 0.6680 0.2571
vn -0.6981 0.6718 0.2475
vn -0.6915 -0.7068 0.1492
vn -0.6976 -0.6728 0.2466
vn -0.6977 -0.6690 0.2561
vn -0.6906 0.7076 0.1496
vn -0.6982 0.6684 0.2565
vn -0.6980 0.6722 0.2469
vn -0.6927 -0.7053 -0.1505
vn -0.7011 -0.6998 -0.1369
vn -0.6950 -0.6950 -0.1843
vn -0.6950 -0.6950 -0.1844
vn -0.6949 -0.6882 -0.2086
vn -0.6951 -0.6882 -0.2081
vn -0.7195 -0.6945 -0.0000
vn -0.6949 -0.6882 0.2086
vn -0.6951 -0.6882 0.2081
vn -0.6950 -0.6950 0.1843
vn -0.6950 -0.6950 0.1844
vn -0.7011 -0.6998 0.1369
vn -0.6980 0.6712 -0.2496
vn -0.6885 0.7090 -0.1524
vn -0.6858 0.7146 -0.1378
vn -0.6676 0.7220 -0.1818
vn -0.6675 0.7220 -0.1819
vn -0.6566 0.7265 -0.2026
vn -0.6745 0.7383 -0.0000
vn -0.6566 0.7265 0.2026
vn -0.6676 0.7220 0.1818
vn -0.6676 0.7220 0.1819
vn -0.6858 0.7146 0.1378
vn -0.6967 -0.6698 -0.2567
vn -0.6966 -0.6735 -0.2472
vn -0.6924 -0.7058 -0.1498
vn -0.6993 -0.7017 -0.1361
vn -0.6920 -0.6984 -0.1827
vn -0.6919 -0.6984 -0.1828
vn -0.6906 -0.6932 -0.2064
vn -0.6908 -0.6931 -0.2060
vn -0.7140 -0.7001 -0.0000
vn -0.6906 -0.6932 0.2064
vn -0.6907 -0.6931 0.2060
vn -0.6920 -0.6984 0.1827
vn -0.6919 -0.6984 0.1828
vn -0.6993 -0.7017 0.1361
vn -0.6981 0.6715 -0.2485
vn -0.6983 0.6677 -0.2581
vn -0.6893 0.7086 -0.1512
vn -0.6879 0.7128 -0.1368
vn -0.6715 0.7186 -0.1809
vn -0.6620 0.7218 -0.2019
vn -0.6620 0.7218 -0.2020
vn -0.6805 0.7328 -0.0000
vn -0.6620 0.7218 0.2019
vn -0.6620 0.7218 0.2020
vn -0.6715 0.7186 0.1809
vn -0.6879 0.7128 0.1368
vn -0.6920 -0.7063 -0.1494
vn -0.6975 -0.7037 -0.1356
vn -0.6886 -0.7020 -0.1815
vn -0.6860 -0.6983 -0.2046
vn -0.6861 -0.6983 -0.2043
vn -0.7083 -0.7059 -0.0000
vn -0.6860 -0.6983 0.2046
vn -0.6861 -0.6983 0.2043
vn -0.6886 -0.7020 0.1815
vn -0.6975 -0.7037 0.1356
vn -0.6981 0.6718 -0.2475
vn -0.6983 0.6680 -0.2571
vn -0.6900 0.7081 -0.1503
vn -0.6901 0.7108 -0.1360
vn -0.6753 0.7151 -0.1803
vn -0.6753 0.7151 -0.1804
vn -0.6675 0.7168 -0.2017
vn -0.6674 0.7168 -0.2018
vn -0.6866 0.7271 -0.0000
vn -0.6675 0.7168 0.2016
vn -0.6674 0.7168 0.2018
vn -0.6754 0.7151 0.1803
vn -0.6753 0.7151 0.1804
vn -0.6901 0.7108 0.1360
vn -0.6915 -0.7068 -0.1492
vn -0.6955 -0.7057 -0.1353
vn -0.6851 -0.7057 -0.1807
vn -0.6810 -0.7035 -0.2033
vn -0.6811 -0.7035 -0.2030
vn -0.7023 -0.7119 -0.0000
vn -0.6810 -0.7035 0.2033
vn -0.6811 -0.7035 0.2030
vn -0.6851 -0.7057 0.1807
vn -0.6850 -0.7057 0.1807
vn -0.6955 -0.7057 0.1353
vn -0.6906 0.7076 -0.1496
vn -0.6922 0.7088 -0.1355
vn -0.6793 0.7114 -0.1802
vn -0.6729 0.7116 -0.2018
vn -0.6729 0.7116 -0.2021
vn -0.6928 0.7211 -0.0000
vn -0.6729 0.7116 0.2018
vn -0.6729 0.7116 0.2021
vn -0.6793 0.7114 0.1802
vn -0.6922 0.7088 0.1355
vn -0.6962 0.6245 0.3540
vn -0.6962 0.6245 -0.3540
vn -0.6952 -0.6262 0.3530
vn -0.6961 0.6234 -0.3561
vn -0.6959 0.6252 0.3534
vn -0.6962 0.6240 -0.3549
vn -0.6936 -0.6276 -0.3536
vn -0.9782 -0.0002 -0.2077
vn -0.0000 0.1651 -0.9863
vn -0.0000 0.2194 -0.9756
vn 0.6989 0.7152 -0.0000
vn 0.6002 0.7607 -0.2471
vn 0.6788 0.7343 -0.0000
vn -0.0000 0.1503 -0.9886
vn 0.0103 0.4240 -0.9056
vn -0.0008 0.4202 -0.9074
vn -0.0024 0.4123 -0.9110
vn 0.0406 0.4115 -0.9105
vn -0.0000 -0.7071 0.7071
vn -0.2434 -0.8437 0.4785
vn -0.1269 -0.7901 0.5997
vn -0.7718 0.6359 -0.0000
vn -0.7676 0.6409 -0.0000
vn -0.7498 0.6616 -0.0000
vn -0.1414 -0.9899 -0.0000
vn -0.0128 0.4236 -0.9058
vn -0.0436 0.4124 -0.9100
vn -0.3162 0.9487 -0.0000
vn -0.3609 0.9326 -0.0000
vn 0.5167 0.8419 -0.1558
vn 0.4086 0.9060 -0.1106
vn 0.3690 0.9294 -0.0000
vn 0.5211 0.8535 -0.0000
vn -0.4425 -0.8722 0.2084
vn -0.5547 -0.8321 -0.0000
vn -0.4652 -0.8686 0.1707
vn -0.7809 0.6247 -0.0000
vn 0.2619 -0.8008 0.5387
vn 0.1760 -0.7786 0.6024
vn 0.3609 -0.9326 -0.0000
vn 0.3603 -0.9318 0.0446
vn 0.3601 -0.9314 0.0543
vn 0.1414 -0.9899 -0.0000
vn -0.7849 0.6196 -0.0000
vn -0.4042 -0.9147 -0.0000
vn 0.9147 -0.4042 -0.0000
vn 0.9326 0.3609 -0.0000
vn 0.9038 -0.3997 0.1527
vn 0.8896 -0.3936 0.2315
vn -0.4031 -0.9131 0.0622
vn -0.4034 -0.9137 0.0498
vn 0.4042 0.9147 -0.0000
vn -0.9147 0.4042 -0.0000
vn -0.9326 -0.3609 -0.0000
vn -0.9042 -0.3504 0.2441
vn -0.9204 -0.3565 0.1607
vn -0.6666 0.2024 0.7174
vn -0.6199 0.2091 0.7563
vn -0.6167 0.2176 0.7565
vn -0.6537 0.2788 0.7036
vn -0.6612 -0.1407 -0.7369
vn -0.6446 -0.2579 -0.7197
vn -0.6634 -0.1173 -0.7391
vn 0.6824 -0.0000 -0.7310
vn 0.6820 -0.0001 -0.7313
vn 0.7056 -0.0003 0.7086
vn 0.7057 -0.0004 0.7085
vn 0.4074 -0.8166 0.4088
vn 0.5629 -0.5629 -0.6053
vn -0.4715 -0.7069 -0.5273
vn -0.6827 0.0004 0.7307
vn 0.7060 0.0002 0.7082
vn 0.6813 0.0003 -0.7320
vn -0.6679 0.0004 -0.7442
vn 0.0121 0.7102 0.7039
vn -0.3939 0.5641 0.7256
vn -0.3616 0.5911 0.7210
vn 0.0327 0.7102 0.7032
vn 0.4807 0.7469 -0.4595
vn 0.4932 0.5443 0.6786
vn 0.5046 0.5162 0.6921
vn 0.4994 0.5293 0.6859
vn -0.5160 0.4394 0.7354
vn -0.5207 0.4273 0.7391
vn -0.5112 0.6843 -0.5200
vn -0.5012 0.6609 -0.5586
vn -0.5090 0.6789 -0.5292
vn -0.6571 -0.2632 0.7064
vn -0.6739 -0.1435 0.7248
vn -0.6760 -0.1201 0.7271
vn -0.6536 0.2788 0.7036
vn -0.6666 0.2023 0.7175
vn -0.6686 0.0003 -0.7436
vn -0.6553 0.1989 -0.7287
vn -0.6427 0.2756 -0.7148
vn -0.6553 0.1990 -0.7287
vn 0.6785 0.0006 -0.7346
vn 0.6800 0.0005 -0.7332
vn 0.6822 0.0003 -0.7312
vn 0.7045 -0.0001 0.7097
vn 0.7048 -0.0002 0.7095
vn 0.7052 -0.0002 0.7090
vn 0.3825 0.6284 0.6773
vn 0.3852 0.6268 0.6773
vn 0.4659 0.7210 -0.5130
vn -0.5182 0.7011 -0.4898
vn 0.3469 -0.3469 0.8714
vn 0.5631 0.1163 0.8182
vn 0.5265 0.1497 0.8369
vn 0.3147 0.3147 0.8955
vn 0.6411 -0.0691 0.7644
vn 0.6039 -0.3894 0.6955
vn 0.6300 -0.1920 0.7525
vn 0.5097 -0.4862 0.7098
vn 0.0829 -0.7039 0.7054
vn 0.2980 -0.6035 0.7396
vn -0.6413 0.0007 0.7673
vn -0.6368 0.0007 0.7710
vn -0.6356 0.0006 0.7721
vn -0.6432 0.0006 0.7657
vn -0.6461 0.0002 0.7632
vn -0.6447 0.0004 0.7644
vn -0.3050 0.3050 0.9022
vn -0.5074 0.1414 0.8500
vn -0.5366 0.1142 0.8361
vn -0.3078 -0.3078 0.9003
vn -0.5242 -0.1182 0.8434
vn -0.5053 -0.1369 0.8520
vn 0.6472 -0.6472 0.4027
vn 0.0003 0.7940 0.6079
vn 0.0003 0.7931 0.6090
vn 0.0002 0.7900 0.6131
vn 0.3015 -0.3015 0.9045
vn -0.0000 0.7071 0.7071
vn 0.7052 -0.0674 0.7058
vn 0.6944 -0.2633 0.6697
vn 0.6698 -0.3798 0.6381
vn 0.5774 -0.5774 0.5774
vn 0.5593 0.5593 0.6118
vn 0.5351 -0.5705 0.6231
vn 0.3549 -0.6687 0.6534
vn 0.1165 -0.7389 0.6636
vn -0.5774 -0.5774 0.5774
vn -0.5774 0.5774 0.5774
vn 0.7864 -0.0020 0.6177
vn 0.0005 0.7962 0.6050
vn 0.0003 0.7897 0.6135
vn -0.0010 -0.7694 0.6388
vn -0.0025 -0.8117 0.5841
vn 0.6742 -0.0001 0.7386
vn -0.4002 -0.9078 0.1256
vn 0.0127 0.5851 0.8109
vn -0.2217 0.5725 0.7893
vn 0.0155 0.5850 0.8109
vn 0.8313 -0.3682 0.4164
vn -0.6589 0.2907 0.6938
vn 0.3580 -0.9271 0.1112
vn 0.2497 0.5645 0.7868
vn 0.6809 0.2630 0.6835
vn -0.8385 -0.3253 0.4372
vt 0.604411 0.750000
vt 0.621391 0.750000
vt 0.625000 0.750000
vt 0.618415 0.750000
vt 0.604411 0.149651
vt 0.625000 0.149651
vt 0.625000 0.250000
vt 0.604411 0.250000
vt 0.125000 0.631250
vt 0.375000 0.631250
vt 0.375000 0.750000
vt 0.125000 0.750000
vt 0.604411 0.000000
vt 0.621391 0.000000
vt 0.625000 0.003331
vt 0.625000 0.118750
vt 0.604411 0.118750
vt 0.625000 0.500000
vt 0.604411 0.500000
vt 0.375000 0.250000
vt 0.388158 0.250000
vt 0.388158 0.500000
vt 0.375000 0.500000
vt 0.388158 0.631250
vt 0.388158 0.750000
vt 0.375000 0.149651
vt 0.388158 0.149651
vt 0.388158 1.000000
vt 0.375000 1.000000
vt 0.440658 0.250000
vt 0.480263 0.250000
vt 0.480263 0.500000
vt 0.440658 0.500000
vt 0.440658 0.631250
vt 0.480263 0.631250
vt 0.480263 0.750000
vt 0.440658 0.750000
vt 0.440658 0.149651
vt 0.480263 0.149651
vt 0.480263 1.000000
vt 0.440658 1.000000
vt 0.531614 0.250000
vt 0.540570 0.250000
vt 0.540570 0.500000
vt 0.531614 0.500000
vt 0.531614 0.631250
vt 0.540570 0.631250
vt 0.540570 0.750000
vt 0.531614 0.750000
vt 0.531614 0.149651
vt 0.540570 0.149651
vt 0.540570 1.000000
vt 0.531614 1.000000
vt 0.522657 0.750000
vt 0.522657 1.000000
vt 0.522657 0.149651
vt 0.522657 0.250000
vt 0.522657 0.631250
vt 0.522657 0.500000
vt 0.588969 0.250000
vt 0.588969 0.500000
vt 0.588969 0.631250
vt 0.588969 0.750000
vt 0.588969 0.149651
vt 0.588969 1.000000
vt 0.604411 0.631250
vt 0.604411 1.000000
vt 0.388158 0.600349
vt 0.440658 0.600348
vt 0.388158 0.000000
vt 0.440658 0.000000
vt 0.440658 0.118750
vt 0.388158 0.118750
vt 0.588969 0.000000
vt 0.588969 0.118750
vt 0.588969 0.600349
vt 0.604411 0.600349
vt 0.540570 0.000000
vt 0.540570 0.118750
vt 0.540570 0.600349
vt 0.522657 0.600349
vt 0.531614 0.600349
vt 0.522657 0.000000
vt 0.531614 0.000000
vt 0.531614 0.118750
vt 0.522657 0.118750
vt 0.480263 0.600349
vt 0.480263 0.000000
vt 0.480263 0.118750
vt 0.375000 0.000000
vt 0.375000 0.118750
vt 0.375000 0.600349
vt 0.625000 0.600349
vt 0.625000 0.631250
vt 0.125000 0.600349
vt 0.625000 0.000000
vt 0.875000 0.600349
vt 0.875000 0.631250
vt 0.875000 0.500000
vt 0.125000 0.500000
vt 0.062500 0.500000
vt 0.062500 0.906131
vt 0.000000 0.906131
vt 0.000000 0.500000
vt 0.875000 0.906131
vt 0.812500 0.906131
vt 0.812500 0.500000
vt 0.750000 0.906131
vt 0.750000 0.500000
vt 0.687500 0.906131
vt 0.687500 0.500000
vt 0.625000 0.906131
vt 0.562500 0.906131
vt 0.562500 0.500000
vt 0.500000 0.906131
vt 0.500000 0.500000
vt 0.437500 0.906131
vt 0.437500 0.500000
vt 0.375000 0.906131
vt 0.312500 0.906131
vt 0.312500 0.500000
vt 0.250000 0.906131
vt 0.250000 0.500000
vt 0.187500 0.906131
vt 0.187500 0.500000
vt 0.125000 0.906131
vt 1.000000 0.500000
vt 1.000000 0.906131
vt 0.937500 0.906131
vt 0.937500 0.500000
vt 0.177105 0.219806
vt 0.194209 0.194209
vt 0.606759 0.106759
vt 0.562846 0.172478
vt 0.999171 0.911839
vt 0.938329 0.911839
vt 0.995345 0.915262
vt 0.942155 0.915262
vt 0.986611 1.000000
vt 0.950889 1.000000
vt 0.322169 0.475645
vt 0.269675 0.486086
vt 0.250000 0.341145
vt 0.284880 0.334207
vt 0.250000 0.328901
vt 0.280194 0.322895
vt 0.936671 0.911839
vt 0.875829 0.911839
vt 0.932845 0.915262
vt 0.879655 0.915262
vt 0.924111 1.000000
vt 0.888389 1.000000
vt 0.403026 0.430851
vt 0.358524 0.460586
vt 0.314449 0.314449
vt 0.305791 0.305791
vt 0.874171 0.911839
vt 0.813329 0.911839
vt 0.870345 0.915262
vt 0.817155 0.915262
vt 0.861611 1.000000
vt 0.825889 1.000000
vt 0.460586 0.358524
vt 0.430851 0.403026
vt 0.334207 0.284880
vt 0.322895 0.280194
vt 0.811671 0.911839
vt 0.750829 0.911839
vt 0.807845 0.915262
vt 0.754655 0.915262
vt 0.799111 1.000000
vt 0.763389 1.000000
vt 0.486086 0.269675
vt 0.475645 0.322169
vt 0.341145 0.250000
vt 0.328901 0.250000
vt 0.749171 0.911839
vt 0.688329 0.911839
vt 0.745345 0.915262
vt 0.692155 0.915262
vt 0.736611 1.000000
vt 0.700889 1.000000
vt 0.475645 0.177831
vt 0.486086 0.230325
vt 0.334207 0.215120
vt 0.322895 0.219806
vt 0.686671 0.911839
vt 0.625829 0.911839
vt 0.682845 0.915262
vt 0.629655 0.915262
vt 0.674111 1.000000
vt 0.638389 1.000000
vt 0.430851 0.096974
vt 0.460586 0.141476
vt 0.314449 0.185551
vt 0.305791 0.194209
vt 0.624171 0.911839
vt 0.563329 0.911839
vt 0.620345 0.915262
vt 0.567155 0.915262
vt 0.611611 1.000000
vt 0.575889 1.000000
vt 0.358524 0.039414
vt 0.403026 0.069149
vt 0.284880 0.165793
vt 0.280194 0.177105
vt 0.561671 0.911839
vt 0.500829 0.911839
vt 0.557845 0.915262
vt 0.504655 0.915262
vt 0.549111 1.000000
vt 0.513389 1.000000
vt 0.269676 0.013914
vt 0.322169 0.024355
vt 0.250000 0.158855
vt 0.250000 0.171099
vt 0.499171 0.911839
vt 0.438329 0.911839
vt 0.495345 0.915262
vt 0.442155 0.915262
vt 0.486611 1.000000
vt 0.450889 1.000000
vt 0.177831 0.024355
vt 0.230324 0.013914
vt 0.215120 0.165793
vt 0.219806 0.177105
vt 0.436671 0.911839
vt 0.375829 0.911839
vt 0.432845 0.915262
vt 0.379655 0.915262
vt 0.424111 1.000000
vt 0.388389 1.000000
vt 0.096974 0.069149
vt 0.141476 0.039414
vt 0.185551 0.185551
vt 0.374171 0.911838
vt 0.313329 0.911839
vt 0.370345 0.915262
vt 0.317155 0.915262
vt 0.361611 1.000000
vt 0.325889 1.000000
vt 0.039414 0.141476
vt 0.069149 0.096975
vt 0.165793 0.215120
vt 0.311671 0.911839
vt 0.250829 0.911839
vt 0.307845 0.915262
vt 0.254655 0.915262
vt 0.299111 1.000000
vt 0.263389 1.000000
vt 0.013914 0.230325
vt 0.024355 0.177831
vt 0.158855 0.250000
vt 0.171099 0.250000
vt 0.249171 0.911839
vt 0.188329 0.911839
vt 0.245345 0.915262
vt 0.192155 0.915262
vt 0.236611 1.000000
vt 0.200889 1.000000
vt 0.024355 0.322169
vt 0.013914 0.269675
vt 0.165793 0.284880
vt 0.177105 0.280194
vt 0.186671 0.911839
vt 0.125829 0.911839
vt 0.182845 0.915262
vt 0.129655 0.915262
vt 0.174111 1.000000
vt 0.138389 1.000000
vt 0.069149 0.403026
vt 0.039414 0.358524
vt 0.185551 0.314449
vt 0.194209 0.305791
vt 0.124171 0.911839
vt 0.063329 0.911839
vt 0.120345 0.915262
vt 0.067155 0.915262
vt 0.111611 1.000000
vt 0.075889 1.000000
vt 0.141476 0.460586
vt 0.096975 0.430851
vt 0.215121 0.334207
vt 0.219806 0.322895
vt 0.061671 0.911839
vt 0.000829 0.911839
vt 0.057845 0.915262
vt 0.004655 0.915262
vt 0.049111 1.000000
vt 0.013389 1.000000
vt 0.230325 0.486086
vt 0.177831 0.475645
vt 0.062500 0.562500
vt 0.062500 1.000000
vt 0.000000 1.000000
vt 0.000000 0.562500
vt 0.875000 0.562500
vt 0.875000 1.000000
vt 0.812500 1.000000
vt 0.812500 0.562500
vt 0.750000 1.000000
vt 0.750000 0.562500
vt 0.687500 1.000000
vt 0.687500 0.562500
vt 0.625000 1.000000
vt 0.625000 0.562500
vt 0.562500 1.000000
vt 0.562500 0.562500
vt 0.500000 1.000000
vt 0.500000 0.562500
vt 0.437500 1.000000
vt 0.437500 0.562500
vt 0.375000 0.562500
vt 0.312500 1.000000
vt 0.312500 0.562500
vt 0.250000 1.000000
vt 0.250000 0.562500
vt 0.187500 1.000000
vt 0.187500 0.562500
vt 0.125000 1.000000
vt 0.125000 0.562500
vt 0.366356 0.133644
vt 0.402027 0.187028
vt 0.937500 0.562500
vt 0.937500 1.000000
vt 1.000000 0.562500
vt 1.000000 1.000000
vt 0.250000 0.414552
vt 0.312972 0.402027
vt 0.341844 0.471731
vt 0.250000 0.490000
vt 0.366356 0.366356
vt 0.419706 0.419706
vt 0.402027 0.312972
vt 0.471731 0.341844
vt 0.414552 0.250000
vt 0.490000 0.250000
vt 0.471731 0.158156
vt 0.419706 0.080294
vt 0.312972 0.097973
vt 0.341844 0.028269
vt 0.250000 0.085447
vt 0.250000 0.010000
vt 0.187028 0.097973
vt 0.158156 0.028269
vt 0.133644 0.133644
vt 0.080294 0.080294
vt 0.097973 0.187028
vt 0.028269 0.158156
vt 0.085447 0.250000
vt 0.010000 0.250000
vt 0.097973 0.312971
vt 0.028269 0.341844
vt 0.133644 0.366356
vt 0.080294 0.419706
vt 0.187028 0.402027
vt 0.158156 0.471731
vt 0.283653 0.168755
vt 0.312182 0.187818
vt 0.250000 0.337938
vt 0.283653 0.331245
vt 0.312182 0.312182
vt 0.331245 0.283653
vt 0.337939 0.250000
vt 0.331245 0.216347
vt 0.250000 0.162061
vt 0.216347 0.168755
vt 0.187818 0.187818
vt 0.168755 0.216347
vt 0.162061 0.250000
vt 0.168755 0.283653
vt 0.187818 0.312182
vt 0.216347 0.331245
vt 0.199316 0.300684
vt 0.183778 0.277430
vt 0.250000 0.321678
vt 0.277430 0.316222
vt 0.300684 0.300684
vt 0.316222 0.277430
vt 0.321678 0.250000
vt 0.316222 0.222570
vt 0.300684 0.199316
vt 0.277430 0.183778
vt 0.250000 0.178322
vt 0.222570 0.183778
vt 0.199316 0.199316
vt 0.183778 0.222570
vt 0.178322 0.250000
vt 0.222570 0.316222
vt 0.937894 0.500000
vt 0.999606 0.500000
vt 0.750580 0.489885
vt 0.841264 0.471846
vt 0.837886 0.462176
vt 0.750000 0.479657
vt 0.875394 0.500000
vt 0.937106 0.500000
vt 0.842335 0.471403
vt 0.919214 0.420034
vt 0.912392 0.412392
vt 0.812894 0.500000
vt 0.874606 0.500000
vt 0.920034 0.419214
vt 0.971403 0.342335
vt 0.962176 0.337886
vt 0.750394 0.500000
vt 0.812106 0.500000
vt 0.971846 0.341264
vt 0.989885 0.250580
vt 0.979657 0.250000
vt 0.687894 0.500000
vt 0.749606 0.500000
vt 0.989885 0.249420
vt 0.971846 0.158736
vt 0.962176 0.162114
vt 0.625394 0.500000
vt 0.687106 0.500000
vt 0.971403 0.157665
vt 0.920034 0.080786
vt 0.912392 0.087608
vt 0.562894 0.500000
vt 0.624606 0.500000
vt 0.919214 0.079966
vt 0.842335 0.028597
vt 0.837886 0.037824
vt 0.500394 0.500000
vt 0.562106 0.500000
vt 0.841264 0.028154
vt 0.750580 0.010115
vt 0.750000 0.020343
vt 0.437894 0.500000
vt 0.499606 0.500000
vt 0.749420 0.010115
vt 0.658736 0.028154
vt 0.662114 0.037824
vt 0.375394 0.500000
vt 0.437106 0.500000
vt 0.657665 0.028597
vt 0.580786 0.079966
vt 0.587608 0.087608
vt 0.312894 0.500000
vt 0.374606 0.500000
vt 0.579966 0.080786
vt 0.528597 0.157665
vt 0.537824 0.162114
vt 0.250394 0.500000
vt 0.312106 0.500000
vt 0.528154 0.158736
vt 0.510115 0.249420
vt 0.520343 0.250000
vt 0.187894 0.500000
vt 0.249606 0.500000
vt 0.510115 0.250580
vt 0.528154 0.341264
vt 0.537824 0.337886
vt 0.125394 0.500000
vt 0.187106 0.500000
vt 0.528597 0.342335
vt 0.579966 0.419214
vt 0.587608 0.412392
vt 0.062894 0.500000
vt 0.124606 0.500000
vt 0.580786 0.420034
vt 0.657665 0.471403
vt 0.662114 0.462176
vt 0.000394 0.500000
vt 0.062106 0.500000
vt 0.658736 0.471846
vt 0.749420 0.489885
vt 0.793657 0.144602
vt 0.750000 0.135918
vt 0.706342 0.355398
vt 0.750000 0.364082
vt 0.830669 0.330668
vt 0.855398 0.293657
vt 0.864082 0.250000
vt 0.864082 0.250000
vt 0.855398 0.206343
vt 0.830668 0.169332
vt 0.797187 0.136081
vt 0.837190 0.162810
vt 0.706343 0.144602
vt 0.706343 0.144602
vt 0.669332 0.169332
vt 0.644602 0.206343
vt 0.644602 0.206343
vt 0.635918 0.250000
vt 0.635918 0.250000
vt 0.644602 0.293657
vt 0.644602 0.293657
vt 0.669332 0.330668
vt 0.797187 0.363919
vt 0.750000 0.373305
vt 0.793658 0.355398
vt 0.702813 0.363919
vt 0.662810 0.337190
vt 0.750000 0.126695
vt 0.702813 0.136081
vt 0.837190 0.337190
vt 0.662810 0.162810
vt 0.863919 0.297187
vt 0.636081 0.202813
vt 0.873305 0.250000
vt 0.626695 0.250000
vt 0.863919 0.202813
vt 0.636081 0.297187
vt 0.618415 1.000000
vt 0.875000 0.750000
vt 0.625000 0.746669
vt 0.618415 0.000000
vt 0.644954 0.750000
vt 0.626948 0.750000
vt 0.855046 0.750000
vt 0.875000 0.746669
vt 0.625000 0.748335
vt 0.625000 0.749554
vt 0.875000 0.748335
vt 0.827522 0.437154
vt 0.750000 0.452574
vt 0.750000 0.490000
vt 0.841844 0.471731
vt 0.893241 0.393241
vt 0.919706 0.419706
vt 0.937154 0.327522
vt 0.971731 0.341844
vt 0.952574 0.250000
vt 0.990000 0.250000
vt 0.937154 0.172478
vt 0.971731 0.158156
vt 0.893241 0.106759
vt 0.919706 0.080294
vt 0.827522 0.062846
vt 0.841844 0.028269
vt 0.750000 0.047426
vt 0.750000 0.010000
vt 0.672478 0.062846
vt 0.658156 0.028269
vt 0.580294 0.080294
vt 0.528269 0.158156
vt 0.547426 0.250000
vt 0.510000 0.250000
vt 0.562846 0.327522
vt 0.528269 0.341844
vt 0.606759 0.393241
vt 0.580294 0.419706
vt 0.672478 0.437154
vt 0.658156 0.471731
vt 0.613045 0.306729
vt 0.645179 0.354821
vt 0.806729 0.386955
vt 0.750000 0.398239
vt 0.854821 0.354821
vt 0.886955 0.306729
vt 0.898239 0.250000
vt 0.886955 0.193271
vt 0.854821 0.145179
vt 0.806729 0.113045
vt 0.750000 0.101761
vt 0.693271 0.113045
vt 0.645179 0.145179
vt 0.613045 0.193271
vt 0.601761 0.250000
vt 0.693271 0.386955
vt 0.630769 0.509519
vt 0.869231 0.509519
vt 0.869231 0.740481
vt 0.630769 0.740481
vt 0.597804 0.500000
vt 0.597804 0.750000
vt 0.597804 0.000000
vt 0.597804 0.250000
vt 0.417558 0.759028
vt 0.555246 0.759028
vt 0.875000 0.502788
vt 0.875000 0.747212
vt 0.625000 0.002788
vt 0.625000 0.247212
vt 0.626690 0.500000
vt 0.873310 0.500000
vt 0.625000 0.251690
vt 0.625000 0.498310
vt 0.625000 0.747212
vt 0.625000 0.502788
vt 0.873310 0.750000
vt 0.626690 0.750000
vt 0.625000 0.751690
vt 0.625000 0.998310
vt 0.597804 1.000000
vt 0.417558 0.259028
vt 0.555246 0.259028
vt 0.417558 0.490972
vt 0.417558 0.990973
vt 0.555246 0.490972
vt 0.555246 0.990972
vt 0.396870 0.771870
vt 0.603130 0.771870
vt 0.603130 0.978130
vt 0.396870 0.978130
vt 0.396870 0.715944
vt 0.603130 0.715944
vt 0.603130 0.746259
vt 0.396870 0.746259
vt 0.646870 0.715944
vt 0.853130 0.715944
vt 0.853130 0.746259
vt 0.646870 0.746259
vt 0.444207 0.056273
vt 0.444207 0.034056
vt 0.146870 0.746259
vt 0.146870 0.750000
vt 0.134243 0.750000
vt 0.125000 0.746259
vt 0.396870 1.000000
vt 0.384243 1.000000
vt 0.375000 0.978130
vt 0.396870 0.003741
vt 0.375000 0.003741
vt 0.375000 0.001581
vt 0.396870 0.000000
vt 0.625000 0.978130
vt 0.625000 0.990757
vt 0.603130 1.000000
vt 0.875000 0.746259
vt 0.875000 0.748419
vt 0.853130 0.750000
vt 0.603130 0.003741
vt 0.603130 0.000000
vt 0.615757 0.000000
vt 0.625000 0.003741
vt 0.353130 0.746259
vt 0.375000 0.746259
vt 0.378081 0.752554
vt 0.353130 0.750000
vt 0.396870 0.750000
vt 0.375000 0.771870
vt 0.646870 0.750000
vt 0.625000 0.749473
vt 0.625000 0.746259
vt 0.603130 0.750000
vt 0.625000 0.771870
vt 0.146870 0.715944
vt 0.125000 0.715944
vt 0.375000 0.034056
vt 0.396870 0.034056
vt 0.625000 0.715944
vt 0.353130 0.715944
vt 0.146870 0.594685
vt 0.353130 0.594685
vt 0.353130 0.625000
vt 0.146870 0.625000
vt 0.146870 0.655315
vt 0.353130 0.655315
vt 0.353130 0.685629
vt 0.146870 0.685629
vt 0.625000 0.594685
vt 0.625000 0.625000
vt 0.603130 0.625000
vt 0.603130 0.594685
vt 0.625000 0.655315
vt 0.625000 0.685629
vt 0.603130 0.685629
vt 0.603130 0.655315
vt 0.646870 0.594685
vt 0.646870 0.625000
vt 0.646870 0.655315
vt 0.646870 0.685629
vt 0.375000 0.715944
vt 0.375000 0.685629
vt 0.396870 0.685629
vt 0.375000 0.655315
vt 0.375000 0.625000
vt 0.396870 0.625000
vt 0.396870 0.655315
vt 0.375000 0.594685
vt 0.375000 0.564371
vt 0.396870 0.564371
vt 0.396870 0.594685
vt 0.353130 0.564371
vt 0.625000 0.034056
vt 0.625000 0.064371
vt 0.603130 0.064371
vt 0.603130 0.034056
vt 0.625000 0.094685
vt 0.625000 0.125000
vt 0.603130 0.125000
vt 0.603130 0.094685
vt 0.625000 0.155315
vt 0.625000 0.185629
vt 0.603130 0.185629
vt 0.603130 0.155315
vt 0.853130 0.685629
vt 0.875000 0.685629
vt 0.875000 0.715944
vt 0.853130 0.655315
vt 0.853130 0.625000
vt 0.875000 0.625000
vt 0.875000 0.655315
vt 0.853130 0.594685
vt 0.853130 0.564371
vt 0.875000 0.564371
vt 0.875000 0.594685
vt 0.375000 0.155315
vt 0.375000 0.125000
vt 0.396870 0.125000
vt 0.396870 0.155315
vt 0.375000 0.094685
vt 0.375000 0.064371
vt 0.396870 0.064371
vt 0.396870 0.094685
vt 0.125000 0.625000
vt 0.125000 0.594685
vt 0.125000 0.685629
vt 0.125000 0.655315
vt 0.444207 0.072468
vt 0.555793 0.072468
vt 0.444207 0.011839
vt 0.555793 0.011839
vt 0.555793 0.056273
vt 0.555793 0.034056
vt 0.555793 0.116902
vt 0.555793 0.094685
vt 0.444207 0.116902
vt 0.444207 0.094685
vt 0.555793 0.133098
vt 0.444207 0.133098
vt 0.555793 0.177532
vt 0.555793 0.155315
vt 0.396870 0.185629
vt 0.444207 0.177532
vt 0.444207 0.155315
vt 0.603130 0.564371
vt 0.646870 0.564371
vt 0.146870 0.564371
vt 0.125000 0.564371
vt 0.375000 0.185629
vt 0.625000 0.564371
vt 0.521969 0.106717
vt 0.478031 0.106717
vt 0.521969 0.106717
vt 0.478031 0.082654
vt 0.521969 0.082654
vt 0.478031 0.046087
vt 0.469786 0.034056
vt 0.478031 0.046087
vt 0.493451 0.090362
vt 0.506549 0.090362
vt 0.521969 0.022025
vt 0.478032 0.022025
vt 0.530214 0.034056
vt 0.521969 0.046087
vt 0.469786 0.094685
vt 0.530214 0.094685
vt 0.521969 0.143283
vt 0.478031 0.143283
vt 0.469786 0.155315
vt 0.478031 0.167346
vt 0.530214 0.155315
vt 0.521969 0.167346
vt 0.478031 0.167346
vt 0.530214 0.094685
vt 0.469786 0.094685
vt 0.506549 0.159638
vt 0.493451 0.159638
vt 0.513186 0.026028
vt 0.486814 0.026028
vt 0.482621 0.024026
vt 0.517379 0.024026
vt 0.478429 0.022159
vt 0.521571 0.022159
vt 0.478367 0.034056
vt 0.486814 0.042084
vt 0.482621 0.044085
vt 0.473879 0.034056
vt 0.478429 0.045953
vt 0.469970 0.034056
vt 0.521633 0.034056
vt 0.526121 0.034056
vt 0.530030 0.034056
vt 0.521571 0.045953
vt 0.517379 0.044085
vt 0.513186 0.042084
vt 0.513186 0.086657
vt 0.486814 0.086657
vt 0.482621 0.084656
vt 0.517379 0.084656
vt 0.478429 0.082788
vt 0.521571 0.082788
vt 0.478367 0.094685
vt 0.486814 0.102713
vt 0.482621 0.104715
vt 0.473879 0.094685
vt 0.478429 0.106582
vt 0.469970 0.094685
vt 0.521633 0.094685
vt 0.526121 0.094685
vt 0.530030 0.094685
vt 0.521571 0.106582
vt 0.517379 0.104715
vt 0.513186 0.102713
vt 0.513186 0.147287
vt 0.486814 0.147287
vt 0.482621 0.145285
vt 0.517379 0.145285
vt 0.478429 0.143418
vt 0.521571 0.143418
vt 0.478367 0.155315
vt 0.486814 0.163343
vt 0.482621 0.165344
vt 0.473879 0.155315
vt 0.478429 0.167212
vt 0.469970 0.155315
vt 0.521633 0.155315
vt 0.526121 0.155315
vt 0.530030 0.155315
vt 0.521571 0.167212
vt 0.517379 0.165344
vt 0.513186 0.163343
vt 0.506549 0.029733
vt 0.493451 0.029733
vt 0.487798 0.034056
vt 0.493451 0.038379
vt 0.512202 0.034056
vt 0.506549 0.038379
vt 0.487798 0.094685
vt 0.493451 0.099008
vt 0.512202 0.094685
vt 0.506549 0.099008
vt 0.506549 0.150992
vt 0.493451 0.150992
vt 0.487798 0.155315
vt 0.512202 0.155315
vt 0.062500 0.909684
vt 0.000000 0.909684
vt 0.875000 0.909684
vt 0.812500 0.909684
vt 0.750000 0.909684
vt 0.687500 0.909684
vt 0.625000 0.909684
vt 0.562500 0.909684
vt 0.500000 0.909684
vt 0.437500 0.909684
vt 0.375000 0.909684
vt 0.312500 0.909684
vt 0.250000 0.909684
vt 0.187500 0.909684
vt 0.125000 0.909684
vt 1.000000 0.909684
vt 0.937500 0.909684
vt 0.854535 0.293300
vt 0.863147 0.250000
vt 0.999146 1.000000
vt 0.938354 1.000000
vt 0.340590 0.471981
vt 0.251254 0.489750
vt 0.250000 0.467616
vt 0.333278 0.451051
vt 0.936646 1.000000
vt 0.875854 1.000000
vt 0.418642 0.420416
vt 0.342907 0.471020
vt 0.403878 0.403878
vt 0.874146 1.000000
vt 0.813354 1.000000
vt 0.471020 0.342907
vt 0.420416 0.418642
vt 0.451051 0.333278
vt 0.811646 1.000000
vt 0.750854 1.000000
vt 0.489751 0.251254
vt 0.471981 0.340590
vt 0.467616 0.250000
vt 0.749146 1.000000
vt 0.688354 1.000000
vt 0.471981 0.159410
vt 0.489750 0.248746
vt 0.451051 0.166722
vt 0.686646 1.000000
vt 0.625854 1.000000
vt 0.420416 0.081358
vt 0.471020 0.157093
vt 0.403878 0.096122
vt 0.624146 1.000000
vt 0.563354 1.000000
vt 0.342907 0.028979
vt 0.418642 0.079584
vt 0.333278 0.048949
vt 0.561646 1.000000
vt 0.500854 1.000000
vt 0.251254 0.010250
vt 0.340590 0.028019
vt 0.250000 0.032384
vt 0.499146 1.000000
vt 0.438354 1.000000
vt 0.159410 0.028019
vt 0.248746 0.010250
vt 0.166722 0.048949
vt 0.436646 1.000000
vt 0.375854 1.000000
vt 0.081358 0.079584
vt 0.157093 0.028980
vt 0.096122 0.096122
vt 0.374146 1.000000
vt 0.313354 1.000000
vt 0.028979 0.157093
vt 0.079584 0.081358
vt 0.048949 0.166722
vt 0.311646 1.000000
vt 0.250854 1.000000
vt 0.010250 0.248746
vt 0.028019 0.159410
vt 0.032384 0.250000
vt 0.249146 1.000000
vt 0.188354 1.000000
vt 0.028019 0.340590
vt 0.010250 0.251254
vt 0.048949 0.333278
vt 0.186646 1.000000
vt 0.125854 1.000000
vt 0.079584 0.418642
vt 0.028979 0.342907
vt 0.096122 0.403878
vt 0.124146 1.000000
vt 0.063354 1.000000
vt 0.157093 0.471020
vt 0.081358 0.420416
vt 0.166722 0.451051
vt 0.061646 1.000000
vt 0.000854 1.000000
vt 0.248746 0.489750
vt 0.159410 0.471981
vt 0.394546 0.105454
vt 0.438859 0.171772
vt 0.250000 0.454419
vt 0.328228 0.438859
vt 0.394546 0.394546
vt 0.438859 0.328228
vt 0.454419 0.250000
vt 0.328228 0.061141
vt 0.250000 0.045581
vt 0.171772 0.061141
vt 0.105454 0.105454
vt 0.061141 0.171772
vt 0.045581 0.250000
vt 0.061141 0.328228
vt 0.105454 0.394546
vt 0.171772 0.438859
vt 0.282505 0.328474
vt 0.250000 0.334940
vt 0.217495 0.328474
vt 0.189939 0.310061
vt 0.171526 0.282505
vt 0.165060 0.250000
vt 0.171526 0.217495
vt 0.189939 0.189939
vt 0.217495 0.171526
vt 0.250000 0.165060
vt 0.282505 0.171526
vt 0.310061 0.189939
vt 0.328474 0.217495
vt 0.334940 0.250000
vt 0.328474 0.282505
vt 0.310061 0.310061
vt 0.793300 0.354535
vt 0.750000 0.363148
vt 0.830007 0.330007
vt 0.854535 0.206700
vt 0.830007 0.169993
vt 0.793300 0.145465
vt 0.750000 0.136852
vt 0.706700 0.145465
vt 0.669992 0.169993
vt 0.645465 0.206700
vt 0.636852 0.250000
vt 0.645465 0.293300
vt 0.669993 0.330007
vt 0.706700 0.354535
vt 0.250000 0.391056
vt 0.303980 0.380319
vt 0.349741 0.349741
vt 0.380319 0.303980
vt 0.391056 0.250000
vt 0.380319 0.196020
vt 0.349742 0.150258
vt 0.303980 0.119681
vt 0.250000 0.108944
vt 0.196020 0.119681
vt 0.150258 0.150258
vt 0.119681 0.196020
vt 0.108944 0.250000
vt 0.119681 0.303980
vt 0.150258 0.349741
vt 0.196020 0.380319
vt 0.328908 0.440500
vt 0.250000 0.456196
vt 0.395803 0.395802
vt 0.440500 0.328908
vt 0.456196 0.250000
vt 0.440500 0.171092
vt 0.395802 0.104197
vt 0.328908 0.059500
vt 0.250000 0.043804
vt 0.171092 0.059500
vt 0.104197 0.104197
vt 0.059500 0.171092
vt 0.043804 0.250000
vt 0.059500 0.328908
vt 0.104197 0.395802
vt 0.171092 0.440500
vt 0.000000 0.000000
vt 0.597222 0.218750
vt 0.625000 0.218750
vt 0.597222 0.250000
vt 0.597222 0.503182
vt 0.597222 0.531250
vt 0.597222 0.523768
vt 0.597222 0.718750
vt 0.597222 0.746818
vt 0.597222 0.726232
vt 0.597222 0.718750
vt 0.583334 0.750000
vt 0.583333 0.750000
vt 0.583333 0.726563
vt 0.583334 0.726562
vt 0.125000 0.718750
vt 0.375000 0.718750
vt 0.625000 0.718750
vt 0.875000 0.718750
vt 0.402778 0.746818
vt 0.402778 0.718750
vt 0.402778 0.726231
vt 0.430556 0.718750
vt 0.430556 0.746819
vt 0.430555 0.726232
vt 0.458333 0.746818
vt 0.458333 0.718750
vt 0.458333 0.726231
vt 0.486111 0.718750
vt 0.486111 0.746818
vt 0.486111 0.726232
vt 0.486111 0.718750
vt 0.513889 0.746818
vt 0.513889 0.718750
vt 0.513889 0.726231
vt 0.541667 0.718750
vt 0.541667 0.746818
vt 0.541667 0.726232
vt 0.569444 0.746818
vt 0.569444 0.718750
vt 0.569444 0.726231
vt 0.611111 0.750000
vt 0.388890 0.750000
vt 0.402778 0.780127
vt 0.402778 1.000000
vt 0.486111 0.503182
vt 0.500000 0.500000
vt 0.500000 0.500000
vt 0.513889 0.503182
vt 0.513889 0.531250
vt 0.486111 0.531250
vt 0.430556 0.780210
vt 0.444444 0.750000
vt 0.444445 0.750000
vt 0.458333 0.780284
vt 0.458333 1.000000
vt 0.430556 1.000000
vt 0.541667 0.640625
vt 0.541667 0.656250
vt 0.486111 0.780347
vt 0.500000 0.750000
vt 0.500000 0.750000
vt 0.513889 0.780399
vt 0.513889 1.000000
vt 0.486111 1.000000
vt 0.430556 0.562500
vt 0.430556 0.593750
vt 0.541667 0.780441
vt 0.555555 0.750000
vt 0.555556 0.750000
vt 0.569444 0.780470
vt 0.569444 1.000000
vt 0.541667 1.000000
vt 0.527778 0.687500
vt 0.527778 0.687500
vt 0.527778 0.718750
vt 0.527778 0.718750
vt 0.597222 0.780488
vt 0.597222 1.000000
vt 0.430556 0.503181
vt 0.430556 0.531250
vt 0.430556 0.523768
vt 0.416666 0.500000
vt 0.416667 0.500000
vt 0.416667 0.523438
vt 0.416667 0.523438
vt 0.486111 0.523768
vt 0.472222 0.500000
vt 0.472222 0.500000
vt 0.472222 0.523438
vt 0.472222 0.523438
vt 0.541667 0.503182
vt 0.541667 0.531250
vt 0.541667 0.523768
vt 0.527778 0.500000
vt 0.527778 0.500000
vt 0.527778 0.523438
vt 0.527778 0.523438
vt 0.611111 0.500000
vt 0.597222 0.469512
vt 0.375000 0.218750
vt 0.402778 0.218750
vt 0.402778 0.250000
vt 0.430556 0.218750
vt 0.430556 0.250000
vt 0.458333 0.218750
vt 0.458333 0.250000
vt 0.486111 0.218750
vt 0.486111 0.250000
vt 0.513889 0.218750
vt 0.513889 0.250000
vt 0.541667 0.218750
vt 0.541667 0.250000
vt 0.569444 0.218750
vt 0.569444 0.250000
vt 0.569444 0.000000
vt 0.597222 0.000000
vt 0.597222 0.031250
vt 0.569444 0.031250
vt 0.597222 0.062500
vt 0.569444 0.062500
vt 0.597222 0.093750
vt 0.569444 0.093750
vt 0.125000 0.640625
vt 0.125000 0.656250
vt 0.875000 0.609375
vt 0.875000 0.593750
vt 0.569444 0.156250
vt 0.597222 0.156250
vt 0.597222 0.187500
vt 0.569444 0.187500
vt 0.541667 0.000000
vt 0.541667 0.031250
vt 0.541667 0.062500
vt 0.541667 0.093750
vt 0.625000 0.156250
vt 0.541667 0.156250
vt 0.541667 0.187500
vt 0.513889 0.000000
vt 0.513889 0.031250
vt 0.513889 0.062500
vt 0.513889 0.093750
vt 0.125000 0.609375
vt 0.513889 0.156250
vt 0.513889 0.187500
vt 0.486111 0.000000
vt 0.486111 0.031250
vt 0.486111 0.062500
vt 0.486111 0.093750
vt 0.875000 0.640625
vt 0.875000 0.625000
vt 0.486111 0.156250
vt 0.486111 0.187500
vt 0.458333 0.000000
vt 0.458333 0.031250
vt 0.458333 0.062500
vt 0.458333 0.093750
vt 0.458333 0.156250
vt 0.458333 0.187500
vt 0.430556 0.000000
vt 0.430556 0.031250
vt 0.430556 0.062500
vt 0.430556 0.093750
vt 0.430556 0.156250
vt 0.430556 0.187500
vt 0.402778 0.000000
vt 0.402778 0.031250
vt 0.402778 0.062500
vt 0.402778 0.093750
vt 0.625000 0.093750
vt 0.402778 0.156250
vt 0.402778 0.187500
vt 0.375000 0.031250
vt 0.375000 0.062500
vt 0.375000 0.093750
vt 0.375000 0.156250
vt 0.375000 0.187500
vt 0.486111 0.469653
vt 0.458333 0.469716
vt 0.527776 0.625000
vt 0.527780 0.625000
vt 0.527779 0.640625
vt 0.527777 0.640625
vt 0.388890 0.500000
vt 0.402778 0.503182
vt 0.402778 0.531250
vt 0.375000 0.531250
vt 0.541667 0.562500
vt 0.527778 0.750000
vt 0.527778 0.750000
vt 0.527778 0.726562
vt 0.527778 0.726562
vt 0.486111 0.640625
vt 0.486111 0.656250
vt 0.569444 0.531250
vt 0.569444 0.503182
vt 0.569445 0.523769
vt 0.569444 0.562500
vt 0.569444 0.593750
vt 0.541667 0.593750
vt 0.541667 0.609375
vt 0.569444 0.609375
vt 0.569444 0.625000
vt 0.541667 0.625000
vt 0.569444 0.640625
vt 0.569444 0.656250
vt 0.569444 0.687500
vt 0.541667 0.687500
vt 0.416666 0.687500
vt 0.416667 0.687500
vt 0.416667 0.718750
vt 0.527777 0.656250
vt 0.527778 0.656250
vt 0.541667 0.469559
vt 0.513889 0.469601
vt 0.458333 0.656250
vt 0.458333 0.640625
vt 0.416665 0.656250
vt 0.416668 0.656250
vt 0.527777 0.609375
vt 0.527779 0.609375
vt 0.513889 0.523769
vt 0.513889 0.562500
vt 0.486111 0.562500
vt 0.513889 0.593750
vt 0.486111 0.593750
vt 0.486111 0.609375
vt 0.513889 0.609375
vt 0.513889 0.625000
vt 0.486111 0.625000
vt 0.513889 0.640625
vt 0.513889 0.656250
vt 0.513889 0.687500
vt 0.486111 0.687500
vt 0.472223 0.750000
vt 0.472222 0.750000
vt 0.472222 0.726562
vt 0.472222 0.726562
vt 0.430556 0.640625
vt 0.430556 0.656250
vt 0.416663 0.640625
vt 0.416670 0.640625
vt 0.527778 0.562500
vt 0.527778 0.562500
vt 0.527778 0.593750
vt 0.527777 0.593750
vt 0.555555 0.500000
vt 0.555556 0.500000
vt 0.416658 0.625000
vt 0.416676 0.625000
vt 0.458333 0.531250
vt 0.458333 0.503182
vt 0.458333 0.523769
vt 0.458333 0.562500
vt 0.458333 0.593750
vt 0.430556 0.609375
vt 0.458333 0.609375
vt 0.458333 0.625000
vt 0.430556 0.625000
vt 0.458333 0.687500
vt 0.430556 0.687500
vt 0.416663 0.609375
vt 0.416670 0.609375
vt 0.527778 0.531250
vt 0.527778 0.531250
vt 0.402778 0.562500
vt 0.416667 0.750000
vt 0.416666 0.750000
vt 0.416667 0.726562
vt 0.416667 0.726562
vt 0.416666 0.562500
vt 0.416667 0.562500
vt 0.416668 0.593750
vt 0.416665 0.593750
vt 0.402778 0.523769
vt 0.375000 0.562500
vt 0.402778 0.593750
vt 0.375000 0.593750
vt 0.375000 0.609375
vt 0.402778 0.609375
vt 0.402778 0.625000
vt 0.375000 0.625000
vt 0.375000 0.640625
vt 0.402778 0.640625
vt 0.402778 0.656250
vt 0.375000 0.656250
vt 0.402778 0.687500
vt 0.375000 0.687500
vt 0.875000 0.531250
vt 0.625000 0.531250
vt 0.875000 0.562500
vt 0.625000 0.562500
vt 0.625000 0.593750
vt 0.625000 0.609375
vt 0.625000 0.640625
vt 0.875000 0.656250
vt 0.625000 0.656250
vt 0.875000 0.687500
vt 0.625000 0.687500
vt 0.125000 0.531250
vt 0.125000 0.562500
vt 0.125000 0.593750
vt 0.125000 0.687500
vt 0.583334 0.500000
vt 0.583333 0.500000
vt 0.569444 0.469530
vt 0.597222 0.562500
vt 0.597222 0.593750
vt 0.597222 0.609375
vt 0.597222 0.625000
vt 0.597222 0.640625
vt 0.597222 0.656250
vt 0.597222 0.687500
vt 0.625000 0.031250
vt 0.625000 0.062500
vt 0.625000 0.187500
vt 0.569444 0.109375
vt 0.597222 0.109375
vt 0.597222 0.125000
vt 0.569444 0.125000
vt 0.569444 0.140625
vt 0.597222 0.140625
vt 0.541667 0.109375
vt 0.541667 0.125000
vt 0.541667 0.140625
vt 0.513889 0.109375
vt 0.513889 0.125000
vt 0.513889 0.140625
vt 0.486111 0.109375
vt 0.486111 0.125000
vt 0.486111 0.140625
vt 0.458333 0.109375
vt 0.458333 0.125000
vt 0.458333 0.140625
vt 0.430556 0.109375
vt 0.430556 0.125000
vt 0.430556 0.140625
vt 0.402778 0.109375
vt 0.402778 0.125000
vt 0.402778 0.140625
vt 0.375000 0.109375
vt 0.375000 0.140625
vt 0.625000 0.109375
vt 0.625000 0.125000
vt 0.625000 0.140625
vt 0.416667 0.531250
vt 0.583333 0.523438
vt 0.583334 0.523438
vt 0.583334 0.531250
vt 0.583333 0.531250
vt 0.402778 0.469873
vt 0.472222 0.718750
vt 0.472222 0.718750
vt 0.583333 0.593750
vt 0.583334 0.593750
vt 0.583334 0.609375
vt 0.583333 0.609375
vt 0.583333 0.625000
vt 0.583334 0.625000
vt 0.583334 0.640625
vt 0.583333 0.640625
vt 0.472222 0.531250
vt 0.472222 0.531250
vt 0.513889 0.609375
vt 0.513889 0.656250
vt 0.458333 0.562500
vt 0.458333 0.593750
vt 0.472221 0.593750
vt 0.472223 0.593750
vt 0.472224 0.609375
vt 0.472220 0.609375
vt 0.472217 0.625000
vt 0.472227 0.625000
vt 0.472224 0.640625
vt 0.472220 0.640625
vt 0.458333 0.687500
vt 0.583333 0.718750
vt 0.583334 0.718750
vt 0.430556 0.687500
vt 0.458333 0.609375
vt 0.569445 0.640625
vt 0.430556 0.469790
vt 0.444445 0.500000
vt 0.444444 0.500000
vt 0.486111 0.609375
vt 0.472222 0.562500
vt 0.472222 0.562500
vt 0.583334 0.562500
vt 0.583333 0.562500
vt 0.472223 0.656250
vt 0.472221 0.656250
vt 0.597222 0.609375
vt 0.472222 0.687500
vt 0.472222 0.687500
vt 0.583334 0.656250
vt 0.583333 0.656250
vt 0.583334 0.687500
vt 0.583333 0.687500
vt 0.597222 0.499999
vt 0.569434 0.502552
vt 0.541667 0.499999
vt 0.513865 0.502553
vt 0.486111 0.499998
vt 0.458296 0.502553
vt 0.430556 0.499997
vt 0.402728 0.502553
vt 0.597212 0.747448
vt 0.569444 0.750000
vt 0.541642 0.747448
vt 0.513889 0.749999
vt 0.486074 0.747448
vt 0.458333 0.749998
vt 0.430505 0.747448
vt 0.402778 0.749997
vt 0.562500 0.259267
vt 0.625000 0.259306
vt 0.625000 0.385907
vt 0.562500 0.385907
vt 0.625000 0.719585
vt 0.625000 0.530663
vt 0.625000 0.549256
vt 0.625000 0.701423
vt 0.625000 0.493228
vt 0.562500 0.493331
vt 0.500000 0.256149
vt 0.500000 0.385907
vt 0.375000 0.385907
vt 0.437500 0.385907
vt 0.437500 0.493407
vt 0.375000 0.493387
vt 0.625000 0.489137
vt 0.625000 0.385907
vt 0.625000 0.464029
vt 0.375000 0.260530
vt 0.375000 0.385907
vt 0.375000 0.260485
vt 0.375000 0.257404
vt 0.437500 0.256140
vt 0.375000 0.864093
vt 0.375000 0.992812
vt 0.375000 0.989746
vt 0.375000 0.864093
vt 0.625000 0.200469
vt 0.625000 0.048516
vt 0.625000 0.121229
vt 0.625000 0.125952
vt 0.125000 0.560708
vt 0.135485 0.500000
vt 0.260907 0.500000
vt 0.260907 0.750000
vt 0.135219 0.750000
vt 0.125000 0.688443
vt 0.375000 0.758130
vt 0.375000 0.758119
vt 0.375000 0.989781
vt 0.625000 0.263678
vt 0.625000 0.281659
vt 0.739093 0.500000
vt 0.843341 0.500000
vt 0.875000 0.624048
vt 0.875000 0.628771
vt 0.739093 0.628766
vt 0.625000 0.865401
vt 0.625000 0.944365
vt 0.625000 0.623309
vt 0.660971 0.500000
vt 0.625000 0.628697
vt 0.375000 0.030732
vt 0.375000 0.219606
vt 0.375000 0.189272
vt 0.375000 0.061611
vt 0.500000 0.030482
vt 0.562500 0.030406
vt 0.562500 0.219358
vt 0.500000 0.219472
vt 0.562500 0.864093
vt 0.625000 0.864093
vt 0.622855 0.991130
vt 0.562500 0.991103
vt 0.375000 0.756302
vt 0.437500 0.756265
vt 0.437500 0.864093
vt 0.541240 0.970242
vt 0.499579 0.975647
vt 0.500000 0.493389
vt 0.375000 0.491496
vt 0.437500 0.530380
vt 0.500000 0.530445
vt 0.500000 0.719395
vt 0.437500 0.719244
vt 0.562500 0.530537
vt 0.562500 0.719505
vt 0.437500 0.994043
vt 0.455790 0.772537
vt 0.495091 0.772521
vt 0.445651 0.766181
vt 0.445709 0.864093
vt 0.616510 0.853968
vt 0.615493 0.765796
vt 0.623202 0.756221
vt 0.625000 0.864093
vt 0.625000 0.969971
vt 0.625000 0.979931
vt 0.437500 0.030588
vt 0.500000 0.030482
vt 0.437500 0.219552
vt 0.625000 0.775113
vt 0.625000 0.775113
vt 0.375000 0.560626
vt 0.375000 0.687848
vt 0.375000 0.687922
vt 0.375000 0.560610
vt 0.366521 0.500000
vt 0.366881 0.750000
vt 0.625000 0.219201
vt 0.625000 0.030354
vt 0.375000 0.530338
vt 0.375000 0.719042
vt 0.375000 0.491521
vt 0.562501 0.766004
vt 0.500002 0.766130
vt 0.500000 0.756240
vt 0.562500 0.756226
vt 0.625000 0.810070
vt 0.625000 0.863209
vt 0.625000 0.863980
vt 0.625000 0.778471
vt 0.625000 0.822988
vt 0.625000 0.806629
vt 0.625000 0.784403
vt 0.625000 0.806067
vt 0.375000 0.189292
vt 0.375000 0.061557
vt 0.625000 0.966234
vt 0.625000 0.993147
vt 0.625000 0.996391
vt 0.625000 0.804467
vt 0.625000 0.764615
vt 0.625000 0.864453
vt 0.625000 0.782230
vt 0.625000 0.755836
vt 0.625000 0.752591
vt 0.625000 0.985626
vt 0.625000 0.764851
vt 0.625000 0.928046
vt 0.625000 0.934454
vt 0.625000 0.963410
vt 0.625000 0.965964
vt 0.625000 0.864253
vt 0.625000 0.865303
vt 0.625000 0.917236
vt 0.625000 0.942024
vt 0.562500 0.000000
vt 0.622855 0.000000
vt 0.625000 0.864093
vt 0.435233 0.000000
vt 0.437500 0.030588
vt 0.437500 0.000000
vt 0.500000 0.000000
vt 0.503204 0.000000
vt 0.445888 0.984925
vt 0.496430 0.982805
vt 0.500000 0.994050
vt 0.450877 0.974255
vt 0.450877 0.869339
vt 0.546448 0.854172
vt 0.546448 0.961874
vt 0.507816 0.772518
vt 0.554690 0.772507
vt 0.450877 0.856463
vt 0.450877 0.780169
vt 0.490022 0.976641
vt 0.455226 0.979183
vt 0.500003 0.780151
vt 0.561164 0.778670
vt 0.541642 0.842146
vt 0.500000 0.864093
vt 0.566468 0.772505
vt 0.606128 0.772502
vt 0.552958 0.853622
vt 0.540792 0.842508
vt 0.540098 0.963541
vt 0.494652 0.970724
vt 0.455789 0.780167
vt 0.455789 0.864093
vt 0.455298 0.973485
vt 0.605939 0.778755
vt 0.606130 0.841449
vt 0.543020 0.840253
vt 0.553278 0.978730
vt 0.605941 0.847702
vt 0.551856 0.846590
vt 0.611245 0.841537
vt 0.610199 0.778778
s 1
usemtl Material
f 550/1/1 553/2/2 552/3/3 542/3/4 549/4/5
f 65/5/6 57/6/7 4/7/7 32/8/6
f 37/9/8 40/10/8 3/11/9 6/12/9
f 547/13/10 557/14/11 556/15/12 39/16/7 54/17/6
f 32/8/13 4/7/13 1/18/13 31/19/13
f 5/20/14 10/21/15 7/22/15 2/23/14
f 40/10/16 41/24/17 9/25/18 3/11/19
f 67/26/20 59/27/21 10/21/22 5/20/23
f 3/11/24 9/25/25 8/28/26 6/29/24
f 35/30/27 14/31/13 12/32/13 33/33/28
f 56/34/29 43/35/30 13/36/30 34/37/29
f 66/38/31 60/39/31 14/31/31 35/30/31
f 34/37/32 13/36/32 11/40/32 36/41/32
f 26/42/13 18/43/13 16/44/13 24/45/13
f 50/46/33 45/47/34 17/48/34 25/49/33
f 63/50/31 61/51/35 18/43/35 26/42/31
f 25/49/32 17/48/32 15/52/32 23/53/32
f 13/36/32 20/54/32 22/55/32 11/40/32
f 60/39/31 62/56/31 21/57/31 14/31/31
f 43/35/30 48/58/33 20/54/33 13/36/30
f 14/31/13 21/57/13 19/59/13 12/32/13
f 20/54/32 25/49/32 23/53/32 22/55/32
f 62/56/31 63/50/31 26/42/31 21/57/31
f 48/58/33 50/46/33 25/49/33 20/54/33
f 21/57/13 26/42/13 24/45/13 19/59/13
f 18/43/13 30/60/13 28/61/13 16/44/13
f 45/47/34 51/62/36 29/63/36 17/48/34
f 61/51/35 64/64/37 30/60/37 18/43/35
f 17/48/32 29/63/32 27/65/32 15/52/32
f 30/60/13 32/8/13 31/19/13 28/61/13
f 51/62/38 53/66/39 550/1/1 29/63/38
f 64/64/40 65/5/6 32/8/6 30/60/40
f 29/63/32 550/1/32 547/67/32 27/65/32
f 9/25/25 34/37/32 36/41/32 8/28/26
f 59/27/21 66/38/31 35/30/31 10/21/22
f 41/24/17 56/34/29 34/37/29 9/25/18
f 10/21/15 35/30/27 33/33/28 7/22/15
f 69/68/41 76/69/29 56/34/29 41/24/17
f 8/70/42 36/71/31 55/72/31 42/73/43
f 27/74/40 547/13/10 54/17/6 52/75/40
f 74/76/38 75/77/39 53/66/39 51/62/38
f 15/78/35 27/74/37 52/75/37 46/79/35
f 71/80/34 74/76/36 51/62/36 45/47/34
f 72/81/33 73/82/33 50/46/33 48/58/33
f 22/83/31 23/84/31 49/85/31 47/86/31
f 70/87/30 72/81/33 48/58/33 43/35/30
f 11/88/31 22/83/31 47/86/31 44/89/31
f 23/84/31 15/78/35 46/79/35 49/85/31
f 73/82/33 71/80/34 45/47/34 50/46/33
f 36/71/31 11/88/31 44/89/31 55/72/31
f 76/69/29 70/87/30 43/35/30 56/34/29
f 6/90/44 8/70/42 42/73/43 37/91/45
f 58/92/46 69/68/41 41/24/17 40/10/16
f 75/77/39 68/93/5 38/94/5 53/66/39
f 67/95/47 58/92/47 40/10/8 37/9/8
f 569/96/48 558/96/49 541/96/50 545/96/51 568/96/51
f 68/93/52 57/97/52 39/98/52 38/94/52
f 1/18/52 4/99/52 57/97/52 68/93/52
f 5/100/53 2/23/53 58/92/47 67/95/47
f 31/19/39 1/18/5 68/93/5 75/77/39
f 2/23/54 7/22/55 69/68/41 58/92/46
f 33/33/29 12/32/30 70/87/30 76/69/29
f 24/45/33 16/44/34 71/80/34 73/82/33
f 12/32/30 19/59/33 72/81/33 70/87/30
f 19/59/33 24/45/33 73/82/33 72/81/33
f 16/44/34 28/61/36 74/76/36 71/80/34
f 28/61/38 31/19/39 75/77/39 74/76/38
f 7/22/55 33/33/29 76/69/29 69/68/41
f 42/73/43 55/72/31 66/38/31 59/27/21
f 52/75/40 54/17/6 65/5/6 64/64/40
f 46/79/35 52/75/37 64/64/37 61/51/35
f 47/86/31 49/85/31 63/50/31 62/56/31
f 44/89/31 47/86/31 62/56/31 60/39/31
f 49/85/31 46/79/35 61/51/35 63/50/31
f 55/72/31 44/89/31 60/39/31 66/38/31
f 37/91/45 42/73/43 59/27/21 67/26/20
f 54/17/6 39/16/7 57/6/7 65/5/6
f 586/101/56 200/102/56 110/103/13 571/104/13
f 573/99/57 122/105/57 128/106/58 574/107/58
f 574/107/58 128/106/58 134/108/59 575/109/59
f 575/109/59 134/108/59 140/110/60 576/111/60
f 576/111/60 140/110/60 146/112/61 577/18/61
f 577/18/61 146/112/61 152/113/62 578/114/62
f 578/114/62 152/113/62 158/115/32 579/116/32
f 579/116/32 158/115/32 164/117/63 580/118/63
f 580/118/63 164/117/63 170/119/64 581/23/64
f 581/23/64 170/119/64 176/120/65 582/121/65
f 582/121/65 176/120/65 182/122/66 583/123/66
f 583/123/66 182/122/66 188/124/67 584/125/67
f 584/125/67 188/124/67 194/126/68 585/100/68
f 585/100/68 194/126/68 200/102/56 586/101/56
f 571/127/13 110/128/13 116/129/69 572/130/69
f 86/131/70 88/132/70 210/132/70 209/131/70
f 572/130/69 116/129/69 122/105/57 573/99/57
f 97/133/64 99/134/65 614/134/65 613/133/64
f 116/129/71 110/128/72 114/135/72 120/136/71
f 120/136/73 114/135/74 113/137/75 119/138/76
f 119/138/76 113/137/75 112/139/77 118/140/78
f 118/141/78 112/142/77 111/143/79 117/144/80
f 117/144/80 111/143/79 109/145/81 115/146/82
f 122/105/83 116/129/71 120/147/71 126/148/83
f 126/148/84 120/147/73 119/149/76 125/150/85
f 125/150/85 119/149/76 118/151/78 124/152/86
f 124/153/86 118/154/78 117/144/80 123/155/87
f 123/155/87 117/144/80 115/146/82 121/156/88
f 128/106/89 122/105/83 126/157/83 132/158/89
f 132/158/90 126/157/84 125/159/85 131/160/91
f 131/160/91 125/159/85 124/161/86 130/162/92
f 130/163/92 124/164/86 123/155/87 129/165/93
f 129/165/93 123/155/87 121/156/88 127/166/94
f 134/108/95 128/106/89 132/167/89 138/168/95
f 138/168/96 132/167/90 131/169/91 137/170/97
f 137/170/97 131/169/91 130/171/92 136/172/98
f 136/173/98 130/174/92 129/165/93 135/175/99
f 135/175/99 129/165/93 127/166/94 133/176/100
f 140/110/101 134/108/95 138/177/95 144/178/101
f 144/178/102 138/177/96 137/179/97 143/180/103
f 143/180/103 137/179/97 136/181/98 142/182/104
f 142/183/104 136/184/98 135/175/99 141/185/105
f 141/185/105 135/175/99 133/176/100 139/186/106
f 146/112/107 140/110/101 144/187/101 150/188/107
f 150/188/108 144/187/102 143/189/103 149/190/109
f 149/190/109 143/189/103 142/191/104 148/192/110
f 148/193/110 142/194/104 141/185/105 147/195/111
f 147/195/111 141/185/105 139/186/106 145/196/112
f 152/113/113 146/112/107 150/197/107 156/198/113
f 156/198/114 150/197/108 149/199/109 155/200/115
f 155/200/115 149/199/109 148/201/110 154/202/116
f 154/203/116 148/204/110 147/195/111 153/205/117
f 153/205/117 147/195/111 145/196/112 151/206/118
f 158/115/119 152/113/113 156/207/113 162/208/119
f 162/208/120 156/207/114 155/209/115 161/210/121
f 161/210/121 155/209/115 154/211/116 160/212/122
f 160/213/122 154/214/116 153/205/117 159/215/123
f 159/215/123 153/205/117 151/206/118 157/216/124
f 164/117/125 158/115/119 162/217/119 168/218/125
f 168/218/126 162/217/120 161/219/121 167/220/127
f 167/220/127 161/219/121 160/221/122 166/222/128
f 166/223/128 160/224/122 159/215/123 165/225/129
f 165/225/129 159/215/123 157/216/124 163/226/130
f 170/119/131 164/117/125 168/227/125 174/228/131
f 174/228/132 168/227/126 167/229/127 173/230/133
f 173/230/133 167/229/127 166/231/128 172/232/134
f 172/233/134 166/234/128 165/225/129 171/235/135
f 171/235/135 165/225/129 163/226/130 169/132/136
f 176/120/137 170/119/131 174/236/131 180/237/137
f 180/237/138 174/236/132 173/238/133 179/239/139
f 179/239/139 173/238/133 172/240/134 178/241/140
f 178/242/140 172/243/134 171/235/135 177/244/141
f 177/244/141 171/235/135 169/132/136 175/131/142
f 182/122/143 176/120/137 180/245/137 186/246/143
f 186/246/144 180/245/138 179/247/139 185/248/145
f 185/248/145 179/247/139 178/249/140 184/250/146
f 184/251/146 178/252/140 177/244/141 183/253/147
f 183/253/147 177/244/141 175/131/142 181/254/148
f 188/124/149 182/122/143 186/255/143 192/256/149
f 192/256/150 186/255/144 185/257/145 191/258/151
f 191/258/151 185/257/145 184/259/146 190/260/152
f 190/261/152 184/262/146 183/253/147 189/263/153
f 189/263/153 183/253/147 181/254/148 187/264/154
f 194/126/155 188/124/149 192/265/149 198/266/155
f 198/266/156 192/265/150 191/267/151 197/268/157
f 197/268/157 191/267/151 190/269/152 196/270/158
f 196/271/158 190/272/152 189/263/153 195/273/159
f 195/273/159 189/263/153 187/264/154 193/274/160
f 200/102/161 194/126/155 198/275/155 204/276/161
f 204/276/162 198/275/156 197/277/157 203/278/163
f 203/278/163 197/277/157 196/279/158 202/280/164
f 202/281/164 196/282/158 195/273/159 201/283/165
f 201/283/165 195/273/159 193/274/160 199/284/166
f 110/103/72 200/102/161 204/285/161 114/286/72
f 114/286/74 204/285/162 203/287/163 113/288/75
f 113/288/75 203/287/163 202/289/164 112/290/77
f 112/291/77 202/292/164 201/283/165 111/143/79
f 111/143/79 201/283/165 199/284/166 109/145/81
f 109/145/13 199/284/56 78/284/56 108/145/13
f 199/284/56 193/274/68 80/274/68 78/284/56
f 187/264/67 181/254/66 84/254/66 82/264/67
f 175/131/65 169/132/64 88/132/64 86/131/65
f 163/226/63 157/216/32 92/216/32 90/226/63
f 151/206/62 145/196/61 96/196/61 94/206/62
f 139/186/60 133/176/59 100/176/59 98/186/60
f 127/166/58 121/156/57 104/156/57 102/166/58
f 115/146/69 109/145/13 108/145/13 106/146/167
f 193/274/68 187/264/67 82/264/67 80/274/68
f 181/254/66 175/131/65 86/131/65 84/254/66
f 169/132/64 163/226/63 90/226/63 88/132/64
f 157/216/32 151/206/62 94/206/62 92/216/32
f 145/196/61 139/186/60 98/186/60 96/196/61
f 133/176/59 127/166/58 102/166/58 100/176/59
f 121/156/57 115/146/69 106/146/167 104/156/57
f 216/176/59 217/166/58 233/166/58 232/176/59
f 106/146/70 108/145/70 220/145/70 219/146/70
f 108/145/70 78/284/70 205/284/70 220/145/70
f 96/196/70 98/186/70 215/186/70 214/196/70
f 78/284/70 80/274/70 206/274/70 205/284/70
f 98/186/70 100/176/70 216/176/70 215/186/70
f 88/132/70 90/226/70 211/226/70 210/132/70
f 90/226/70 92/216/70 212/216/70 211/226/70
f 80/274/70 82/264/70 207/264/70 206/274/70
f 100/176/70 102/166/70 217/166/70 216/176/70
f 82/264/70 84/254/70 208/254/70 207/264/70
f 102/166/70 104/156/70 218/156/70 217/166/70
f 92/216/70 94/206/70 213/206/70 212/216/70
f 94/206/70 96/196/70 214/196/70 213/206/70
f 84/254/70 86/131/70 209/131/70 208/254/70
f 104/156/70 106/146/70 219/146/70 218/156/70
f 222/274/168 223/264/169 239/264/170 238/274/171
f 209/131/65 210/132/64 226/132/64 225/131/65
f 217/166/58 218/156/57 234/156/57 233/166/58
f 210/132/64 211/226/63 227/226/63 226/132/64
f 218/156/57 219/146/69 235/146/69 234/156/57
f 211/226/63 212/216/32 228/216/32 227/226/63
f 220/145/13 205/284/56 221/284/56 236/145/13
f 219/146/69 220/145/13 236/145/13 235/146/69
f 212/216/32 213/206/62 229/206/62 228/216/32
f 205/284/56 206/274/68 222/274/68 221/284/56
f 213/206/62 214/196/61 230/196/61 229/206/62
f 206/274/68 207/264/67 223/264/67 222/274/68
f 214/196/61 215/186/60 231/186/60 230/196/61
f 207/264/67 208/254/66 224/254/66 223/264/67
f 215/186/60 216/176/59 232/176/59 231/186/60
f 208/254/66 209/131/65 225/131/65 224/254/66
f 251/146/172 252/145/173 237/284/174 238/274/171 239/264/170 240/254/175 241/131/176 242/132/177 243/226/178 244/216/179 245/206/180 246/196/181 247/186/182 248/176/183 249/166/184 250/156/185
f 230/196/186 231/186/187 247/186/182 246/196/181
f 223/264/169 224/254/188 240/254/175 239/264/170
f 231/186/187 232/176/189 248/176/183 247/186/182
f 224/254/188 225/131/190 241/131/176 240/254/175
f 232/176/189 233/166/191 249/166/184 248/176/183
f 225/131/190 226/132/192 242/132/177 241/131/176
f 233/166/191 234/156/193 250/156/185 249/166/184
f 226/132/192 227/226/194 243/226/178 242/132/177
f 234/156/193 235/146/195 251/146/172 250/156/185
f 227/226/194 228/216/196 244/216/179 243/226/178
f 236/145/197 221/284/198 237/284/174 252/145/173
f 235/146/195 236/145/197 252/145/173 251/146/172
f 228/216/196 229/206/199 245/206/180 244/216/179
f 221/284/198 222/274/168 238/274/171 237/284/174
f 229/206/199 230/196/186 246/196/181 245/206/180
f 459/293/200 284/294/70 270/295/201 429/296/202
f 433/297/203 271/298/204 272/299/59 435/300/205
f 435/300/205 272/299/59 273/301/33 437/302/206
f 437/302/206 273/301/33 274/303/207 439/304/208
f 439/304/208 274/303/207 275/305/38 441/306/209
f 441/306/209 275/305/38 276/307/210 443/308/211
f 443/308/211 276/307/210 277/309/52 445/310/212
f 445/310/212 277/309/52 278/311/213 447/312/214
f 447/312/214 278/311/213 279/29/40 449/313/215
f 449/313/215 279/29/40 280/314/66 451/315/216
f 451/315/216 280/314/66 281/316/31 453/317/217
f 453/317/217 281/316/31 282/318/218 455/319/219
f 455/319/219 282/318/218 283/320/220 457/321/221
f 457/321/221 283/320/220 284/294/70 459/293/200
f 259/322/38 258/323/207 290/323/207 291/322/38
f 431/324/222 269/325/223 271/298/204 433/297/203
f 429/326/202 270/327/201 269/325/223 431/324/222
f 253/328/13 254/329/13 269/330/13 270/331/13
f 254/329/13 255/332/13 271/333/13 269/330/13
f 255/332/13 256/334/13 272/335/13 271/333/13
f 256/334/13 257/336/13 273/337/13 272/335/13
f 257/336/13 258/323/13 274/338/13 273/337/13
f 258/323/13 259/322/13 275/339/13 274/338/13
f 259/322/13 260/340/13 276/341/13 275/339/13
f 260/340/13 261/342/13 277/343/13 276/341/13
f 261/342/13 262/344/13 278/345/13 277/343/13
f 262/344/13 263/346/13 279/347/13 278/345/13
f 263/346/13 264/348/13 280/349/13 279/347/13
f 264/348/13 265/350/13 281/351/13 280/349/13
f 265/350/13 266/352/13 282/353/13 281/351/13
f 266/352/13 267/354/13 283/355/13 282/353/13
f 267/354/13 268/356/13 284/357/13 283/355/13
f 268/356/13 253/328/13 270/331/13 284/357/13
f 293/342/224 292/340/225 308/340/225 309/342/224
f 267/354/220 266/352/218 298/352/218 299/354/220
f 260/340/210 259/322/38 291/322/38 292/340/210
f 268/356/70 267/354/220 299/354/220 300/356/70
f 261/342/52 260/340/210 292/340/210 293/342/52
f 254/329/223 253/328/201 285/328/201 286/329/223
f 253/328/201 268/356/70 300/356/70 285/328/201
f 262/344/213 261/342/52 293/342/52 294/344/213
f 255/332/204 254/329/223 286/329/223 287/332/204
f 263/346/40 262/344/213 294/344/213 295/346/40
f 256/334/59 255/332/204 287/332/204 288/334/59
f 264/348/66 263/346/40 295/346/40 296/348/66
f 257/336/33 256/334/59 288/334/59 289/336/33
f 265/350/31 264/348/66 296/348/66 297/350/31
f 258/323/207 257/336/33 289/336/33 290/323/207
f 266/352/218 265/350/31 297/350/31 298/352/218
f 314/352/218 313/350/31 329/350/31 330/352/218
f 286/329/226 285/328/227 301/328/227 302/329/226
f 285/328/227 300/356/228 316/356/228 301/328/227
f 294/344/229 293/342/224 309/342/224 310/344/229
f 287/332/230 286/329/226 302/329/226 303/332/230
f 295/346/231 294/344/229 310/344/229 311/346/231
f 288/334/232 287/332/230 303/332/230 304/334/232
f 296/348/233 295/346/231 311/346/231 312/348/233
f 289/336/234 288/334/232 304/334/232 305/336/234
f 297/350/235 296/348/233 312/348/233 313/350/235
f 290/323/236 289/336/234 305/336/234 306/323/236
f 298/352/237 297/350/235 313/350/235 314/352/237
f 291/322/238 290/323/236 306/323/236 307/322/238
f 299/354/239 298/352/237 314/352/237 315/354/239
f 292/340/225 291/322/238 307/322/238 308/340/225
f 300/356/228 299/354/239 315/354/239 316/356/228
f 320/334/240 319/332/241 351/332/241 352/334/240
f 307/322/38 306/323/207 322/323/207 323/322/38
f 315/354/220 314/352/218 330/352/218 331/354/220
f 308/340/210 307/322/38 323/322/38 324/340/210
f 316/356/70 315/354/220 331/354/220 332/356/70
f 309/342/52 308/340/210 324/340/210 325/342/52
f 302/329/223 301/328/201 317/328/201 318/329/223
f 301/328/201 316/356/70 332/356/70 317/328/201
f 310/344/213 309/342/52 325/342/52 326/344/213
f 303/332/204 302/329/223 318/329/223 319/332/204
f 311/346/40 310/344/213 326/344/213 327/346/40
f 304/334/59 303/332/204 319/332/204 320/334/59
f 312/348/66 311/346/40 327/346/40 328/348/66
f 305/336/33 304/334/59 320/334/59 321/336/33
f 313/350/31 312/348/66 328/348/66 329/350/31
f 306/323/207 305/336/33 321/336/33 322/323/207
f 340/358/242 339/359/243 371/359/243 372/358/242
f 328/348/244 327/346/245 359/346/245 360/348/244
f 321/336/246 320/334/240 352/334/240 353/336/246
f 329/350/247 328/348/244 360/348/244 361/350/247
f 322/323/248 321/336/246 353/336/246 354/323/248
f 330/352/249 329/350/247 361/350/247 362/352/249
f 323/322/250 322/323/248 354/323/248 355/322/250
f 331/354/251 330/352/249 362/352/249 363/354/251
f 324/340/252 323/322/250 355/322/250 356/340/252
f 332/356/253 331/354/251 363/354/251 364/356/253
f 325/342/254 324/340/252 356/340/252 357/342/254
f 318/329/255 317/328/256 350/328/256 349/329/255
f 317/328/256 332/356/253 364/356/253 350/328/256
f 326/344/257 325/342/254 357/342/254 358/344/257
f 319/332/241 318/329/255 349/329/255 351/332/241
f 327/346/245 326/344/257 358/344/257 359/346/245
f 333/360/13 334/361/13 349/329/13 350/328/13
f 334/361/13 335/362/13 351/332/13 349/329/13
f 335/362/13 336/363/13 352/334/13 351/332/13
f 336/363/13 337/364/13 353/336/13 352/334/13
f 337/364/13 338/365/13 354/323/13 353/336/13
f 338/365/13 339/359/13 355/322/13 354/323/13
f 339/359/13 340/358/13 356/340/13 355/322/13
f 340/358/13 341/366/13 357/342/13 356/340/13
f 341/366/13 342/367/13 358/344/13 357/342/13
f 342/367/13 343/368/13 359/346/13 358/344/13
f 343/368/13 344/369/13 360/348/13 359/346/13
f 344/369/13 345/370/13 361/350/13 360/348/13
f 345/370/13 346/371/13 362/352/13 361/350/13
f 346/371/13 347/372/13 363/354/13 362/352/13
f 347/372/13 348/373/13 364/356/13 363/354/13
f 348/373/13 333/360/13 350/328/13 364/356/13
f 377/370/31 376/369/66 408/369/66 409/370/31
f 348/373/258 347/372/259 379/372/259 380/373/258
f 341/366/260 340/358/242 372/358/242 373/366/260
f 334/361/261 333/360/262 365/360/262 366/361/261
f 333/360/262 348/373/258 380/373/258 365/360/262
f 342/367/263 341/366/260 373/366/260 374/367/263
f 335/362/264 334/361/261 366/361/261 367/362/264
f 343/368/265 342/367/263 374/367/263 375/368/265
f 336/363/266 335/362/264 367/362/264 368/363/266
f 344/369/267 343/368/265 375/368/265 376/369/267
f 337/364/268 336/363/266 368/363/266 369/364/268
f 345/370/269 344/369/267 376/369/267 377/370/269
f 338/365/270 337/364/268 369/364/268 370/365/270
f 346/371/271 345/370/269 377/370/269 378/371/271
f 339/359/243 338/365/270 370/365/270 371/359/243
f 347/372/259 346/371/271 378/371/271 379/372/259
f 395/374/272 394/375/273 426/375/273 427/374/272
f 370/365/207 369/364/33 401/364/33 402/365/207
f 378/371/218 377/370/31 409/370/31 410/371/218
f 371/359/38 370/365/207 402/365/207 403/359/38
f 379/372/220 378/371/218 410/371/218 411/372/220
f 372/358/210 371/359/38 403/359/38 404/358/210
f 380/373/70 379/372/220 411/372/220 412/373/70
f 373/366/52 372/358/210 404/358/210 405/366/52
f 366/361/223 365/360/201 398/360/201 397/361/223
f 365/360/201 380/373/70 412/373/70 398/360/201
f 374/367/213 373/366/52 405/366/52 406/367/213
f 367/362/204 366/361/223 397/361/223 399/362/204
f 375/368/40 374/367/213 406/367/213 407/368/40
f 368/363/59 367/362/204 399/362/204 400/363/59
f 376/369/66 375/368/40 407/368/40 408/369/66
f 369/364/33 368/363/59 400/363/59 401/364/33
f 381/376/13 382/377/13 397/361/13 398/360/13
f 382/377/13 383/378/13 399/362/13 397/361/13
f 383/378/13 384/379/13 400/363/13 399/362/13
f 384/379/13 385/380/13 401/364/13 400/363/13
f 385/380/13 386/381/13 402/365/13 401/364/13
f 386/381/13 387/382/13 403/359/13 402/365/13
f 387/382/13 388/383/13 404/358/13 403/359/13
f 388/383/13 389/384/13 405/366/13 404/358/13
f 389/384/13 390/385/13 406/367/13 405/366/13
f 390/385/13 391/386/13 407/368/13 406/367/13
f 391/386/13 392/387/13 408/369/13 407/368/13
f 392/387/13 393/388/13 409/370/13 408/369/13
f 393/388/13 394/375/13 410/371/13 409/370/13
f 394/375/13 395/374/13 411/372/13 410/371/13
f 395/374/13 396/389/13 412/373/13 411/372/13
f 396/389/13 381/376/13 398/360/13 412/373/13
f 414/377/13 413/376/13 428/389/13 427/374/13 426/375/13 425/388/13 424/387/13 423/386/13 422/385/13 421/384/13 420/383/13 419/382/13 418/381/13 417/380/13 416/379/13 415/378/13
f 388/383/274 387/382/275 419/382/275 420/383/274
f 396/389/276 395/374/272 427/374/272 428/389/276
f 389/384/277 388/383/274 420/383/274 421/384/277
f 382/377/278 381/376/279 413/376/279 414/377/278
f 381/376/279 396/389/276 428/389/276 413/376/279
f 390/385/280 389/384/277 421/384/277 422/385/280
f 383/378/281 382/377/278 414/377/278 415/378/281
f 391/386/282 390/385/280 422/385/280 423/386/282
f 384/379/283 383/378/281 415/378/281 416/379/283
f 392/387/284 391/386/282 423/386/282 424/387/284
f 385/380/285 384/379/283 416/379/283 417/380/285
f 393/388/286 392/387/284 424/387/284 425/388/286
f 386/381/287 385/380/285 417/380/285 418/381/287
f 394/375/273 393/388/286 425/388/286 426/375/273
f 387/382/275 386/381/287 418/381/287 419/382/275
f 429/326/202 431/324/222 432/390/288 430/391/289
f 430/392/290 432/393/291 461/394/292 462/395/293
f 431/324/222 433/297/203 434/396/294 432/397/288
f 432/398/291 434/399/295 463/400/296 461/394/292
f 433/297/203 435/300/205 436/401/297 434/402/294
f 434/403/295 436/404/298 464/405/299 463/400/296
f 435/300/205 437/302/206 438/406/300 436/407/297
f 436/408/298 438/409/301 465/410/302 464/405/299
f 437/302/206 439/304/208 440/411/303 438/412/300
f 438/413/301 440/414/304 466/415/305 465/410/302
f 439/304/208 441/306/209 442/416/306 440/417/303
f 440/418/304 442/419/307 467/420/308 466/415/305
f 441/306/209 443/308/211 444/421/309 442/422/306
f 442/423/307 444/424/310 468/425/311 467/420/308
f 443/308/211 445/310/212 446/426/312 444/427/309
f 444/428/310 446/429/313 469/430/314 468/425/311
f 445/310/212 447/312/214 448/431/315 446/432/312
f 446/433/313 448/434/316 470/435/317 469/430/314
f 447/312/214 449/313/215 450/436/318 448/437/315
f 448/438/316 450/439/319 471/440/320 470/435/317
f 449/313/215 451/315/216 452/441/321 450/442/318
f 450/443/319 452/444/322 472/445/323 471/440/320
f 451/315/216 453/317/217 454/446/324 452/447/321
f 452/448/322 454/449/325 473/450/326 472/445/323
f 453/317/217 455/319/219 456/451/327 454/452/324
f 454/453/325 456/454/328 474/455/329 473/450/326
f 455/319/219 457/321/221 458/456/330 456/457/327
f 456/458/328 458/459/331 475/460/332 474/455/329
f 457/321/221 459/293/200 460/461/333 458/462/330
f 458/463/331 460/464/334 476/465/335 475/460/332
f 459/293/200 429/296/202 430/466/289 460/467/333
f 460/468/334 430/469/290 462/395/293 476/465/335
f 515/470/336 518/471/337 485/471/201 484/470/70
f 539/472/338 493/473/339 478/473/52 492/472/210
f 500/474/340 503/475/341 480/475/66 479/474/40
f 503/475/341 506/476/342 481/477/31 480/475/66
f 506/476/342 509/478/343 482/478/218 481/477/31
f 509/478/343 512/479/344 483/479/220 482/478/218
f 514/480/345 511/481/346 467/420/308 468/425/311
f 512/479/344 515/470/336 484/470/70 483/479/220
f 518/471/337 521/482/347 486/483/223 485/471/201
f 521/482/347 524/484/348 487/484/204 486/483/223
f 524/484/348 527/485/349 488/486/59 487/484/204
f 527/485/349 530/487/350 489/488/33 488/486/59
f 530/487/350 533/489/351 490/490/207 489/488/33
f 533/489/351 536/491/352 491/491/38 490/490/207
f 536/491/352 539/472/338 492/472/210 491/491/38
f 496/492/353 494/493/354 462/395/293 461/394/292
f 478/473/32 477/494/32 479/474/32 480/475/32 481/477/32 482/478/32 483/479/32 484/470/32 485/471/32 486/483/32 487/484/32 488/486/32 489/488/32 490/490/32 491/491/32 492/472/32
f 538/495/355 535/496/356 475/460/332 476/465/335
f 517/497/357 514/480/345 468/425/311 469/430/314
f 494/493/354 538/495/355 476/465/335 462/395/293
f 497/494/358 500/474/340 479/474/40 477/494/213
f 520/498/359 517/497/357 469/430/314 470/435/317
f 499/499/360 496/492/353 461/394/292 463/400/296
f 523/500/361 520/498/359 470/435/317 471/440/320
f 502/501/362 499/499/360 463/400/296 464/405/299
f 526/502/363 523/500/361 471/440/320 472/445/323
f 505/503/364 502/501/362 464/405/299 465/410/302
f 529/504/365 526/502/363 472/445/323 473/450/326
f 508/505/366 505/503/364 465/410/302 466/415/305
f 532/506/367 529/504/365 473/450/326 474/455/329
f 511/481/346 508/505/366 466/415/305 467/420/308
f 535/496/356 532/506/367 474/455/329 475/460/332
f 497/494/358 493/473/339 495/473/312 498/494/315
f 498/494/316 495/473/313 494/493/354 496/492/353
f 500/474/340 497/494/358 498/494/315 501/474/318
f 501/474/319 498/494/316 496/492/353 499/499/360
f 503/475/341 500/474/340 501/474/318 504/475/321
f 504/475/322 501/474/319 499/499/360 502/501/362
f 506/476/342 503/475/341 504/475/321 507/477/324
f 507/477/325 504/475/322 502/501/362 505/503/364
f 509/478/343 506/476/342 507/477/324 510/478/327
f 510/478/328 507/477/325 505/503/364 508/505/366
f 512/479/344 509/478/343 510/478/327 513/479/330
f 513/479/331 510/478/328 508/505/366 511/481/346
f 515/470/336 512/479/344 513/479/330 516/470/333
f 516/470/334 513/479/331 511/481/346 514/480/345
f 518/471/337 515/470/336 516/470/333 519/471/289
f 519/471/290 516/470/334 514/480/345 517/497/357
f 521/482/347 518/471/337 519/471/289 522/483/288
f 522/483/291 519/471/290 517/497/357 520/498/359
f 524/484/348 521/482/347 522/483/288 525/484/294
f 525/484/295 522/483/291 520/498/359 523/500/361
f 527/485/349 524/484/348 525/484/294 528/486/297
f 528/486/298 525/484/295 523/500/361 526/502/363
f 530/487/350 527/485/349 528/486/297 531/488/300
f 531/488/301 528/486/298 526/502/363 529/504/365
f 533/489/351 530/487/350 531/488/300 534/490/303
f 534/490/304 531/488/301 529/504/365 532/506/367
f 536/491/352 533/489/351 534/490/303 537/491/306
f 537/491/307 534/490/304 532/506/367 535/496/356
f 539/472/338 536/491/352 537/491/306 540/472/309
f 540/472/310 537/491/307 535/496/356 538/495/355
f 493/473/339 539/472/338 540/472/309 495/473/312
f 495/473/313 540/472/310 538/495/355 494/493/354
f 493/473/339 497/494/358 477/494/213 478/473/52
f 549/4/32 542/3/32 541/305/32 548/507/32
f 542/3/4 552/3/3 570/3/368 564/3/369 543/3/369
f 564/3/13 570/3/370 569/508/370 568/96/13
f 53/66/39 38/94/5 551/509/371 553/2/2 550/1/1
f 558/96/49 557/14/11 547/13/10 548/510/7 541/96/50
f 562/511/372 563/511/372 544/3/210 561/512/210
f 561/512/207 544/3/207 543/3/369 564/3/369
f 565/513/373 566/513/373 567/508/213 546/508/213
f 546/96/66 567/96/66 568/96/51 545/96/51
f 38/94/52 39/98/52 556/514/374 551/509/374
f 549/4/375 548/507/375 547/67/375 550/1/375
f 551/509/371 554/515/376 555/516/376 570/3/368 552/3/3 553/2/2
f 569/96/48 559/96/377 560/96/377 556/96/12 557/14/11 558/96/49
f 551/509/374 556/514/374 560/517/378 554/515/378
f 554/515/379 560/517/379 559/508/379 555/3/379
f 555/3/380 559/508/380 569/508/370 570/3/370
f 544/3/32 546/508/32 545/96/32 543/3/32
f 563/511/32 565/513/32 546/508/32 544/3/32
f 561/512/13 567/96/13 566/513/13 562/511/13
f 564/3/13 568/96/13 567/96/13 561/512/13
f 541/96/32 542/3/32 543/3/32 545/96/32
f 562/511/372 566/513/373 565/513/373 563/511/372
f 79/518/70 77/519/70 571/520/70 572/521/70
f 81/522/70 79/518/70 572/521/70 573/523/70
f 83/524/70 81/522/70 573/523/70 574/525/70
f 85/526/70 83/524/70 574/525/70 575/527/70
f 87/528/70 85/526/70 575/527/70 576/529/70
f 89/530/70 87/528/70 576/529/70 577/531/70
f 91/532/70 89/530/70 577/531/70 578/533/70
f 93/534/70 91/532/70 578/533/70 579/535/70
f 95/536/70 93/534/70 579/535/70 580/537/70
f 97/133/70 95/536/70 580/537/70 581/538/70
f 99/134/70 97/133/70 581/538/70 582/539/70
f 101/540/70 99/134/70 582/539/70 583/541/70
f 103/542/70 101/540/70 583/541/70 584/543/70
f 105/544/70 103/542/70 584/543/70 585/545/70
f 107/546/70 105/544/70 585/545/70 586/547/70
f 77/519/70 107/546/70 586/547/70 571/520/70
f 600/548/381 601/549/382 633/549/383 632/548/384
f 83/524/58 85/526/59 607/526/59 606/524/58
f 99/134/65 101/540/66 615/540/66 614/134/65
f 85/526/59 87/528/60 608/528/60 607/526/59
f 101/540/66 103/542/67 616/542/67 615/540/66
f 87/528/60 89/530/61 609/530/61 608/528/60
f 103/542/67 105/544/68 617/544/68 616/542/67
f 89/530/61 91/532/62 610/532/62 609/530/61
f 105/544/68 107/546/56 618/546/56 617/544/68
f 91/532/62 93/534/32 611/534/32 610/532/62
f 77/519/13 79/518/69 604/518/69 603/519/13
f 107/546/56 77/519/13 603/519/13 618/546/56
f 93/534/32 95/536/63 612/536/63 611/534/32
f 79/518/69 81/522/57 605/522/57 604/518/69
f 95/536/63 97/133/64 613/133/64 612/536/63
f 81/522/57 83/524/58 606/524/58 605/522/57
f 588/550/210 587/551/210 603/519/210 604/518/210
f 589/552/210 588/550/210 604/518/210 605/522/210
f 590/553/210 589/552/210 605/522/210 606/524/210
f 591/554/210 590/553/210 606/524/210 607/526/210
f 592/555/210 591/554/210 607/526/210 608/528/210
f 593/556/210 592/555/210 608/528/210 609/530/210
f 594/557/210 593/556/210 609/530/210 610/532/210
f 595/558/210 594/557/210 610/532/210 611/534/210
f 596/559/210 595/558/210 611/534/210 612/536/210
f 597/560/210 596/559/210 612/536/210 613/133/210
f 598/561/210 597/560/210 613/133/210 614/134/210
f 599/562/210 598/561/210 614/134/210 615/540/210
f 600/548/210 599/562/210 615/540/210 616/542/210
f 601/549/210 600/548/210 616/542/210 617/544/210
f 602/563/210 601/549/210 617/544/210 618/546/210
f 587/551/210 602/563/210 618/546/210 603/519/210
f 619/551/218 620/550/218 621/552/218 622/553/218 623/554/218 624/555/218 625/556/218 626/557/218 627/558/218 628/559/218 629/560/218 630/561/218 631/562/218 632/548/218 633/549/218 634/563/218
f 593/556/385 594/557/386 626/557/387 625/556/388
f 601/549/382 602/563/389 634/563/390 633/549/383
f 594/557/386 595/558/391 627/558/392 626/557/387
f 587/551/393 588/550/394 620/550/395 619/551/396
f 602/563/389 587/551/393 619/551/396 634/563/390
f 595/558/391 596/559/397 628/559/398 627/558/392
f 588/550/394 589/552/399 621/552/400 620/550/395
f 596/559/397 597/560/401 629/560/402 628/559/398
f 589/552/399 590/553/403 622/553/404 621/552/400
f 597/560/401 598/561/405 630/561/406 629/560/402
f 590/553/403 591/554/407 623/554/407 622/553/404
f 598/561/405 599/562/408 631/562/408 630/561/406
f 591/554/407 592/555/409 624/555/410 623/554/407
f 599/562/408 600/548/381 632/548/384 631/562/408
f 592/555/409 593/556/385 625/556/388 624/555/410
usemtl 
f 664/564/411 658/565/412 655/566/413 661/567/414
f 667/23/33 671/568/415 674/569/415 670/11/33
f 669/90/31 673/570/416 672/571/416 668/20/31
f 667/23/417 670/11/417 641/11/418 642/23/418
f 637/572/31 662/573/31 682/573/31 678/572/31
f 649/23/204 648/11/204 645/11/204 646/23/204
f 670/11/32 669/29/32 639/29/32 641/11/32
f 668/20/13 667/23/13 642/23/13 640/20/13
f 669/90/419 668/20/419 640/20/420 639/90/420
f 644/100/201 646/23/201 645/11/201 643/12/201
f 653/90/421 652/20/421 644/20/220 643/90/220
f 648/11/32 653/29/32 643/29/32 645/11/32
f 652/20/13 649/23/13 646/23/13 644/20/13
f 640/20/13 642/23/13 650/23/13 651/20/13
f 651/20/13 650/23/13 649/23/13 652/20/13
f 641/11/32 639/29/32 654/29/32 647/11/32
f 647/11/32 654/29/32 653/29/32 648/11/32
f 639/90/420 640/20/420 651/20/422 654/90/422
f 654/90/423 651/20/423 652/20/421 653/90/421
f 642/23/418 641/11/418 647/11/424 650/23/424
f 650/23/424 647/11/424 648/11/204 649/23/204
f 655/566/413 658/565/412 660/574/213 657/575/213
f 657/576/66 660/577/66 672/571/416 673/570/416
f 658/565/412 664/564/411 666/578/425 660/579/425
f 660/580/426 666/581/426 671/568/427 672/571/427
f 664/564/411 661/567/414 663/582/210 666/583/210
f 666/583/207 663/582/207 674/569/415 671/568/415
f 661/567/414 655/566/413 657/584/428 663/585/428
f 663/586/429 657/587/429 673/588/430 674/569/430
f 636/589/33 659/590/33 680/590/33 676/589/33
f 636/589/13 638/591/13 667/23/13 668/20/13
f 637/572/32 635/592/32 669/29/32 670/11/32
f 665/593/13 659/590/13 672/571/427 671/568/427
f 656/594/32 662/573/32 674/569/430 673/588/430
f 662/573/32 637/572/32 670/11/32 674/569/430
f 635/592/32 656/594/32 673/588/430 669/29/32
f 659/590/13 636/589/13 668/20/13 672/571/427
f 638/591/13 665/593/13 671/568/427 667/23/13
f 676/589/13 680/590/13 679/593/13 675/591/13
f 678/572/32 682/573/32 681/594/32 677/592/32
f 659/590/201 665/593/201 679/593/201 680/590/201
f 638/591/52 636/589/52 676/589/52 675/591/52
f 665/593/31 638/591/31 675/591/31 679/593/31
f 656/594/33 635/592/33 677/592/33 681/594/33
f 662/573/201 656/594/201 681/594/201 682/573/201
f 635/592/52 637/572/52 678/572/52 677/592/52
f 699/595/431 705/596/432 690/597/433 684/598/434
f 791/599/435 798/600/436 706/601/437 698/602/438
f 792/603/439 795/604/440 691/605/441 704/606/442
f 750/607/443 799/608/443 821/608/443 822/607/443
f 683/609/444 686/610/445 687/611/446 689/612/447
f 684/598/434 688/613/448 687/614/449 686/615/450
f 685/616/451 689/617/452 687/618/453 688/619/454
f 690/597/433 693/620/455 694/621/456 696/622/457
f 691/605/441 695/623/458 694/624/459 693/625/460
f 692/626/461 696/627/462 694/628/463 695/629/464
f 697/630/465 700/631/466 701/632/467 703/633/468
f 698/602/438 702/634/469 701/632/470 700/631/471
f 699/595/431 703/635/472 701/632/473 702/634/474
f 704/606/442 707/636/475 708/637/476 710/638/477
f 705/596/432 709/639/478 708/637/479 707/640/480
f 706/601/437 710/638/481 708/637/482 709/639/483
f 787/641/484 683/609/444 689/612/447 793/642/485
f 793/643/486 689/617/452 685/616/451 794/644/487
f 684/598/434 690/597/433 696/622/457 688/613/448
f 688/619/454 696/627/462 692/626/461 685/616/451
f 792/603/439 704/606/442 710/638/477 797/645/488
f 797/645/489 710/638/481 706/601/437 798/600/436
f 705/596/432 699/595/431 702/634/474 709/639/478
f 709/639/483 702/634/469 698/602/438 706/601/437
f 683/609/444 697/630/465 703/633/468 686/610/445
f 686/615/450 703/635/472 699/595/431 684/598/434
f 704/606/442 691/605/441 693/625/460 707/636/475
f 707/640/480 693/620/455 690/597/433 705/596/432
f 787/641/484 796/646/490 697/630/465 683/609/444
f 759/647/484 765/648/490 730/649/490 712/650/484
f 773/651/484 779/652/490 729/653/490 713/654/484
f 769/655/489 742/656/489 745/657/436 770/658/436
f 783/659/489 741/660/489 744/661/436 784/662/436
f 768/663/439 739/664/439 742/656/488 769/655/488
f 782/665/439 740/666/439 741/660/488 783/659/491
f 790/667/492 734/668/492 737/669/435 791/599/435
f 780/670/492 733/671/492 736/672/435 781/673/435
f 766/674/493 732/675/492 735/676/435 767/677/435
f 796/646/490 729/653/490 734/668/494 790/667/494
f 779/652/490 730/649/490 733/671/494 780/670/494
f 765/648/490 731/678/490 732/675/494 766/674/494
f 788/679/495 725/680/495 728/681/496 789/682/496
f 777/683/495 724/684/495 727/685/496 778/686/496
f 763/687/495 723/688/495 726/689/496 764/690/496
f 795/604/440 720/691/440 725/692/497 788/693/497
f 776/694/440 721/695/440 724/696/497 777/697/497
f 762/698/440 722/699/440 723/700/497 763/701/497
f 760/702/486 715/703/486 718/704/487 761/705/487
f 774/706/486 714/707/486 717/708/487 775/709/487
f 759/647/484 712/650/484 715/710/485 760/711/485
f 773/651/484 713/654/484 714/712/485 774/713/498
f 751/714/13 752/715/13 825/715/13 826/714/13
f 747/716/13 748/717/13 819/717/13 820/716/13
f 768/663/439 762/698/440 721/695/440 739/664/439
f 782/665/439 776/694/440 720/691/440 740/666/439
f 767/677/435 770/658/436 745/657/436 736/672/435
f 781/673/435 784/662/436 744/661/436 737/669/435
f 685/616/451 692/626/461 748/717/499 747/716/499
f 789/682/496 728/681/496 749/718/499 800/719/499
f 728/681/496 717/708/487 750/607/499 749/718/499
f 794/644/487 685/616/451 747/716/499 799/608/499
f 717/708/487 728/681/496 752/715/499 751/714/499
f 778/686/496 727/685/496 753/720/499 786/721/499
f 727/685/496 718/704/487 754/722/499 753/720/499
f 775/709/487 717/708/487 751/714/499 785/723/499
f 718/704/487 727/685/496 756/724/499 755/725/499
f 764/690/496 726/689/496 757/726/499 772/727/499
f 726/689/496 719/728/487 758/729/499 757/726/499
f 761/705/487 718/704/487 755/725/499 771/730/499
f 719/728/487 761/705/487 771/730/499 758/729/499
f 727/685/496 764/690/496 772/727/499 756/724/499
f 735/676/435 746/731/436 770/658/436 767/677/435
f 738/732/439 722/699/440 762/698/440 768/663/439
f 772/727/500 757/726/500 836/726/500 835/727/500
f 711/733/484 759/647/484 760/711/485 716/734/485
f 716/735/486 760/702/486 761/705/487 719/728/487
f 721/695/440 762/698/440 763/701/497 724/696/497
f 724/684/495 763/687/495 764/690/496 727/685/496
f 730/649/490 765/648/490 766/674/494 733/671/494
f 733/671/492 766/674/493 767/677/435 736/672/435
f 738/732/439 768/663/439 769/655/488 743/736/488
f 743/736/489 769/655/489 770/658/436 746/731/436
f 711/733/484 731/678/490 765/648/490 759/647/484
f 718/704/487 775/709/487 785/723/499 754/722/499
f 728/681/496 778/686/496 786/721/499 752/715/499
f 736/672/435 745/657/436 784/662/436 781/673/435
f 739/664/439 721/695/440 776/694/440 782/665/439
f 712/650/484 773/651/484 774/713/498 715/710/485
f 715/703/486 774/706/486 775/709/487 718/704/487
f 720/691/440 776/694/440 777/697/497 725/692/497
f 725/680/495 777/683/495 778/686/496 728/681/496
f 729/653/490 779/652/490 780/670/494 734/668/494
f 734/668/492 780/670/492 781/673/435 737/669/435
f 739/664/439 782/665/439 783/659/491 742/656/488
f 742/656/489 783/659/489 784/662/436 745/657/436
f 712/650/484 730/649/490 779/652/490 773/651/484
f 717/708/487 794/644/487 799/608/499 750/607/499
f 692/626/461 789/682/496 800/719/499 748/717/499
f 771/730/501 755/725/501 832/725/501 833/730/501
f 691/605/441 795/604/440 788/693/497 695/623/458
f 695/629/464 788/679/495 789/682/496 692/626/461
f 697/630/465 796/646/490 790/667/494 700/631/466
f 700/631/471 790/667/492 791/599/435 698/602/438
f 713/654/484 729/653/490 796/646/490 787/641/484
f 741/660/489 797/645/489 798/600/436 744/661/436
f 740/666/439 792/603/439 797/645/488 741/660/488
f 714/707/486 793/643/486 794/644/487 717/708/487
f 713/654/484 787/641/484 793/642/485 714/712/485
f 740/666/439 720/691/440 795/604/440 792/603/439
f 737/669/435 744/661/436 798/600/436 791/599/435
f 786/721/500 753/720/500 830/720/500 829/721/500
f 812/737/13 810/738/13 886/738/502 890/739/502
f 808/740/32 807/741/32 877/741/503 882/740/503
f 804/742/504 803/743/504 857/743/505 870/744/505
f 881/745/52 878/746/52 933/746/506 934/745/52
f 755/725/13 756/724/13 831/724/13 832/725/13
f 754/722/443 785/723/443 827/723/443 828/722/443
f 748/717/504 800/719/504 823/719/504 819/717/504
f 758/729/443 771/730/443 833/730/443 834/729/443
f 752/715/504 786/721/504 829/721/504 825/715/504
f 749/718/32 750/607/32 822/607/32 824/718/32
f 799/608/501 747/716/501 820/716/501 821/608/501
f 756/724/504 772/727/504 835/727/504 831/724/504
f 753/720/32 754/722/32 828/722/32 830/720/32
f 800/719/500 749/718/500 824/718/500 823/719/500
f 757/726/32 758/729/32 834/729/32 836/726/32
f 785/723/501 751/714/501 826/714/501 827/723/501
f 801/747/499 802/748/499 820/716/499 819/717/499
f 803/743/499 804/742/499 822/607/499 821/608/499
f 805/749/499 801/747/499 819/717/499 823/719/499
f 804/742/499 806/750/499 824/718/499 822/607/499
f 807/741/499 808/740/499 826/714/499 825/715/499
f 809/751/499 810/738/499 828/722/499 827/723/499
f 811/752/499 807/741/499 825/715/499 829/721/499
f 810/738/499 812/737/499 830/720/499 828/722/499
f 813/753/499 814/754/499 832/725/499 831/724/499
f 815/755/499 816/756/499 834/729/499 833/730/499
f 817/757/499 813/753/499 831/724/499 835/727/499
f 816/756/499 818/758/499 836/726/499 834/729/499
f 814/754/499 815/755/499 833/730/499 832/725/499
f 818/758/499 817/757/499 835/727/499 836/726/499
f 808/740/499 809/751/499 827/723/499 826/714/499
f 812/737/499 811/752/499 829/721/499 830/720/499
f 802/748/499 803/743/499 821/608/499 820/716/499
f 806/750/499 805/749/499 823/719/499 824/718/499
f 816/756/504 815/755/504 841/755/507 902/759/507
f 805/749/501 806/750/501 874/750/508 854/749/508
f 811/752/501 812/737/501 890/739/508 845/760/508
f 807/741/443 811/752/443 845/760/509 877/741/509
f 809/751/500 808/740/500 882/740/510 849/761/510
f 813/753/443 817/757/443 838/757/509 893/753/509
f 905/762/52 901/763/52 942/763/52 944/762/511
f 802/748/32 801/747/32 862/747/503 866/748/503
f 801/747/443 805/749/443 854/749/509 862/747/509
f 814/754/32 813/753/32 893/753/503 898/754/503
f 806/750/13 804/742/13 870/744/502 874/750/502
f 810/738/504 809/751/504 849/761/505 886/738/505
f 818/758/13 816/756/13 902/759/502 906/758/502
f 803/743/500 802/748/500 866/748/510 857/743/510
f 815/755/500 814/754/500 898/754/512 841/755/512
f 909/764/513 910/765/513 867/766/514 863/767/514
f 863/767/514 867/766/514 868/768/515 864/769/515
f 864/769/515 868/768/515 866/748/503 862/747/503
f 911/770/516 912/771/516 871/772/517 860/773/517
f 860/773/517 871/772/517 872/774/518 859/775/518
f 859/775/518 872/774/518 870/744/505 857/743/505
f 913/776/519 909/764/519 863/767/520 855/777/520
f 855/777/520 863/767/520 864/769/521 856/778/521
f 856/778/521 864/769/521 862/747/509 854/749/509
f 874/750/502 870/744/502 872/774/522 876/779/522
f 876/779/522 872/774/522 871/772/523 875/780/523
f 875/780/523 871/772/523 912/771/524 914/781/524
f 915/782/513 916/783/513 883/784/514 880/785/514
f 880/785/514 883/784/514 884/786/515 879/787/515
f 879/787/515 884/786/515 882/740/503 877/741/503
f 917/788/516 918/789/516 887/790/517 852/791/517
f 852/791/517 887/790/517 888/792/518 851/793/518
f 851/793/518 888/792/518 886/738/505 849/761/505
f 919/794/519 915/782/519 880/785/520 848/795/520
f 848/795/520 880/785/520 879/787/525 847/796/525
f 847/796/525 879/787/525 877/741/509 845/760/509
f 890/739/502 886/738/502 888/792/522 892/797/522
f 892/797/522 888/792/522 887/790/523 891/798/523
f 891/798/523 887/790/523 918/789/526 920/799/526
f 921/800/513 922/801/513 899/802/514 896/803/514
f 896/803/514 899/802/514 900/804/515 895/805/515
f 895/805/515 900/804/515 898/754/503 893/753/503
f 923/806/516 924/807/516 903/808/517 844/809/517
f 844/809/517 903/808/517 904/810/518 843/811/518
f 843/811/518 904/810/518 902/759/507 841/755/507
f 925/812/519 921/800/519 896/803/520 839/813/520
f 839/813/520 896/803/520 895/805/525 840/814/525
f 840/814/525 895/805/525 893/753/509 838/757/509
f 906/758/502 902/759/502 904/810/522 908/815/522
f 908/815/522 904/810/522 903/808/523 907/816/523
f 907/816/523 903/808/523 924/807/524 926/817/524
f 922/801/527 923/806/527 844/809/528 899/802/528
f 899/802/528 844/809/528 843/811/529 900/804/529
f 900/804/529 843/811/529 841/755/512 898/754/512
f 926/817/530 925/812/530 839/813/531 907/816/531
f 907/816/531 839/813/531 840/814/532 908/815/532
f 908/815/532 840/814/532 838/757/508 906/758/508
f 916/783/527 917/788/527 852/791/528 883/784/528
f 883/784/528 852/791/528 851/793/529 884/786/529
f 884/786/529 851/793/529 849/761/510 882/740/510
f 920/799/530 919/794/530 848/795/531 891/798/531
f 891/798/531 848/795/531 847/796/532 892/797/532
f 892/797/532 847/796/532 845/760/508 890/739/508
f 910/765/527 911/770/527 860/773/528 867/766/528
f 867/766/528 860/773/528 859/775/529 868/768/529
f 868/768/529 859/775/529 857/743/510 866/748/510
f 914/781/530 913/776/530 855/777/531 875/780/531
f 875/780/531 855/777/531 856/778/532 876/779/532
f 876/779/532 856/778/532 854/749/508 874/750/508
f 817/757/501 818/758/501 906/758/508 838/757/508
f 861/818/499 865/819/499 910/765/499 909/764/499
f 858/820/499 869/821/499 912/771/499 911/770/499
f 853/822/499 861/818/499 909/764/499 913/776/499
f 869/821/499 873/823/499 914/781/499 912/771/499
f 878/746/499 881/745/499 916/783/499 915/782/499
f 850/824/499 885/825/499 918/789/499 917/788/499
f 846/826/499 878/746/499 915/782/499 919/794/499
f 885/825/499 889/827/499 920/799/499 918/789/499
f 894/828/499 897/829/499 922/801/499 921/800/499
f 842/830/499 901/763/499 924/807/499 923/806/499
f 837/831/499 894/828/499 921/800/499 925/812/499
f 901/763/499 905/762/499 926/817/499 924/807/499
f 897/829/499 842/830/499 923/806/499 922/801/499
f 905/762/499 837/831/499 925/812/499 926/817/499
f 881/745/499 850/824/499 917/788/499 916/783/499
f 889/827/499 846/826/499 919/794/499 920/799/499
f 865/819/499 858/820/499 911/770/499 910/765/499
f 873/823/499 853/822/499 913/776/499 914/781/499
f 930/821/504 929/820/504 947/820/504 948/821/504
f 940/829/32 939/828/32 957/828/32 958/829/32
f 937/826/533 938/827/511 956/827/501 955/826/501
f 928/819/32 927/818/32 945/818/32 946/819/32
f 842/830/52 897/829/52 940/829/52 941/830/52
f 885/825/52 850/824/52 935/824/52 936/825/52
f 837/831/52 905/762/52 944/762/511 943/831/511
f 878/746/52 846/826/52 937/826/533 933/746/506
f 850/824/52 881/745/52 934/745/52 935/824/52
f 889/827/52 885/825/52 936/825/52 938/827/511
f 865/819/52 861/818/52 927/818/52 928/819/52
f 846/826/52 889/827/52 938/827/511 937/826/533
f 897/829/52 894/828/52 939/828/52 940/829/52
f 869/821/52 858/820/52 929/820/52 930/821/52
f 858/820/52 865/819/52 928/819/52 929/820/52
f 901/763/52 842/830/52 941/830/52 942/763/52
f 861/818/52 853/822/52 931/822/511 927/818/52
f 853/822/52 873/823/52 932/823/511 931/822/511
f 894/828/52 837/831/52 943/831/511 939/828/52
f 873/823/52 869/821/52 930/821/52 932/823/511
f 961/831/499 962/762/499 960/763/499 959/830/499 958/829/499 957/828/499
f 949/822/499 950/823/499 948/821/499 947/820/499 946/819/499 945/818/499
f 955/826/499 956/827/499 954/825/499 953/824/499 952/745/499 951/746/499
f 929/820/500 928/819/500 946/819/500 947/820/500
f 942/763/504 941/830/504 959/830/504 960/763/504
f 927/818/443 931/822/443 949/822/443 945/818/443
f 931/822/511 932/823/511 950/823/501 949/822/501
f 939/828/443 943/831/443 961/831/443 957/828/443
f 932/823/13 930/821/13 948/821/13 950/823/13
f 944/762/13 942/763/13 960/763/13 962/762/13
f 934/745/32 933/746/32 951/746/32 952/745/32
f 941/830/500 940/829/500 958/829/500 959/830/500
f 936/825/504 935/824/504 953/824/504 954/825/504
f 943/831/511 944/762/511 962/762/501 961/831/501
f 933/746/506 937/826/533 955/826/443 951/746/443
f 935/824/500 934/745/500 952/745/500 953/824/500
f 938/827/13 936/825/13 954/825/13 956/827/13
f 979/595/534 964/598/535 970/597/536 985/596/537
f 1071/599/538 978/602/539 986/601/540 1078/600/541
f 1072/603/542 984/606/543 971/605/544 1075/604/545
f 1030/607/546 1102/607/546 1101/608/546 1079/608/546
f 963/609/547 969/612/548 967/611/549 966/610/550
f 964/598/535 966/615/551 967/614/552 968/613/553
f 965/616/554 968/619/555 967/618/556 969/617/557
f 970/597/536 976/622/558 974/621/559 973/620/560
f 971/605/544 973/625/561 974/624/562 975/623/563
f 972/626/564 975/629/565 974/628/566 976/627/567
f 977/630/568 983/633/569 981/632/570 980/631/571
f 978/602/539 980/631/572 981/632/573 982/634/574
f 979/595/534 982/634/575 981/632/576 983/635/577
f 984/606/543 990/638/578 988/637/579 987/636/580
f 985/596/537 987/640/581 988/637/582 989/639/583
f 986/601/540 989/639/584 988/637/585 990/638/586
f 1067/641/587 1073/642/588 969/612/548 963/609/547
f 1073/643/589 1074/644/590 965/616/554 969/617/557
f 964/598/535 968/613/553 976/622/558 970/597/536
f 968/619/555 965/616/554 972/626/564 976/627/567
f 1072/603/542 1077/645/591 990/638/578 984/606/543
f 1077/645/592 1078/600/541 986/601/540 990/638/586
f 985/596/537 989/639/583 982/634/575 979/595/534
f 989/639/584 986/601/540 978/602/539 982/634/574
f 963/609/547 966/610/550 983/633/569 977/630/568
f 966/615/551 964/598/535 979/595/534 983/635/577
f 984/606/543 987/636/580 973/625/561 971/605/544
f 987/640/581 985/596/537 970/597/536 973/620/560
f 1067/641/587 963/609/547 977/630/568 1076/646/593
f 1039/647/587 992/650/587 1010/649/593 1045/648/593
f 1053/651/587 993/654/587 1009/653/593 1059/652/593
f 1049/655/592 1050/658/541 1025/657/541 1022/656/592
f 1063/659/592 1064/662/541 1024/661/541 1021/660/592
f 1048/663/542 1049/655/594 1022/656/594 1019/664/542
f 1062/665/542 1063/659/594 1021/660/595 1020/666/542
f 1070/667/596 1071/599/538 1017/669/538 1014/668/597
f 1060/670/598 1061/673/538 1016/672/538 1013/671/598
f 1046/674/598 1047/677/538 1015/676/538 1012/675/597
f 1076/646/593 1070/667/599 1014/668/599 1009/653/593
f 1059/652/593 1060/670/599 1013/671/599 1010/649/593
f 1045/648/593 1046/674/599 1012/675/599 1011/678/593
f 1068/679/600 1069/682/601 1008/681/601 1005/680/602
f 1057/683/602 1058/686/601 1007/685/601 1004/684/602
f 1043/687/602 1044/690/601 1006/689/601 1003/688/602
f 1075/604/545 1068/693/603 1005/692/603 1000/691/545
f 1056/694/545 1057/697/603 1004/696/603 1001/695/545
f 1042/698/545 1043/701/603 1003/700/603 1002/699/545
f 1040/702/589 1041/705/590 998/704/590 995/703/589
f 1054/706/589 1055/709/590 997/708/590 994/707/589
f 1039/647/587 1040/711/588 995/710/588 992/650/587
f 1053/651/587 1054/713/588 994/712/588 993/654/587
f 1031/714/13 1106/714/13 1105/715/13 1032/715/13
f 1027/716/13 1100/716/13 1099/717/13 1028/717/13
f 1048/663/542 1019/664/542 1001/695/545 1042/698/545
f 1062/665/542 1020/666/542 1000/691/545 1056/694/545
f 1047/677/538 1016/672/538 1025/657/541 1050/658/541
f 1061/673/538 1017/669/538 1024/661/541 1064/662/541
f 965/616/554 1027/716/604 1028/717/604 972/626/564
f 1069/682/601 1080/719/604 1029/718/604 1008/681/601
f 1008/681/601 1029/718/604 1030/607/604 997/708/590
f 1074/644/590 1079/608/604 1027/716/604 965/616/554
f 997/708/590 1031/714/604 1032/715/604 1008/681/601
f 1058/686/601 1066/721/604 1033/720/604 1007/685/601
f 1007/685/601 1033/720/604 1034/722/604 998/704/590
f 1055/709/590 1065/723/604 1031/714/604 997/708/590
f 998/704/590 1035/725/604 1036/724/604 1007/685/601
f 1044/690/601 1052/727/604 1037/726/604 1006/689/601
f 1006/689/601 1037/726/604 1038/729/604 999/728/590
f 1041/705/590 1051/730/604 1035/725/604 998/704/590
f 999/728/590 1038/729/604 1051/730/604 1041/705/590
f 1007/685/601 1036/724/604 1052/727/604 1044/690/601
f 1015/676/538 1047/677/538 1050/658/541 1026/731/541
f 1018/732/542 1048/663/542 1042/698/545 1002/699/545
f 1052/727/605 1115/727/605 1116/726/605 1037/726/605
f 991/733/587 996/734/588 1040/711/588 1039/647/587
f 996/735/589 999/728/590 1041/705/590 1040/702/589
f 1001/695/545 1004/696/603 1043/701/603 1042/698/545
f 1004/684/602 1007/685/601 1044/690/601 1043/687/602
f 1010/649/593 1013/671/599 1046/674/599 1045/648/593
f 1013/671/598 1016/672/538 1047/677/538 1046/674/598
f 1018/732/542 1023/736/595 1049/655/594 1048/663/542
f 1023/736/592 1026/731/541 1050/658/541 1049/655/592
f 991/733/587 1039/647/587 1045/648/593 1011/678/593
f 998/704/590 1034/722/604 1065/723/604 1055/709/590
f 1008/681/601 1032/715/604 1066/721/604 1058/686/601
f 1016/672/538 1061/673/538 1064/662/541 1025/657/541
f 1019/664/542 1062/665/542 1056/694/545 1001/695/545
f 992/650/587 995/710/588 1054/713/588 1053/651/587
f 995/703/589 998/704/590 1055/709/590 1054/706/589
f 1000/691/545 1005/692/603 1057/697/603 1056/694/545
f 1005/680/602 1008/681/601 1058/686/601 1057/683/602
f 1009/653/593 1014/668/599 1060/670/599 1059/652/593
f 1014/668/597 1017/669/538 1061/673/538 1060/670/598
f 1019/664/542 1022/656/594 1063/659/594 1062/665/542
f 1022/656/592 1025/657/541 1064/662/541 1063/659/592
f 992/650/587 1053/651/587 1059/652/593 1010/649/593
f 997/708/590 1030/607/604 1079/608/604 1074/644/590
f 972/626/564 1028/717/604 1080/719/604 1069/682/601
f 1051/730/606 1113/730/606 1112/725/606 1035/725/606
f 971/605/544 975/623/563 1068/693/603 1075/604/545
f 975/629/565 972/626/564 1069/682/601 1068/679/600
f 977/630/568 980/631/571 1070/667/599 1076/646/593
f 980/631/572 978/602/539 1071/599/538 1070/667/596
f 993/654/587 1067/641/587 1076/646/593 1009/653/593
f 1021/660/592 1024/661/541 1078/600/541 1077/645/592
f 1020/666/542 1021/660/595 1077/645/591 1072/603/542
f 994/707/589 997/708/590 1074/644/590 1073/643/589
f 993/654/587 994/712/588 1073/642/588 1067/641/587
f 1020/666/542 1072/603/542 1075/604/545 1000/691/545
f 1017/669/538 1071/599/538 1078/600/541 1024/661/541
f 1066/721/605 1109/721/605 1110/720/605 1033/720/605
f 1092/737/13 1170/739/607 1166/738/607 1090/738/13
f 1088/740/32 1162/740/608 1157/741/608 1087/741/32
f 1084/742/609 1150/744/610 1137/743/610 1083/743/609
f 1161/745/52 1214/745/52 1213/746/611 1158/746/52
f 1035/725/13 1112/725/13 1111/724/13 1036/724/13
f 1034/722/546 1108/722/546 1107/723/546 1065/723/546
f 1028/717/609 1099/717/609 1103/719/609 1080/719/609
f 1038/729/546 1114/729/546 1113/730/546 1051/730/546
f 1032/715/609 1105/715/609 1109/721/609 1066/721/609
f 1029/718/32 1104/718/32 1102/607/32 1030/607/32
f 1079/608/606 1101/608/606 1100/716/606 1027/716/606
f 1036/724/609 1111/724/609 1115/727/609 1052/727/609
f 1033/720/32 1110/720/32 1108/722/32 1034/722/32
f 1080/719/605 1103/719/605 1104/718/605 1029/718/605
f 1037/726/32 1116/726/32 1114/729/32 1038/729/32
f 1065/723/606 1107/723/606 1106/714/606 1031/714/606
f 1081/747/604 1099/717/604 1100/716/604 1082/748/604
f 1083/743/604 1101/608/604 1102/607/604 1084/742/604
f 1085/749/604 1103/719/604 1099/717/604 1081/747/604
f 1084/742/604 1102/607/604 1104/718/604 1086/750/604
f 1087/741/604 1105/715/604 1106/714/604 1088/740/604
f 1089/751/604 1107/723/604 1108/722/604 1090/738/604
f 1091/752/604 1109/721/604 1105/715/604 1087/741/604
f 1090/738/604 1108/722/604 1110/720/604 1092/737/604
f 1093/753/604 1111/724/604 1112/725/604 1094/754/604
f 1095/755/604 1113/730/604 1114/729/604 1096/756/604
f 1097/757/604 1115/727/604 1111/724/604 1093/753/604
f 1096/756/604 1114/729/604 1116/726/604 1098/758/604
f 1094/754/604 1112/725/604 1113/730/604 1095/755/604
f 1098/758/604 1116/726/604 1115/727/604 1097/757/604
f 1088/740/604 1106/714/604 1107/723/604 1089/751/604
f 1092/737/604 1110/720/604 1109/721/604 1091/752/604
f 1082/748/604 1100/716/604 1101/608/604 1083/743/604
f 1086/750/604 1104/718/604 1103/719/604 1085/749/604
f 1096/756/609 1182/759/610 1121/755/610 1095/755/609
f 1085/749/606 1134/749/612 1154/750/612 1086/750/606
f 1091/752/606 1125/760/612 1170/739/612 1092/737/606
f 1087/741/546 1157/741/613 1125/760/613 1091/752/546
f 1089/751/605 1129/761/614 1162/740/614 1088/740/605
f 1093/753/546 1173/753/613 1118/757/613 1097/757/546
f 1185/762/52 1224/762/615 1222/763/52 1181/763/52
f 1082/748/32 1146/748/608 1142/747/608 1081/747/32
f 1081/747/546 1142/747/613 1134/749/613 1085/749/546
f 1094/754/32 1178/754/608 1173/753/608 1093/753/32
f 1086/750/13 1154/750/607 1150/744/607 1084/742/13
f 1090/738/609 1166/738/610 1129/761/610 1089/751/609
f 1098/758/13 1186/758/607 1182/759/607 1096/756/13
f 1083/743/605 1137/743/614 1146/748/614 1082/748/605
f 1095/755/605 1121/755/614 1178/754/614 1094/754/605
f 1189/764/616 1143/767/617 1147/766/617 1190/765/616
f 1143/767/617 1144/769/618 1148/768/618 1147/766/617
f 1144/769/618 1142/747/608 1146/748/608 1148/768/618
f 1191/770/619 1140/773/620 1151/772/620 1192/771/619
f 1140/773/620 1139/775/621 1152/774/621 1151/772/620
f 1139/775/621 1137/743/610 1150/744/610 1152/774/621
f 1193/776/622 1135/777/623 1143/767/623 1189/764/622
f 1135/777/623 1136/778/624 1144/769/624 1143/767/623
f 1136/778/624 1134/749/613 1142/747/613 1144/769/624
f 1154/750/607 1156/779/625 1152/774/625 1150/744/607
f 1156/779/625 1155/780/626 1151/772/626 1152/774/625
f 1155/780/626 1194/781/627 1192/771/627 1151/772/626
f 1195/782/616 1160/785/617 1163/784/617 1196/783/616
f 1160/785/617 1159/787/618 1164/786/618 1163/784/617
f 1159/787/618 1157/741/608 1162/740/608 1164/786/618
f 1197/788/619 1132/791/620 1167/790/620 1198/789/619
f 1132/791/620 1131/793/621 1168/792/621 1167/790/620
f 1131/793/621 1129/761/610 1166/738/610 1168/792/621
f 1199/794/622 1128/795/623 1160/785/623 1195/782/622
f 1128/795/623 1127/796/624 1159/787/624 1160/785/623
f 1127/796/624 1125/760/613 1157/741/613 1159/787/624
f 1170/739/607 1172/797/625 1168/792/625 1166/738/607
f 1172/797/625 1171/798/626 1167/790/626 1168/792/625
f 1171/798/626 1200/799/627 1198/789/627 1167/790/626
f 1201/800/616 1176/803/617 1179/802/617 1202/801/616
f 1176/803/617 1175/805/618 1180/804/618 1179/802/617
f 1175/805/618 1173/753/608 1178/754/608 1180/804/618
f 1203/806/619 1124/809/620 1183/808/620 1204/807/619
f 1124/809/620 1123/811/621 1184/810/621 1183/808/620
f 1123/811/621 1121/755/610 1182/759/610 1184/810/621
f 1205/812/622 1119/813/623 1176/803/623 1201/800/622
f 1119/813/623 1120/814/624 1175/805/624 1176/803/623
f 1120/814/624 1118/757/613 1173/753/613 1175/805/624
f 1186/758/607 1188/815/625 1184/810/625 1182/759/607
f 1188/815/625 1187/816/626 1183/808/626 1184/810/625
f 1187/816/626 1206/817/627 1204/807/627 1183/808/626
f 1202/801/628 1179/802/629 1124/809/629 1203/806/628
f 1179/802/629 1180/804/630 1123/811/630 1124/809/629
f 1180/804/630 1178/754/614 1121/755/614 1123/811/630
f 1206/817/631 1187/816/632 1119/813/632 1205/812/631
f 1187/816/632 1188/815/633 1120/814/633 1119/813/632
f 1188/815/633 1186/758/612 1118/757/612 1120/814/633
f 1196/783/628 1163/784/629 1132/791/629 1197/788/628
f 1163/784/629 1164/786/630 1131/793/630 1132/791/629
f 1164/786/630 1162/740/614 1129/761/614 1131/793/630
f 1200/799/631 1171/798/632 1128/795/632 1199/794/631
f 1171/798/632 1172/797/633 1127/796/633 1128/795/632
f 1172/797/633 1170/739/612 1125/760/612 1127/796/633
f 1190/765/628 1147/766/629 1140/773/629 1191/770/628
f 1147/766/629 1148/768/630 1139/775/630 1140/773/629
f 1148/768/630 1146/748/614 1137/743/614 1139/775/630
f 1194/781/631 1155/780/632 1135/777/632 1193/776/631
f 1155/780/632 1156/779/633 1136/778/633 1135/777/632
f 1156/779/633 1154/750/612 1134/749/612 1136/778/633
f 1097/757/606 1118/757/612 1186/758/612 1098/758/606
f 1141/818/604 1189/764/604 1190/765/604 1145/819/604
f 1138/820/604 1191/770/604 1192/771/604 1149/821/604
f 1133/822/604 1193/776/604 1189/764/604 1141/818/604
f 1149/821/604 1192/771/604 1194/781/604 1153/823/604
f 1158/746/604 1195/782/604 1196/783/604 1161/745/604
f 1130/824/604 1197/788/604 1198/789/604 1165/825/604
f 1126/826/604 1199/794/604 1195/782/604 1158/746/604
f 1165/825/604 1198/789/604 1200/799/604 1169/827/604
f 1174/828/604 1201/800/604 1202/801/604 1177/829/604
f 1122/830/604 1203/806/604 1204/807/604 1181/763/604
f 1117/831/604 1205/812/604 1201/800/604 1174/828/604
f 1181/763/604 1204/807/604 1206/817/604 1185/762/604
f 1177/829/604 1202/801/604 1203/806/604 1122/830/604
f 1185/762/604 1206/817/604 1205/812/604 1117/831/604
f 1161/745/604 1196/783/604 1197/788/604 1130/824/604
f 1169/827/604 1200/799/604 1199/794/604 1126/826/604
f 1145/819/604 1190/765/604 1191/770/604 1138/820/604
f 1153/823/604 1194/781/604 1193/776/604 1133/822/604
f 1210/821/609 1228/821/609 1227/820/609 1209/820/609
f 1220/829/32 1238/829/32 1237/828/32 1219/828/32
f 1217/826/634 1235/826/606 1236/827/606 1218/827/615
f 1208/819/32 1226/819/32 1225/818/32 1207/818/32
f 1122/830/52 1221/830/52 1220/829/52 1177/829/52
f 1165/825/52 1216/825/52 1215/824/52 1130/824/52
f 1117/831/52 1223/831/615 1224/762/615 1185/762/52
f 1158/746/52 1213/746/611 1217/826/634 1126/826/52
f 1130/824/52 1215/824/52 1214/745/52 1161/745/52
f 1169/827/52 1218/827/615 1216/825/52 1165/825/52
f 1145/819/52 1208/819/52 1207/818/52 1141/818/52
f 1126/826/52 1217/826/634 1218/827/615 1169/827/52
f 1177/829/52 1220/829/52 1219/828/52 1174/828/52
f 1149/821/52 1210/821/52 1209/820/52 1138/820/52
f 1138/820/52 1209/820/52 1208/819/52 1145/819/52
f 1181/763/52 1222/763/52 1221/830/52 1122/830/52
f 1141/818/52 1207/818/52 1211/822/615 1133/822/52
f 1133/822/52 1211/822/615 1212/823/615 1153/823/52
f 1174/828/52 1219/828/52 1223/831/615 1117/831/52
f 1153/823/52 1212/823/615 1210/821/52 1149/821/52
f 1241/831/604 1237/828/604 1238/829/604 1239/830/604 1240/763/604 1242/762/604
f 1229/822/604 1225/818/604 1226/819/604 1227/820/604 1228/821/604 1230/823/604
f 1235/826/604 1231/746/604 1232/745/604 1233/824/604 1234/825/604 1236/827/604
f 1209/820/605 1227/820/605 1226/819/605 1208/819/605
f 1222/763/609 1240/763/609 1239/830/609 1221/830/609
f 1207/818/546 1225/818/546 1229/822/546 1211/822/546
f 1211/822/615 1229/822/606 1230/823/606 1212/823/615
f 1219/828/546 1237/828/546 1241/831/546 1223/831/546
f 1212/823/13 1230/823/13 1228/821/13 1210/821/13
f 1224/762/13 1242/762/13 1240/763/13 1222/763/13
f 1214/745/32 1232/745/32 1231/746/32 1213/746/32
f 1221/830/605 1239/830/605 1238/829/605 1220/829/605
f 1216/825/609 1234/825/609 1233/824/609 1215/824/609
f 1223/831/615 1241/831/606 1242/762/606 1224/762/615
f 1213/746/611 1231/746/546 1235/826/546 1217/826/634
f 1215/824/605 1233/824/605 1232/745/605 1214/745/605
f 1218/827/13 1236/827/13 1234/825/13 1216/825/13
f 1259/595/635 1244/598/636 1250/597/637 1265/596/638
f 1351/599/435 1258/602/639 1266/601/640 1358/600/436
f 1352/603/439 1264/606/641 1251/605/642 1355/604/440
f 1310/607/501 1382/607/501 1381/608/501 1359/608/501
f 1243/609/643 1249/612/644 1247/611/645 1246/610/646
f 1244/598/636 1246/615/647 1247/614/648 1248/613/649
f 1245/616/650 1248/619/651 1247/618/652 1249/617/653
f 1250/597/637 1256/622/654 1254/621/655 1253/620/656
f 1251/605/642 1253/625/657 1254/624/658 1255/623/659
f 1252/626/660 1255/629/661 1254/628/662 1256/627/663
f 1257/630/664 1263/633/665 1261/632/666 1260/631/667
f 1258/602/639 1260/631/668 1261/632/669 1262/634/670
f 1259/595/635 1262/634/671 1261/632/672 1263/635/673
f 1264/606/641 1270/638/674 1268/637/675 1267/636/676
f 1265/596/638 1267/640/677 1268/637/678 1269/639/679
f 1266/601/640 1269/639/680 1268/637/681 1270/638/682
f 1347/641/484 1353/642/485 1249/612/644 1243/609/643
f 1353/643/486 1354/644/487 1245/616/650 1249/617/653
f 1244/598/636 1248/613/649 1256/622/654 1250/597/637
f 1248/619/651 1245/616/650 1252/626/660 1256/627/663
f 1352/603/439 1357/645/488 1270/638/674 1264/606/641
f 1357/645/489 1358/600/436 1266/601/640 1270/638/682
f 1265/596/638 1269/639/679 1262/634/671 1259/595/635
f 1269/639/680 1266/601/640 1258/602/639 1262/634/670
f 1243/609/643 1246/610/646 1263/633/665 1257/630/664
f 1246/615/647 1244/598/636 1259/595/635 1263/635/673
f 1264/606/641 1267/636/676 1253/625/657 1251/605/642
f 1267/640/677 1265/596/638 1250/597/637 1253/620/656
f 1347/641/484 1243/609/643 1257/630/664 1356/646/490
f 1319/647/484 1272/650/484 1290/649/490 1325/648/490
f 1333/651/484 1273/654/484 1289/653/490 1339/652/490
f 1329/655/489 1330/658/436 1305/657/436 1302/656/489
f 1343/659/489 1344/662/436 1304/661/436 1301/660/489
f 1328/663/439 1329/655/488 1302/656/488 1299/664/439
f 1342/665/439 1343/659/683 1301/660/488 1300/666/439
f 1350/667/492 1351/599/435 1297/669/435 1294/668/492
f 1340/670/492 1341/673/435 1296/672/435 1293/671/492
f 1326/674/492 1327/677/435 1295/676/435 1292/675/492
f 1356/646/490 1350/667/494 1294/668/494 1289/653/490
f 1339/652/490 1340/670/494 1293/671/494 1290/649/490
f 1325/648/490 1326/674/494 1292/675/494 1291/678/490
f 1348/679/495 1349/682/496 1288/681/496 1285/680/495
f 1337/683/495 1338/686/496 1287/685/496 1284/684/495
f 1323/687/495 1324/690/496 1286/689/496 1283/688/495
f 1355/604/440 1348/693/497 1285/692/497 1280/691/440
f 1336/694/440 1337/697/497 1284/696/497 1281/695/440
f 1322/698/440 1323/701/497 1283/700/497 1282/699/440
f 1320/702/486 1321/705/487 1278/704/487 1275/703/486
f 1334/706/486 1335/709/487 1277/708/487 1274/707/486
f 1319/647/484 1320/711/485 1275/710/684 1272/650/484
f 1333/651/484 1334/713/485 1274/712/485 1273/654/484
f 1311/714/32 1386/714/32 1385/715/32 1312/715/32
f 1307/716/32 1380/716/32 1379/717/32 1308/717/32
f 1328/663/439 1299/664/439 1281/695/440 1322/698/440
f 1342/665/439 1300/666/439 1280/691/440 1336/694/440
f 1327/677/435 1296/672/435 1305/657/436 1330/658/436
f 1341/673/435 1297/669/435 1304/661/436 1344/662/436
f 1245/616/650 1307/716/499 1308/717/499 1252/626/660
f 1349/682/496 1360/719/499 1309/718/499 1288/681/496
f 1288/681/496 1309/718/499 1310/607/499 1277/708/487
f 1354/644/487 1359/608/499 1307/716/499 1245/616/650
f 1277/708/487 1311/714/499 1312/715/499 1288/681/496
f 1338/686/496 1346/721/499 1313/720/499 1287/685/496
f 1287/685/496 1313/720/499 1314/722/499 1278/704/487
f 1335/709/487 1345/723/499 1311/714/499 1277/708/487
f 1278/704/487 1315/725/499 1316/724/499 1287/685/496
f 1324/690/496 1332/727/499 1317/726/499 1286/689/496
f 1286/689/496 1317/726/499 1318/729/499 1279/728/487
f 1321/705/487 1331/730/499 1315/725/499 1278/704/487
f 1279/728/487 1318/729/499 1331/730/499 1321/705/487
f 1287/685/496 1316/724/499 1332/727/499 1324/690/496
f 1295/676/435 1327/677/435 1330/658/436 1306/731/436
f 1298/732/439 1328/663/439 1322/698/440 1282/699/440
f 1332/727/504 1395/727/504 1396/726/504 1317/726/504
f 1271/733/484 1276/734/485 1320/711/485 1319/647/484
f 1276/735/486 1279/728/487 1321/705/487 1320/702/486
f 1281/695/440 1284/696/497 1323/701/497 1322/698/440
f 1284/684/495 1287/685/496 1324/690/496 1323/687/495
f 1290/649/490 1293/671/494 1326/674/494 1325/648/490
f 1293/671/492 1296/672/435 1327/677/435 1326/674/492
f 1298/732/439 1303/736/683 1329/655/488 1328/663/439
f 1303/736/489 1306/731/436 1330/658/436 1329/655/489
f 1271/733/484 1319/647/484 1325/648/490 1291/678/490
f 1278/704/487 1314/722/499 1345/723/499 1335/709/487
f 1288/681/496 1312/715/499 1346/721/499 1338/686/496
f 1296/672/435 1341/673/435 1344/662/436 1305/657/436
f 1299/664/439 1342/665/439 1336/694/440 1281/695/440
f 1272/650/484 1275/710/684 1334/713/485 1333/651/484
f 1275/703/486 1278/704/487 1335/709/487 1334/706/486
f 1280/691/440 1285/692/497 1337/697/497 1336/694/440
f 1285/680/495 1288/681/496 1338/686/496 1337/683/495
f 1289/653/490 1294/668/494 1340/670/494 1339/652/490
f 1294/668/492 1297/669/435 1341/673/435 1340/670/492
f 1299/664/439 1302/656/488 1343/659/683 1342/665/439
f 1302/656/489 1305/657/436 1344/662/436 1343/659/489
f 1272/650/484 1333/651/484 1339/652/490 1290/649/490
f 1277/708/487 1310/607/499 1359/608/499 1354/644/487
f 1252/626/660 1308/717/499 1360/719/499 1349/682/496
f 1331/730/443 1393/730/443 1392/725/443 1315/725/443
f 1251/605/642 1255/623/659 1348/693/497 1355/604/440
f 1255/629/661 1252/626/660 1349/682/496 1348/679/495
f 1257/630/664 1260/631/667 1350/667/494 1356/646/490
f 1260/631/668 1258/602/639 1351/599/435 1350/667/492
f 1273/654/484 1347/641/484 1356/646/490 1289/653/490
f 1301/660/489 1304/661/436 1358/600/436 1357/645/489
f 1300/666/439 1301/660/488 1357/645/488 1352/603/439
f 1274/707/486 1277/708/487 1354/644/487 1353/643/486
f 1273/654/484 1274/712/485 1353/642/485 1347/641/484
f 1300/666/439 1352/603/439 1355/604/440 1280/691/440
f 1297/669/435 1351/599/435 1358/600/436 1304/661/436
f 1346/721/504 1389/721/504 1390/720/504 1313/720/504
f 1372/737/32 1450/739/503 1446/738/503 1370/738/32
f 1368/740/13 1442/740/502 1437/741/502 1367/741/13
f 1364/742/500 1430/744/510 1417/743/510 1363/743/500
f 1441/745/52 1494/745/52 1493/746/511 1438/746/52
f 1315/725/32 1392/725/32 1391/724/32 1316/724/32
f 1314/722/501 1388/722/501 1387/723/501 1345/723/501
f 1308/717/500 1379/717/500 1383/719/500 1360/719/500
f 1318/729/501 1394/729/501 1393/730/501 1331/730/501
f 1312/715/500 1385/715/500 1389/721/500 1346/721/500
f 1309/718/13 1384/718/13 1382/607/13 1310/607/13
f 1359/608/443 1381/608/443 1380/716/443 1307/716/443
f 1316/724/500 1391/724/500 1395/727/500 1332/727/500
f 1313/720/13 1390/720/13 1388/722/13 1314/722/13
f 1360/719/504 1383/719/504 1384/718/504 1309/718/504
f 1317/726/13 1396/726/13 1394/729/13 1318/729/13
f 1345/723/443 1387/723/443 1386/714/443 1311/714/443
f 1361/747/499 1379/717/499 1380/716/499 1362/748/499
f 1363/743/499 1381/608/499 1382/607/499 1364/742/499
f 1365/749/499 1383/719/499 1379/717/499 1361/747/499
f 1364/742/499 1382/607/499 1384/718/499 1366/750/499
f 1367/741/499 1385/715/499 1386/714/499 1368/740/499
f 1369/751/499 1387/723/499 1388/722/499 1370/738/499
f 1371/752/499 1389/721/499 1385/715/499 1367/741/499
f 1370/738/499 1388/722/499 1390/720/499 1372/737/499
f 1373/753/499 1391/724/499 1392/725/499 1374/754/499
f 1375/755/499 1393/730/499 1394/729/499 1376/756/499
f 1377/757/499 1395/727/499 1391/724/499 1373/753/499
f 1376/756/499 1394/729/499 1396/726/499 1378/758/499
f 1374/754/499 1392/725/499 1393/730/499 1375/755/499
f 1378/758/499 1396/726/499 1395/727/499 1377/757/499
f 1368/740/499 1386/714/499 1387/723/499 1369/751/499
f 1372/737/499 1390/720/499 1389/721/499 1371/752/499
f 1362/748/499 1380/716/499 1381/608/499 1363/743/499
f 1366/750/499 1384/718/499 1383/719/499 1365/749/499
f 1376/756/500 1462/759/510 1401/755/510 1375/755/500
f 1365/749/443 1414/749/509 1434/750/509 1366/750/443
f 1371/752/443 1405/760/509 1450/739/509 1372/737/443
f 1367/741/501 1437/741/508 1405/760/508 1371/752/501
f 1369/751/504 1409/761/507 1442/740/507 1368/740/504
f 1373/753/501 1453/753/508 1398/757/508 1377/757/501
f 1465/762/52 1504/762/506 1502/763/52 1461/763/52
f 1362/748/13 1426/748/502 1422/747/502 1361/747/13
f 1361/747/501 1422/747/508 1414/749/508 1365/749/501
f 1374/754/13 1458/754/502 1453/753/502 1373/753/13
f 1366/750/32 1434/750/503 1430/744/503 1364/742/32
f 1370/738/500 1446/738/510 1409/761/510 1369/751/500
f 1378/758/32 1466/758/503 1462/759/503 1376/756/32
f 1363/743/504 1417/743/505 1426/748/505 1362/748/504
f 1375/755/504 1401/755/505 1458/754/505 1374/754/504
f 1469/764/524 1423/767/523 1427/766/523 1470/765/524
f 1423/767/523 1424/769/522 1428/768/522 1427/766/523
f 1424/769/522 1422/747/502 1426/748/502 1428/768/522
f 1471/770/527 1420/773/528 1431/772/528 1472/771/527
f 1420/773/528 1419/775/529 1432/774/529 1431/772/528
f 1419/775/529 1417/743/510 1430/744/510 1432/774/529
f 1473/776/530 1415/777/531 1423/767/531 1469/764/530
f 1415/777/531 1416/778/532 1424/769/532 1423/767/531
f 1416/778/532 1414/749/508 1422/747/508 1424/769/532
f 1434/750/503 1436/779/515 1432/774/515 1430/744/503
f 1436/779/515 1435/780/514 1431/772/514 1432/774/515
f 1435/780/514 1474/781/513 1472/771/513 1431/772/514
f 1475/782/524 1440/785/523 1443/784/523 1476/783/524
f 1440/785/523 1439/787/522 1444/786/522 1443/784/523
f 1439/787/522 1437/741/502 1442/740/502 1444/786/522
f 1477/788/527 1412/791/528 1447/790/528 1478/789/527
f 1412/791/528 1411/793/529 1448/792/529 1447/790/528
f 1411/793/529 1409/761/510 1446/738/510 1448/792/529
f 1479/794/530 1408/795/531 1440/785/531 1475/782/530
f 1408/795/531 1407/796/532 1439/787/532 1440/785/531
f 1407/796/532 1405/760/508 1437/741/508 1439/787/532
f 1450/739/503 1452/797/515 1448/792/515 1446/738/503
f 1452/797/515 1451/798/514 1447/790/514 1448/792/515
f 1451/798/514 1480/799/513 1478/789/513 1447/790/514
f 1481/800/524 1456/803/523 1459/802/523 1482/801/524
f 1456/803/523 1455/805/522 1460/804/522 1459/802/523
f 1455/805/522 1453/753/502 1458/754/502 1460/804/522
f 1483/806/527 1404/809/528 1463/808/528 1484/807/527
f 1404/809/528 1403/811/529 1464/810/529 1463/808/528
f 1403/811/529 1401/755/510 1462/759/510 1464/810/529
f 1485/812/530 1399/813/531 1456/803/531 1481/800/530
f 1399/813/531 1400/814/532 1455/805/532 1456/803/531
f 1400/814/532 1398/757/508 1453/753/508 1455/805/532
f 1466/758/503 1468/815/515 1464/810/515 1462/759/503
f 1468/815/515 1467/816/514 1463/808/514 1464/810/515
f 1467/816/514 1486/817/513 1484/807/513 1463/808/514
f 1482/801/516 1459/802/517 1404/809/517 1483/806/516
f 1459/802/517 1460/804/518 1403/811/518 1404/809/517
f 1460/804/518 1458/754/505 1401/755/505 1403/811/518
f 1486/817/519 1467/816/520 1399/813/520 1485/812/519
f 1467/816/520 1468/815/525 1400/814/525 1399/813/520
f 1468/815/525 1466/758/509 1398/757/509 1400/814/525
f 1476/783/516 1443/784/517 1412/791/517 1477/788/516
f 1443/784/517 1444/786/518 1411/793/518 1412/791/517
f 1444/786/518 1442/740/507 1409/761/507 1411/793/518
f 1480/799/519 1451/798/520 1408/795/520 1479/794/519
f 1451/798/520 1452/797/525 1407/796/525 1408/795/520
f 1452/797/525 1450/739/509 1405/760/509 1407/796/525
f 1470/765/516 1427/766/517 1420/773/517 1471/770/516
f 1427/766/517 1428/768/518 1419/775/518 1420/773/517
f 1428/768/518 1426/748/505 1417/743/505 1419/775/518
f 1474/781/519 1435/780/520 1415/777/520 1473/776/519
f 1435/780/520 1436/779/525 1416/778/525 1415/777/520
f 1436/779/525 1434/750/509 1414/749/509 1416/778/525
f 1377/757/443 1398/757/509 1466/758/509 1378/758/443
f 1421/818/499 1469/764/499 1470/765/499 1425/819/499
f 1418/820/499 1471/770/499 1472/771/499 1429/821/499
f 1413/822/499 1473/776/499 1469/764/499 1421/818/499
f 1429/821/499 1472/771/499 1474/781/499 1433/823/499
f 1438/746/499 1475/782/499 1476/783/499 1441/745/499
f 1410/824/499 1477/788/499 1478/789/499 1445/825/499
f 1406/826/499 1479/794/499 1475/782/499 1438/746/499
f 1445/825/499 1478/789/499 1480/799/499 1449/827/499
f 1454/828/499 1481/800/499 1482/801/499 1457/829/499
f 1402/830/499 1483/806/499 1484/807/499 1461/763/499
f 1397/831/499 1485/812/499 1481/800/499 1454/828/499
f 1461/763/499 1484/807/499 1486/817/499 1465/762/499
f 1457/829/499 1482/801/499 1483/806/499 1402/830/499
f 1465/762/499 1486/817/499 1485/812/499 1397/831/499
f 1441/745/499 1476/783/499 1477/788/499 1410/824/499
f 1449/827/499 1480/799/499 1479/794/499 1406/826/499
f 1425/819/499 1470/765/499 1471/770/499 1418/820/499
f 1433/823/499 1474/781/499 1473/776/499 1413/822/499
f 1490/821/500 1508/821/500 1507/820/500 1489/820/500
f 1500/829/13 1518/829/13 1517/828/13 1499/828/13
f 1497/826/533 1515/826/443 1516/827/443 1498/827/506
f 1488/819/13 1506/819/13 1505/818/13 1487/818/13
f 1402/830/52 1501/830/52 1500/829/52 1457/829/52
f 1445/825/52 1496/825/52 1495/824/52 1410/824/52
f 1397/831/52 1503/831/506 1504/762/506 1465/762/52
f 1438/746/52 1493/746/511 1497/826/533 1406/826/52
f 1410/824/52 1495/824/52 1494/745/52 1441/745/52
f 1449/827/52 1498/827/506 1496/825/52 1445/825/52
f 1425/819/52 1488/819/52 1487/818/52 1421/818/52
f 1406/826/52 1497/826/533 1498/827/506 1449/827/52
f 1457/829/52 1500/829/52 1499/828/52 1454/828/52
f 1429/821/52 1490/821/52 1489/820/52 1418/820/52
f 1418/820/52 1489/820/52 1488/819/52 1425/819/52
f 1461/763/52 1502/763/52 1501/830/52 1402/830/52
f 1421/818/52 1487/818/52 1491/822/506 1413/822/52
f 1413/822/52 1491/822/506 1492/823/506 1433/823/52
f 1454/828/52 1499/828/52 1503/831/506 1397/831/52
f 1433/823/52 1492/823/506 1490/821/52 1429/821/52
f 1521/831/499 1517/828/499 1518/829/499 1519/830/499 1520/763/499 1522/762/499
f 1509/822/499 1505/818/499 1506/819/499 1507/820/499 1508/821/499 1510/823/499
f 1515/826/499 1511/746/499 1512/745/499 1513/824/499 1514/825/499 1516/827/499
f 1489/820/504 1507/820/504 1506/819/504 1488/819/504
f 1502/763/500 1520/763/500 1519/830/500 1501/830/500
f 1487/818/501 1505/818/501 1509/822/501 1491/822/501
f 1491/822/506 1509/822/443 1510/823/443 1492/823/506
f 1499/828/501 1517/828/501 1521/831/501 1503/831/501
f 1492/823/32 1510/823/32 1508/821/32 1490/821/32
f 1504/762/32 1522/762/32 1520/763/32 1502/763/32
f 1494/745/13 1512/745/13 1511/746/13 1493/746/13
f 1501/830/504 1519/830/504 1518/829/504 1500/829/504
f 1496/825/500 1514/825/500 1513/824/500 1495/824/500
f 1503/831/506 1521/831/443 1522/762/443 1504/762/506
f 1493/746/511 1511/746/501 1515/826/501 1497/826/533
f 1495/824/504 1513/824/504 1512/745/504 1494/745/504
f 1498/827/32 1516/827/32 1514/825/32 1496/825/32
f 1539/595/685 1545/596/686 1530/597/687 1524/598/688
f 1631/599/538 1638/600/541 1546/601/689 1538/602/690
f 1632/603/542 1635/604/545 1531/605/691 1544/606/692
f 1590/607/606 1639/608/606 1661/608/606 1662/607/606
f 1523/609/693 1526/610/694 1527/611/695 1529/612/696
f 1524/598/688 1528/613/697 1527/614/698 1526/615/699
f 1525/616/700 1529/617/701 1527/618/702 1528/619/703
f 1530/597/687 1533/620/704 1534/621/705 1536/622/706
f 1531/605/691 1535/623/707 1534/624/708 1533/625/709
f 1532/626/710 1536/627/711 1534/628/712 1535/629/713
f 1537/630/714 1540/631/715 1541/632/716 1543/633/717
f 1538/602/690 1542/634/718 1541/632/719 1540/631/720
f 1539/595/685 1543/635/721 1541/632/722 1542/634/723
f 1544/606/692 1547/636/724 1548/637/725 1550/638/726
f 1545/596/686 1549/639/727 1548/637/728 1547/640/729
f 1546/601/689 1550/638/730 1548/637/731 1549/639/732
f 1627/641/587 1523/609/693 1529/612/696 1633/642/588
f 1633/643/589 1529/617/701 1525/616/700 1634/644/590
f 1524/598/688 1530/597/687 1536/622/706 1528/613/697
f 1528/619/703 1536/627/711 1532/626/710 1525/616/700
f 1632/603/542 1544/606/692 1550/638/726 1637/645/591
f 1637/645/592 1550/638/730 1546/601/689 1638/600/541
f 1545/596/686 1539/595/685 1542/634/723 1549/639/727
f 1549/639/732 1542/634/718 1538/602/690 1546/601/689
f 1523/609/693 1537/630/714 1543/633/717 1526/610/694
f 1526/615/699 1543/635/721 1539/595/685 1524/598/688
f 1544/606/692 1531/605/691 1533/625/709 1547/636/724
f 1547/640/729 1533/620/704 1530/597/687 1545/596/686
f 1627/641/587 1636/646/593 1537/630/714 1523/609/693
f 1599/647/587 1605/648/593 1570/649/593 1552/650/587
f 1613/651/587 1619/652/593 1569/653/593 1553/654/587
f 1609/655/592 1582/656/592 1585/657/541 1610/658/541
f 1623/659/592 1581/660/592 1584/661/541 1624/662/541
f 1608/663/542 1579/664/542 1582/656/594 1609/655/594
f 1622/665/542 1580/666/542 1581/660/591 1623/659/595
f 1630/667/598 1574/668/598 1577/669/538 1631/599/538
f 1620/670/598 1573/671/598 1576/672/538 1621/673/538
f 1606/674/598 1572/675/598 1575/676/538 1607/677/538
f 1636/646/593 1569/653/593 1574/668/599 1630/667/599
f 1619/652/593 1570/649/593 1573/671/599 1620/670/599
f 1605/648/593 1571/678/593 1572/675/599 1606/674/599
f 1628/679/600 1565/680/602 1568/681/601 1629/682/601
f 1617/683/600 1564/684/733 1567/685/601 1618/686/601
f 1603/687/602 1563/688/600 1566/689/601 1604/690/601
f 1635/604/545 1560/691/545 1565/692/603 1628/693/603
f 1616/694/545 1561/695/545 1564/696/603 1617/697/603
f 1602/698/545 1562/699/545 1563/700/603 1603/701/603
f 1600/702/589 1555/703/589 1558/704/590 1601/705/590
f 1614/706/589 1554/707/589 1557/708/590 1615/709/590
f 1599/647/587 1552/650/587 1555/710/588 1600/711/588
f 1613/651/587 1553/654/587 1554/712/588 1614/713/734
f 1591/714/32 1592/715/32 1665/715/32 1666/714/32
f 1587/716/32 1588/717/32 1659/717/32 1660/716/32
f 1608/663/542 1602/698/545 1561/695/545 1579/664/542
f 1622/665/542 1616/694/545 1560/691/545 1580/666/542
f 1607/677/538 1610/658/541 1585/657/541 1576/672/538
f 1621/673/538 1624/662/541 1584/661/541 1577/669/538
f 1525/616/700 1532/626/710 1588/717/604 1587/716/604
f 1629/682/601 1568/681/601 1589/718/604 1640/719/604
f 1568/681/601 1557/708/590 1590/607/604 1589/718/604
f 1634/644/590 1525/616/700 1587/716/604 1639/608/604
f 1557/708/590 1568/681/601 1592/715/604 1591/714/604
f 1618/686/601 1567/685/601 1593/720/604 1626/721/604
f 1567/685/601 1558/704/590 1594/722/604 1593/720/604
f 1615/709/590 1557/708/590 1591/714/604 1625/723/604
f 1558/704/590 1567/685/601 1596/724/604 1595/725/604
f 1604/690/601 1566/689/601 1597/726/604 1612/727/604
f 1566/689/601 1559/728/590 1598/729/604 1597/726/604
f 1601/705/590 1558/704/590 1595/725/604 1611/730/604
f 1559/728/590 1601/705/590 1611/730/604 1598/729/604
f 1567/685/601 1604/690/601 1612/727/604 1596/724/604
f 1575/676/538 1586/731/541 1610/658/541 1607/677/538
f 1578/732/542 1562/699/545 1602/698/545 1608/663/542
f 1612/727/609 1597/726/609 1676/726/609 1675/727/609
f 1551/733/587 1599/647/587 1600/711/588 1556/734/734
f 1556/735/589 1600/702/589 1601/705/590 1559/728/590
f 1561/695/545 1602/698/545 1603/701/603 1564/696/603
f 1564/684/733 1603/687/602 1604/690/601 1567/685/601
f 1570/649/593 1605/648/593 1606/674/599 1573/671/599
f 1573/671/598 1606/674/598 1607/677/538 1576/672/538
f 1578/732/542 1608/663/542 1609/655/594 1583/736/594
f 1583/736/592 1609/655/592 1610/658/541 1586/731/541
f 1551/733/587 1571/678/593 1605/648/593 1599/647/587
f 1558/704/590 1615/709/590 1625/723/604 1594/722/604
f 1568/681/601 1618/686/601 1626/721/604 1592/715/604
f 1576/672/538 1585/657/541 1624/662/541 1621/673/538
f 1579/664/542 1561/695/545 1616/694/545 1622/665/542
f 1552/650/587 1613/651/587 1614/713/734 1555/710/588
f 1555/703/589 1614/706/589 1615/709/590 1558/704/590
f 1560/691/545 1616/694/545 1617/697/603 1565/692/603
f 1565/680/602 1617/683/600 1618/686/601 1568/681/601
f 1569/653/593 1619/652/593 1620/670/599 1574/668/599
f 1574/668/598 1620/670/598 1621/673/538 1577/669/538
f 1579/664/542 1622/665/542 1623/659/595 1582/656/594
f 1582/656/592 1623/659/592 1624/662/541 1585/657/541
f 1552/650/587 1570/649/593 1619/652/593 1613/651/587
f 1557/708/590 1634/644/590 1639/608/604 1590/607/604
f 1532/626/710 1629/682/601 1640/719/604 1588/717/604
f 1611/730/546 1595/725/546 1672/725/546 1673/730/546
f 1531/605/691 1635/604/545 1628/693/603 1535/623/707
f 1535/629/713 1628/679/600 1629/682/601 1532/626/710
f 1537/630/714 1636/646/593 1630/667/599 1540/631/715
f 1540/631/720 1630/667/598 1631/599/538 1538/602/690
f 1553/654/587 1569/653/593 1636/646/593 1627/641/587
f 1581/660/592 1637/645/592 1638/600/541 1584/661/541
f 1580/666/542 1632/603/542 1637/645/591 1581/660/591
f 1554/707/589 1633/643/589 1634/644/590 1557/708/590
f 1553/654/587 1627/641/587 1633/642/588 1554/712/588
f 1580/666/542 1560/691/545 1635/604/545 1632/603/542
f 1577/669/538 1584/661/541 1638/600/541 1631/599/538
f 1626/721/609 1593/720/609 1670/720/609 1669/721/609
f 1652/737/32 1650/738/32 1726/738/608 1730/739/608
f 1648/740/13 1647/741/13 1717/741/607 1722/740/607
f 1644/742/605 1643/743/605 1697/743/614 1710/744/614
f 1721/745/52 1718/746/52 1773/746/615 1774/745/52
f 1595/725/32 1596/724/32 1671/724/32 1672/725/32
f 1594/722/606 1625/723/606 1667/723/606 1668/722/606
f 1588/717/605 1640/719/605 1663/719/605 1659/717/605
f 1598/729/606 1611/730/606 1673/730/606 1674/729/606
f 1592/715/605 1626/721/605 1669/721/605 1665/715/605
f 1589/718/13 1590/607/13 1662/607/13 1664/718/13
f 1639/608/546 1587/716/546 1660/716/546 1661/608/546
f 1596/724/605 1612/727/605 1675/727/605 1671/724/605
f 1593/720/13 1594/722/13 1668/722/13 1670/720/13
f 1640/719/609 1589/718/609 1664/718/609 1663/719/609
f 1597/726/13 1598/729/13 1674/729/13 1676/726/13
f 1625/723/546 1591/714/546 1666/714/546 1667/723/546
f 1641/747/604 1642/748/604 1660/716/604 1659/717/604
f 1643/743/604 1644/742/604 1662/607/604 1661/608/604
f 1645/749/604 1641/747/604 1659/717/604 1663/719/604
f 1644/742/604 1646/750/604 1664/718/604 1662/607/604
f 1647/741/604 1648/740/604 1666/714/604 1665/715/604
f 1649/751/604 1650/738/604 1668/722/604 1667/723/604
f 1651/752/604 1647/741/604 1665/715/604 1669/721/604
f 1650/738/604 1652/737/604 1670/720/604 1668/722/604
f 1653/753/604 1654/754/604 1672/725/604 1671/724/604
f 1655/755/604 1656/756/604 1674/729/604 1673/730/604
f 1657/757/604 1653/753/604 1671/724/604 1675/727/604
f 1656/756/604 1658/758/604 1676/726/604 1674/729/604
f 1654/754/604 1655/755/604 1673/730/604 1672/725/604
f 1658/758/604 1657/757/604 1675/727/604 1676/726/604
f 1648/740/604 1649/751/604 1667/723/604 1666/714/604
f 1652/737/604 1651/752/604 1669/721/604 1670/720/604
f 1642/748/604 1643/743/604 1661/608/604 1660/716/604
f 1646/750/604 1645/749/604 1663/719/604 1664/718/604
f 1656/756/605 1655/755/605 1681/755/735 1742/759/735
f 1645/749/546 1646/750/546 1714/750/613 1694/749/613
f 1651/752/546 1652/737/546 1730/739/613 1685/760/613
f 1647/741/606 1651/752/606 1685/760/612 1717/741/612
f 1649/751/609 1648/740/609 1722/740/610 1689/761/610
f 1653/753/606 1657/757/606 1678/757/612 1733/753/612
f 1745/762/52 1741/763/52 1782/763/52 1784/762/611
f 1642/748/13 1641/747/13 1702/747/607 1706/748/607
f 1641/747/606 1645/749/606 1694/749/612 1702/747/612
f 1654/754/13 1653/753/13 1733/753/607 1738/754/607
f 1646/750/32 1644/742/32 1710/744/608 1714/750/608
f 1650/738/605 1649/751/605 1689/761/614 1726/738/614
f 1658/758/32 1656/756/32 1742/759/608 1746/758/608
f 1643/743/609 1642/748/609 1706/748/610 1697/743/610
f 1655/755/609 1654/754/609 1738/754/736 1681/755/736
f 1749/764/627 1750/765/627 1707/766/626 1703/767/626
f 1703/767/626 1707/766/626 1708/768/625 1704/769/625
f 1704/769/625 1708/768/625 1706/748/607 1702/747/607
f 1751/770/628 1752/771/628 1711/772/629 1700/773/629
f 1700/773/629 1711/772/629 1712/774/630 1699/775/630
f 1699/775/630 1712/774/630 1710/744/614 1697/743/614
f 1753/776/631 1749/764/631 1703/767/632 1695/777/632
f 1695/777/632 1703/767/632 1704/769/633 1696/778/633
f 1696/778/633 1704/769/633 1702/747/612 1694/749/612
f 1714/750/608 1710/744/608 1712/774/618 1716/779/618
f 1716/779/618 1712/774/618 1711/772/617 1715/780/617
f 1715/780/617 1711/772/617 1752/771/616 1754/781/616
f 1755/782/627 1756/783/627 1723/784/626 1720/785/626
f 1720/785/626 1723/784/626 1724/786/625 1719/787/625
f 1719/787/625 1724/786/625 1722/740/607 1717/741/607
f 1757/788/628 1758/789/628 1727/790/629 1692/791/629
f 1692/791/629 1727/790/629 1728/792/630 1691/793/630
f 1691/793/630 1728/792/630 1726/738/614 1689/761/614
f 1759/794/631 1755/782/631 1720/785/632 1688/795/632
f 1688/795/632 1720/785/632 1719/787/633 1687/796/633
f 1687/796/633 1719/787/633 1717/741/612 1685/760/612
f 1730/739/608 1726/738/608 1728/792/618 1732/797/618
f 1732/797/618 1728/792/618 1727/790/617 1731/798/617
f 1731/798/617 1727/790/617 1758/789/737 1760/799/737
f 1761/800/627 1762/801/627 1739/802/626 1736/803/626
f 1736/803/626 1739/802/626 1740/804/625 1735/805/625
f 1735/805/625 1740/804/625 1738/754/607 1733/753/607
f 1763/806/628 1764/807/628 1743/808/629 1684/809/629
f 1684/809/629 1743/808/629 1744/810/630 1683/811/630
f 1683/811/630 1744/810/630 1742/759/735 1681/755/735
f 1765/812/631 1761/800/631 1736/803/632 1679/813/632
f 1679/813/632 1736/803/632 1735/805/633 1680/814/633
f 1680/814/633 1735/805/633 1733/753/612 1678/757/612
f 1746/758/608 1742/759/608 1744/810/618 1748/815/618
f 1748/815/618 1744/810/618 1743/808/617 1747/816/617
f 1747/816/617 1743/808/617 1764/807/616 1766/817/616
f 1762/801/619 1763/806/619 1684/809/620 1739/802/620
f 1739/802/620 1684/809/620 1683/811/621 1740/804/621
f 1740/804/621 1683/811/621 1681/755/736 1738/754/736
f 1766/817/622 1765/812/622 1679/813/623 1747/816/623
f 1747/816/623 1679/813/623 1680/814/624 1748/815/624
f 1748/815/624 1680/814/624 1678/757/613 1746/758/613
f 1756/783/619 1757/788/619 1692/791/620 1723/784/620
f 1723/784/620 1692/791/620 1691/793/621 1724/786/621
f 1724/786/621 1691/793/621 1689/761/610 1722/740/610
f 1760/799/622 1759/794/622 1688/795/623 1731/798/623
f 1731/798/623 1688/795/623 1687/796/624 1732/797/624
f 1732/797/624 1687/796/624 1685/760/613 1730/739/613
f 1750/765/619 1751/770/619 1700/773/620 1707/766/620
f 1707/766/620 1700/773/620 1699/775/621 1708/768/621
f 1708/768/621 1699/775/621 1697/743/610 1706/748/610
f 1754/781/622 1753/776/622 1695/777/623 1715/780/623
f 1715/780/623 1695/777/623 1696/778/624 1716/779/624
f 1716/779/624 1696/778/624 1694/749/613 1714/750/613
f 1657/757/546 1658/758/546 1746/758/613 1678/757/613
f 1701/818/604 1705/819/604 1750/765/604 1749/764/604
f 1698/820/604 1709/821/604 1752/771/604 1751/770/604
f 1693/822/604 1701/818/604 1749/764/604 1753/776/604
f 1709/821/604 1713/823/604 1754/781/604 1752/771/604
f 1718/746/604 1721/745/604 1756/783/604 1755/782/604
f 1690/824/604 1725/825/604 1758/789/604 1757/788/604
f 1686/826/604 1718/746/604 1755/782/604 1759/794/604
f 1725/825/604 1729/827/604 1760/799/604 1758/789/604
f 1734/828/604 1737/829/604 1762/801/604 1761/800/604
f 1682/830/604 1741/763/604 1764/807/604 1763/806/604
f 1677/831/604 1734/828/604 1761/800/604 1765/812/604
f 1741/763/604 1745/762/604 1766/817/604 1764/807/604
f 1737/829/604 1682/830/604 1763/806/604 1762/801/604
f 1745/762/604 1677/831/604 1765/812/604 1766/817/604
f 1721/745/604 1690/824/604 1757/788/604 1756/783/604
f 1729/827/604 1686/826/604 1759/794/604 1760/799/604
f 1705/819/604 1698/820/604 1751/770/604 1750/765/604
f 1713/823/604 1693/822/604 1753/776/604 1754/781/604
f 1770/821/605 1769/820/605 1787/820/605 1788/821/605
f 1780/829/13 1779/828/13 1797/828/13 1798/829/13
f 1777/826/634 1778/827/611 1796/827/546 1795/826/546
f 1768/819/13 1767/818/13 1785/818/13 1786/819/13
f 1682/830/52 1737/829/52 1780/829/52 1781/830/52
f 1725/825/52 1690/824/52 1775/824/52 1776/825/52
f 1677/831/52 1745/762/52 1784/762/611 1783/831/611
f 1718/746/52 1686/826/52 1777/826/634 1773/746/615
f 1690/824/52 1721/745/52 1774/745/52 1775/824/52
f 1729/827/52 1725/825/52 1776/825/52 1778/827/611
f 1705/819/52 1701/818/52 1767/818/52 1768/819/52
f 1686/826/52 1729/827/52 1778/827/611 1777/826/634
f 1737/829/52 1734/828/52 1779/828/52 1780/829/52
f 1709/821/52 1698/820/52 1769/820/52 1770/821/52
f 1698/820/52 1705/819/52 1768/819/52 1769/820/52
f 1741/763/52 1682/830/52 1781/830/52 1782/763/52
f 1701/818/52 1693/822/52 1771/822/611 1767/818/52
f 1693/822/52 1713/823/52 1772/823/611 1771/822/611
f 1734/828/52 1677/831/52 1783/831/611 1779/828/52
f 1713/823/52 1709/821/52 1770/821/52 1772/823/611
f 1801/831/604 1802/762/604 1800/763/604 1799/830/604 1798/829/604 1797/828/604
f 1789/822/604 1790/823/604 1788/821/604 1787/820/604 1786/819/604 1785/818/604
f 1795/826/604 1796/827/604 1794/825/604 1793/824/604 1792/745/604 1791/746/604
f 1769/820/609 1768/819/609 1786/819/609 1787/820/609
f 1782/763/605 1781/830/605 1799/830/605 1800/763/605
f 1767/818/606 1771/822/606 1789/822/606 1785/818/606
f 1771/822/611 1772/823/611 1790/823/546 1789/822/546
f 1779/828/606 1783/831/606 1801/831/606 1797/828/606
f 1772/823/32 1770/821/32 1788/821/32 1790/823/32
f 1784/762/32 1782/763/32 1800/763/32 1802/762/32
f 1774/745/13 1773/746/13 1791/746/13 1792/745/13
f 1781/830/609 1780/829/609 1798/829/609 1799/830/609
f 1776/825/605 1775/824/605 1793/824/605 1794/825/605
f 1783/831/611 1784/762/611 1802/762/546 1801/831/546
f 1773/746/615 1777/826/634 1795/826/606 1791/746/606
f 1775/824/609 1774/745/609 1792/745/609 1793/824/609
f 1778/827/32 1776/825/32 1794/825/32 1796/827/32
f 1818/101/70 1881/832/738 1836/833/739 1803/104/201
f 1805/99/204 1842/834/740 1845/835/741 1806/107/59
f 1806/107/59 1845/835/741 1848/836/742 1807/109/743
f 1807/109/743 1848/836/742 1851/837/744 1808/111/745
f 1808/111/745 1851/837/744 1854/838/746 1809/18/747
f 1809/18/747 1854/838/746 1857/839/748 1810/114/749
f 1810/114/749 1857/839/748 1860/840/750 1811/116/751
f 1811/116/751 1860/840/750 1863/841/752 1812/118/753
f 1812/118/753 1863/841/752 1866/842/754 1813/23/755
f 1813/23/755 1866/842/754 1869/843/756 1814/121/757
f 1814/121/757 1869/843/756 1872/844/758 1815/123/759
f 1815/123/759 1872/844/758 1875/845/760 1816/125/218
f 1816/125/218 1875/845/760 1878/846/761 1817/100/220
f 1817/100/220 1878/846/761 1881/832/738 1818/101/70
f 1803/127/201 1836/847/739 1839/848/762 1804/130/223
f 1804/130/223 1839/848/762 1842/834/740 1805/99/204
f 1808/111/745 1809/18/747 1921/18/763 1920/111/764
f 1822/849/59 1823/850/33 1935/850/33 1934/849/59
f 1813/23/755 1814/121/757 1926/121/765 1925/23/766
f 1818/101/767 1803/104/768 1915/104/769 1930/101/770
f 1806/107/771 1807/109/743 1919/109/772 1918/107/773
f 1811/116/751 1812/118/753 1924/118/774 1923/116/775
f 1816/125/776 1817/100/777 1929/100/778 1928/125/779
f 1804/130/780 1805/99/781 1917/99/782 1916/130/783
f 1809/18/747 1810/114/749 1922/114/784 1921/18/763
f 1814/121/757 1815/123/759 1927/123/785 1926/121/765
f 1807/109/743 1808/111/745 1920/111/764 1919/109/772
f 1812/118/753 1813/23/755 1925/23/766 1924/118/774
f 1817/100/777 1818/101/767 1930/101/770 1929/100/778
f 1805/99/781 1806/107/771 1918/107/773 1917/99/782
f 1810/114/749 1811/116/751 1923/116/775 1922/114/784
f 1803/127/768 1804/130/780 1916/130/783 1915/127/769
f 1815/123/759 1816/125/776 1928/125/779 1927/123/785
f 1839/848/762 1836/847/739 1837/851/786 1840/852/787
f 1840/853/788 1837/854/789 1883/855/790 1884/856/791
f 1842/834/740 1839/848/762 1840/857/787 1843/858/792
f 1843/859/793 1840/860/788 1884/856/791 1885/861/794
f 1845/835/741 1842/834/740 1843/862/792 1846/863/795
f 1846/864/796 1843/865/793 1885/861/794 1886/866/797
f 1848/836/742 1845/835/741 1846/867/795 1849/868/798
f 1849/869/799 1846/870/796 1886/866/797 1887/871/800
f 1851/837/744 1848/836/742 1849/872/798 1852/873/801
f 1852/874/802 1849/875/799 1887/871/800 1888/876/803
f 1854/838/746 1851/837/744 1852/877/801 1855/878/804
f 1855/879/805 1852/880/802 1888/876/803 1889/881/806
f 1857/839/748 1854/838/746 1855/882/804 1858/883/807
f 1858/884/808 1855/885/805 1889/881/806 1890/886/809
f 1860/840/750 1857/839/748 1858/887/807 1861/888/810
f 1861/889/811 1858/890/808 1890/886/809 1891/891/812
f 1863/841/752 1860/840/750 1861/892/810 1864/893/813
f 1864/894/814 1861/895/811 1891/891/812 1892/896/815
f 1866/842/754 1863/841/752 1864/897/813 1867/898/816
f 1867/899/817 1864/900/814 1892/896/815 1893/901/818
f 1869/843/756 1866/842/754 1867/902/816 1870/903/819
f 1870/904/820 1867/905/817 1893/901/818 1894/906/821
f 1872/844/758 1869/843/756 1870/907/819 1873/908/822
f 1873/909/823 1870/910/820 1894/906/821 1895/911/824
f 1875/845/760 1872/844/758 1873/912/822 1876/913/825
f 1876/914/826 1873/915/823 1895/911/824 1896/916/827
f 1878/846/761 1875/845/760 1876/917/825 1879/918/828
f 1879/919/829 1876/920/826 1896/916/827 1897/921/830
f 1881/832/738 1878/846/761 1879/922/828 1882/923/831
f 1882/924/832 1879/925/829 1897/921/830 1898/926/833
f 1836/833/739 1881/832/738 1882/927/831 1837/928/786
f 1837/929/789 1882/930/832 1898/926/833 1883/855/790
f 1853/931/220 1850/932/218 1952/932/218 1953/931/220
f 1835/933/13 1838/934/13 1884/856/791 1883/855/790
f 1838/934/13 1841/935/13 1885/861/794 1884/856/791
f 1841/935/13 1844/936/13 1886/866/797 1885/861/794
f 1844/936/13 1847/937/13 1887/871/800 1886/866/797
f 1847/937/13 1850/932/13 1888/876/803 1887/871/800
f 1850/932/13 1853/931/13 1889/881/806 1888/876/803
f 1853/931/13 1856/938/13 1890/886/809 1889/881/806
f 1856/938/13 1859/939/13 1891/891/812 1890/886/809
f 1859/939/13 1862/940/13 1892/896/815 1891/891/812
f 1862/940/13 1865/941/13 1893/901/818 1892/896/815
f 1865/941/13 1868/942/13 1894/906/821 1893/901/818
f 1868/942/13 1871/943/13 1895/911/824 1894/906/821
f 1871/943/13 1874/944/13 1896/916/827 1895/911/824
f 1874/944/13 1877/945/13 1897/921/830 1896/916/827
f 1877/945/13 1880/946/13 1898/926/833 1897/921/830
f 1880/946/13 1835/933/13 1883/855/790 1898/926/833
f 1900/947/13 1899/948/13 1914/949/13 1913/950/13 1912/951/13 1911/952/13 1910/953/13 1909/954/13 1908/955/13 1907/956/13 1906/957/13 1905/958/13 1904/959/13 1903/960/13 1902/961/13 1901/962/13
f 1877/945/38 1874/944/207 1960/944/207 1961/945/38
f 1856/938/70 1853/931/220 1953/931/220 1954/938/70
f 1880/946/210 1877/945/38 1961/945/38 1962/946/210
f 1859/939/201 1856/938/70 1954/938/70 1955/939/201
f 1838/934/213 1835/933/52 1947/933/52 1948/934/213
f 1835/933/52 1880/946/210 1962/946/210 1947/933/52
f 1862/940/223 1859/939/201 1955/939/201 1956/940/223
f 1841/935/40 1838/934/213 1948/934/213 1949/935/40
f 1865/941/204 1862/940/223 1956/940/223 1957/941/204
f 1844/936/66 1841/935/40 1949/935/40 1950/936/66
f 1868/942/59 1865/941/204 1957/941/204 1958/942/59
f 1847/937/31 1844/936/66 1950/936/66 1951/937/31
f 1871/943/33 1868/942/59 1958/942/59 1959/943/33
f 1850/932/218 1847/937/31 1951/937/31 1952/932/218
f 1874/944/207 1871/943/33 1959/943/33 1960/944/207
f 1820/963/32 1819/964/32 1915/520/32 1916/521/32
f 1821/965/32 1820/963/32 1916/521/32 1917/523/32
f 1822/849/32 1821/965/32 1917/523/32 1918/525/32
f 1823/850/32 1822/849/32 1918/525/32 1919/527/32
f 1824/966/32 1823/850/32 1919/527/32 1920/529/32
f 1825/967/32 1824/966/32 1920/529/32 1921/531/32
f 1826/968/32 1825/967/32 1921/531/32 1922/533/32
f 1827/969/32 1826/968/32 1922/533/32 1923/535/32
f 1828/970/32 1827/969/32 1923/535/32 1924/537/32
f 1829/971/32 1828/970/32 1924/537/32 1925/538/32
f 1830/972/32 1829/971/32 1925/538/32 1926/539/32
f 1831/973/32 1830/972/32 1926/539/32 1927/541/32
f 1832/974/32 1831/973/32 1927/541/32 1928/543/32
f 1833/975/32 1832/974/32 1928/543/32 1929/545/32
f 1834/976/32 1833/975/32 1929/545/32 1930/547/32
f 1819/964/32 1834/976/32 1930/547/32 1915/520/32
f 1931/964/32 1932/963/32 1933/965/32 1934/849/32 1935/850/32 1936/966/32 1937/967/32 1938/968/32 1939/969/32 1940/970/32 1941/971/32 1942/972/32 1943/973/32 1944/974/32 1945/975/32 1946/976/32
f 1830/972/66 1831/973/31 1943/973/31 1942/972/66
f 1823/850/33 1824/966/207 1936/966/207 1935/850/33
f 1831/973/31 1832/974/218 1944/974/218 1943/973/31
f 1824/966/207 1825/967/38 1937/967/38 1936/966/207
f 1832/974/218 1833/975/220 1945/975/220 1944/974/218
f 1825/967/38 1826/968/210 1938/968/210 1937/967/38
f 1833/975/220 1834/976/70 1946/976/70 1945/975/220
f 1826/968/210 1827/969/52 1939/969/52 1938/968/210
f 1819/964/201 1820/963/223 1932/963/223 1931/964/201
f 1834/976/70 1819/964/201 1931/964/201 1946/976/70
f 1827/969/52 1828/970/213 1940/970/213 1939/969/52
f 1820/963/223 1821/965/204 1933/965/204 1932/963/223
f 1828/970/213 1829/971/40 1941/971/40 1940/970/213
f 1821/965/204 1822/849/59 1934/849/59 1933/965/204
f 1829/971/40 1830/972/66 1942/972/66 1941/971/40
f 1963/977/13 1964/978/13 1948/934/13 1947/933/13
f 1964/978/13 1965/979/13 1949/935/13 1948/934/13
f 1965/979/13 1966/980/13 1950/936/13 1949/935/13
f 1966/980/13 1967/981/13 1951/937/13 1950/936/13
f 1967/981/13 1968/982/13 1952/932/13 1951/937/13
f 1968/982/13 1969/983/13 1953/931/13 1952/932/13
f 1969/983/13 1970/984/13 1954/938/13 1953/931/13
f 1970/984/13 1971/985/13 1955/939/13 1954/938/13
f 1971/985/13 1972/986/13 1956/940/13 1955/939/13
f 1972/986/13 1973/987/13 1957/941/13 1956/940/13
f 1973/987/13 1974/988/13 1958/942/13 1957/941/13
f 1974/988/13 1975/989/13 1959/943/13 1958/942/13
f 1975/989/13 1976/990/13 1960/944/13 1959/943/13
f 1976/990/13 1977/991/13 1961/945/13 1960/944/13
f 1977/991/13 1978/992/13 1962/946/13 1961/945/13
f 1978/992/13 1963/977/13 1947/933/13 1962/946/13
f 1899/948/13 1900/947/13 1964/978/13 1963/977/13
f 1900/947/13 1901/962/13 1965/979/13 1964/978/13
f 1901/962/13 1902/961/13 1966/980/13 1965/979/13
f 1902/961/13 1903/960/13 1967/981/13 1966/980/13
f 1988/960/13 1989/959/13 1990/958/13 1981/983/13 1980/982/13 1979/981/13
f 1991/957/13 1992/956/13 1993/955/13 1984/986/13 1983/985/13 1982/984/13
f 1905/958/13 1906/957/13 1970/984/13 1969/983/13
f 1903/960/834 1904/959/834 1989/959/834 1988/960/834
f 1994/954/13 1995/953/13 1996/952/13 1987/989/13 1986/988/13 1985/987/13
f 1908/955/13 1909/954/13 1973/987/13 1972/986/13
f 1973/987/835 1909/954/835 1994/954/835 1985/987/835
f 1971/985/836 1970/984/836 1982/984/836 1983/985/836
f 1911/952/13 1912/951/13 1976/990/13 1975/989/13
f 1912/951/13 1913/950/13 1977/991/13 1976/990/13
f 1913/950/13 1914/949/13 1978/992/13 1977/991/13
f 1914/949/13 1899/948/13 1963/977/13 1978/992/13
f 1910/953/837 1911/952/837 1996/952/837 1995/953/837
f 1904/959/838 1905/958/838 1990/958/838 1989/959/838
f 1967/981/839 1903/960/839 1988/960/839 1979/981/839
f 1972/986/840 1971/985/840 1983/985/840 1984/986/840
f 1911/952/841 1975/989/841 1987/989/841 1996/952/841
f 1906/957/842 1907/956/842 1992/956/842 1991/957/842
f 1905/958/843 1969/983/843 1981/983/843 1990/958/843
f 1974/988/844 1973/987/844 1985/987/844 1986/988/844
f 1907/956/845 1908/955/845 1993/955/845 1992/956/845
f 1970/984/33 1906/957/33 1991/957/33 1982/984/33
f 1975/989/846 1974/988/846 1986/988/846 1987/989/846
f 1968/982/847 1967/981/847 1979/981/847 1980/982/847
f 1969/983/848 1968/982/848 1980/982/848 1981/983/848
f 1909/954/849 1910/953/849 1995/953/849 1994/954/849
f 1908/955/31 1972/986/31 1984/986/31 1993/955/31
f 1997/127/13 1998/327/13 2000/325/850 1999/130/850
f 1999/130/850 2000/325/850 2002/298/851 2001/99/851
f 2001/99/851 2002/298/851 2004/299/852 2003/107/852
f 2003/107/852 2004/299/852 2006/301/33 2005/109/33
f 2005/109/33 2006/301/33 2008/303/853 2007/111/853
f 2007/111/853 2008/303/853 2010/305/854 2009/18/854
f 2009/18/854 2010/305/854 2012/307/855 2011/114/855
f 2011/114/855 2012/307/855 2014/309/32 2013/116/32
f 2013/116/32 2014/309/32 2016/311/856 2015/118/856
f 2015/118/856 2016/311/856 2018/29/857 2017/23/857
f 2017/23/857 2018/29/857 2020/314/858 2019/121/858
f 2019/121/858 2020/314/858 2022/316/31 2021/123/31
f 2021/123/31 2022/316/31 2024/318/859 2023/125/859
f 2023/125/859 2024/318/859 2026/320/860 2025/100/860
f 2010/305/861 2008/303/862 2034/303/862 2035/305/861
f 2025/100/860 2026/320/860 2028/294/863 2027/101/863
f 2027/101/863 2028/294/863 1998/295/13 1997/104/13
f 2003/107/864 2005/109/865 2097/109/865 2096/107/864
f 2043/320/860 2042/318/859 2058/318/866 2059/320/867
f 2020/314/868 2018/29/869 2039/29/869 2040/314/868
f 1998/295/870 2028/294/871 2044/294/871 2029/295/870
f 2006/301/872 2004/299/873 2032/299/873 2033/301/872
f 2016/311/874 2014/309/875 2037/309/875 2038/311/874
f 2026/320/876 2024/318/877 2042/318/877 2043/320/876
f 2002/298/878 2000/325/879 2030/325/879 2031/298/878
f 2012/307/880 2010/305/861 2035/305/861 2036/307/880
f 2022/316/881 2020/314/868 2040/314/868 2041/316/881
f 2008/303/862 2006/301/872 2033/301/872 2034/303/862
f 2018/29/869 2016/311/874 2038/311/874 2039/29/869
f 2028/294/871 2026/320/876 2043/320/876 2044/294/871
f 2004/299/873 2002/298/878 2031/298/878 2032/299/873
f 2014/309/875 2012/307/880 2036/307/880 2037/309/875
f 2000/325/879 1998/327/870 2029/327/870 2030/325/879
f 2024/318/877 2022/316/881 2041/316/881 2042/318/877
f 2057/316/882 2056/314/883 2072/314/884 2073/316/885
f 2036/307/855 2035/305/854 2051/305/886 2052/307/887
f 2044/294/863 2043/320/860 2059/320/867 2060/294/888
f 2037/309/32 2036/307/855 2052/307/887 2053/309/889
f 2030/325/850 2029/327/13 2045/327/890 2046/325/891
f 2029/295/13 2044/294/863 2060/294/888 2045/295/890
f 2038/311/856 2037/309/32 2053/309/889 2054/311/892
f 2031/298/851 2030/325/850 2046/325/891 2047/298/893
f 2039/29/857 2038/311/856 2054/311/892 2055/29/894
f 2032/299/852 2031/298/851 2047/298/893 2048/299/895
f 2040/314/858 2039/29/857 2055/29/894 2056/314/883
f 2033/301/33 2032/299/852 2048/299/895 2049/301/896
f 2041/316/31 2040/314/858 2056/314/883 2057/316/882
f 2034/303/853 2033/301/33 2049/301/896 2050/303/897
f 2042/318/859 2041/316/31 2057/316/882 2058/318/866
f 2035/305/854 2034/303/853 2050/303/897 2051/305/886
f 2063/298/898 2062/325/899 2141/325/850 2143/298/851
f 2050/303/897 2049/301/896 2065/301/900 2066/303/901
f 2058/318/866 2057/316/882 2073/316/885 2074/318/902
f 2051/305/886 2050/303/897 2066/303/901 2067/305/903
f 2059/320/867 2058/318/866 2074/318/902 2075/320/904
f 2052/307/887 2051/305/886 2067/305/903 2068/307/905
f 2060/294/888 2059/320/867 2075/320/904 2076/294/906
f 2053/309/889 2052/307/887 2068/307/905 2069/309/907
f 2046/325/891 2045/327/890 2061/327/908 2062/325/899
f 2045/295/890 2060/294/888 2076/294/906 2061/295/908
f 2054/311/892 2053/309/889 2069/309/907 2070/311/909
f 2047/298/893 2046/325/891 2062/325/899 2063/298/898
f 2055/29/894 2054/311/892 2070/311/909 2071/29/910
f 2048/299/895 2047/298/893 2063/298/898 2064/299/911
f 2056/314/883 2055/29/894 2071/29/910 2072/314/884
f 2049/301/896 2048/299/895 2064/299/911 2065/301/900
f 2078/993/856 2077/994/32 2158/994/32 2157/993/856
f 2071/29/910 2070/311/909 2150/311/856 2151/29/857
f 2064/299/911 2063/298/898 2143/298/851 2144/299/852
f 2072/314/884 2071/29/910 2151/29/857 2152/314/858
f 2065/301/900 2064/299/911 2144/299/852 2145/301/33
f 2073/316/885 2072/314/884 2152/314/858 2153/316/31
f 2066/303/901 2065/301/900 2145/301/33 2146/303/853
f 2074/318/902 2073/316/885 2153/316/31 2154/318/859
f 2067/305/903 2066/303/901 2146/303/853 2147/305/854
f 2075/320/904 2074/318/902 2154/318/859 2155/320/860
f 2068/307/905 2067/305/903 2147/305/854 2148/307/855
f 2076/294/906 2075/320/904 2155/320/860 2156/294/863
f 2069/309/907 2068/307/905 2148/307/855 2149/309/32
f 2062/325/899 2061/327/908 2142/327/13 2141/325/850
f 2061/295/908 2076/294/906 2156/294/863 2142/295/13
f 2070/311/909 2069/309/907 2149/309/32 2150/311/856
f 2104/121/912 2105/123/913 2121/123/914 2120/121/915
f 2013/116/916 2015/118/917 2102/118/917 2101/116/916
f 2023/125/918 2025/100/919 2107/100/919 2106/125/918
f 1999/130/920 2001/99/921 2095/99/921 2094/130/920
f 2009/18/922 2011/114/923 2100/114/923 2099/18/922
f 2019/121/924 2021/123/925 2105/123/925 2104/121/924
f 2005/109/865 2007/111/926 2098/111/926 2097/109/865
f 2015/118/917 2017/23/927 2103/23/927 2102/118/917
f 2025/100/919 2027/101/928 2108/101/928 2107/100/919
f 2001/99/921 2003/107/864 2096/107/864 2095/99/921
f 2011/114/923 2013/116/916 2101/116/916 2100/114/923
f 1997/127/929 1999/130/920 2094/130/920 2093/127/929
f 2021/123/925 2023/125/918 2106/125/918 2105/123/925
f 2007/111/926 2009/18/922 2099/18/922 2098/111/926
f 2017/23/927 2019/121/924 2104/121/924 2103/23/927
f 2027/101/928 1997/104/929 2093/104/929 2108/101/928
f 2121/123/914 2122/125/930 2138/125/931 2137/123/932
f 2097/109/933 2098/111/934 2114/111/935 2113/109/936
f 2105/123/913 2106/125/937 2122/125/930 2121/123/914
f 2098/111/934 2099/18/938 2115/18/939 2114/111/935
f 2106/125/937 2107/100/940 2123/100/941 2122/125/930
f 2099/18/938 2100/114/942 2116/114/943 2115/18/939
f 2107/100/940 2108/101/944 2124/101/945 2123/100/941
f 2100/114/942 2101/116/946 2117/116/947 2116/114/943
f 2093/127/948 2094/130/949 2110/130/950 2109/127/948
f 2108/101/944 2093/104/948 2109/104/948 2124/101/945
f 2101/116/951 2102/118/952 2118/118/953 2117/116/954
f 2094/130/949 2095/99/955 2111/99/956 2110/130/950
f 2102/118/952 2103/23/957 2119/23/958 2118/118/953
f 2095/99/955 2096/107/959 2112/107/960 2111/99/956
f 2103/23/957 2104/121/912 2120/121/915 2119/23/958
f 2096/107/959 2097/109/933 2113/109/936 2112/107/960
f 2125/520/201 2126/521/201 2127/523/201 2128/525/201 2129/527/201 2130/529/201 2131/531/201 2132/533/201 2133/535/201 2134/537/201 2135/538/201 2136/539/201 2137/541/201 2138/543/201 2139/545/201 2140/547/201
f 2114/111/935 2115/18/939 2131/18/961 2130/111/962
f 2122/125/930 2123/100/941 2139/100/963 2138/125/931
f 2115/18/939 2116/114/943 2132/114/964 2131/18/961
f 2123/100/941 2124/101/965 2140/101/966 2139/100/963
f 2116/114/943 2117/116/947 2133/116/967 2132/114/964
f 2109/127/968 2110/130/969 2126/130/970 2125/127/968
f 2124/101/965 2109/104/968 2125/104/968 2140/101/966
f 2117/116/954 2118/118/953 2134/118/971 2133/116/972
f 2110/130/969 2111/99/956 2127/99/973 2126/130/970
f 2118/118/953 2119/23/958 2135/23/974 2134/118/971
f 2111/99/956 2112/107/960 2128/107/975 2127/99/973
f 2119/23/958 2120/121/915 2136/121/976 2135/23/974
f 2112/107/960 2113/109/936 2129/109/977 2128/107/975
f 2120/121/915 2121/123/914 2137/123/932 2136/121/976
f 2113/109/936 2114/111/935 2130/111/962 2129/109/977
f 2077/994/52 2078/993/52 2141/330/52 2142/331/52
f 2078/993/52 2079/995/52 2143/333/52 2141/330/52
f 2079/995/52 2080/996/52 2144/335/52 2143/333/52
f 2080/996/52 2081/997/52 2145/337/52 2144/335/52
f 2081/997/52 2082/998/52 2146/338/52 2145/337/52
f 2082/998/52 2083/999/52 2147/339/52 2146/338/52
f 2083/999/52 2084/1000/52 2148/341/52 2147/339/52
f 2084/1000/52 2085/1001/52 2149/343/52 2148/341/52
f 2085/1001/52 2086/1002/52 2150/345/52 2149/343/52
f 2086/1002/52 2087/1003/52 2151/347/52 2150/345/52
f 2087/1003/52 2088/1004/52 2152/349/52 2151/347/52
f 2088/1004/52 2089/1005/52 2153/351/52 2152/349/52
f 2089/1005/52 2090/1006/52 2154/353/52 2153/351/52
f 2090/1006/52 2091/1007/52 2155/355/52 2154/353/52
f 2091/1007/52 2092/1008/52 2156/357/52 2155/355/52
f 2092/1008/52 2077/994/52 2142/331/52 2156/357/52
f 2157/993/52 2158/994/52 2172/1008/52 2171/1007/52 2170/1006/52 2169/1005/52 2168/1004/52 2167/1003/52 2166/1002/52 2165/1001/52 2164/1000/52 2163/999/52 2162/998/52 2161/997/52 2160/996/52 2159/995/52
f 2077/994/32 2092/1008/855 2172/1008/855 2158/994/32
f 2086/1002/850 2085/1001/13 2165/1001/13 2166/1002/850
f 2079/995/857 2078/993/856 2157/993/856 2159/995/857
f 2087/1003/851 2086/1002/850 2166/1002/850 2167/1003/851
f 2080/996/858 2079/995/857 2159/995/857 2160/996/858
f 2088/1004/852 2087/1003/851 2167/1003/851 2168/1004/852
f 2081/997/31 2080/996/858 2160/996/858 2161/997/31
f 2089/1005/33 2088/1004/852 2168/1004/852 2169/1005/33
f 2082/998/859 2081/997/31 2161/997/31 2162/998/859
f 2090/1006/853 2089/1005/33 2169/1005/33 2170/1006/853
f 2083/999/860 2082/998/859 2162/998/859 2163/999/860
f 2091/1007/854 2090/1006/853 2170/1006/853 2171/1007/854
f 2084/1000/863 2083/999/860 2163/999/860 2164/1000/863
f 2092/1008/855 2091/1007/854 2171/1007/854 2172/1008/855
f 2085/1001/13 2084/1000/863 2164/1000/863 2165/1001/13
f 2220/1009/978 2269/1009/979 2409/1009/980 2273/1009/981
f 2269/1009/979 2217/1009/982 2270/1009/983 2409/1009/980
f 2409/1009/980 2270/1009/983 2251/1009/984 2272/1009/985
f 2273/1009/981 2409/1009/980 2272/1009/985 2250/1009/986
f 2220/1009/978 2273/1009/981 2410/1009/987 2267/1009/988
f 2273/1009/981 2250/1009/986 2274/1009/989 2410/1009/987
f 2410/1009/987 2274/1009/989 2226/1009/990 2253/1009/991
f 2267/1009/988 2410/1009/987 2253/1009/991 2227/1009/992
f 2175/1009/993 2299/1009/994 2411/1009/995 2304/1009/996
f 2299/1009/994 2176/1009/997 2306/1009/998 2411/1009/995
f 2411/1009/995 2306/1009/998 2200/1009/999 2307/1009/1000
f 2304/1009/996 2411/1009/995 2307/1009/1000 2199/1009/1001
f 2174/1009/1002 2297/1009/1003 2412/1009/1004 2302/1009/1005
f 2297/1009/1003 2175/1009/1006 2304/1009/1007 2412/1009/1004
f 2412/1009/1004 2304/1009/1007 2199/1009/1008 2305/1009/1009
f 2302/1009/1005 2412/1009/1004 2305/1009/1009 2198/1009/1010
f 2173/1009/1011 2295/1009/1012 2413/1009/1013 2301/1009/1014
f 2295/1009/1012 2174/1009/1015 2302/1009/1016 2413/1009/1013
f 2413/1009/1013 2302/1009/1016 2198/1009/1017 2303/1009/1018
f 2301/1009/1014 2413/1009/1013 2303/1009/1018 2197/1009/1019
f 2196/1009/1020 2292/1009/1021 2414/1009/1022 2298/1009/1023
f 2292/1009/1021 2193/1009/1024 2293/1009/1025 2414/1009/1022
f 2414/1009/1022 2293/1009/1025 2173/1009/1026 2300/1009/1027
f 2298/1009/1023 2414/1009/1022 2300/1009/1027 2176/1009/1028
f 2195/1009/13 2291/1009/13 2415/1009/13 2296/1009/13
f 2291/1009/13 2196/1009/13 2298/1009/13 2415/1009/13
f 2415/1009/13 2298/1009/13 2176/1009/13 2299/1009/13
f 2296/1009/13 2415/1009/13 2299/1009/13 2175/1009/13
f 2194/1009/1029 2289/1009/1030 2416/1009/1031 2294/1009/1032
f 2289/1009/1030 2195/1009/1033 2296/1009/1034 2416/1009/1031
f 2416/1009/1031 2296/1009/1034 2175/1009/1006 2297/1009/1003
f 2294/1009/1032 2416/1009/1031 2297/1009/1003 2174/1009/1002
f 2193/1009/1035 2287/1009/1036 2417/1009/1037 2293/1009/1038
f 2287/1009/1036 2194/1009/1039 2294/1009/1040 2417/1009/1037
f 2417/1009/1037 2294/1009/1040 2174/1009/1041 2295/1009/1042
f 2293/1009/1038 2417/1009/1037 2295/1009/1042 2173/1009/1043
f 2188/1009/1044 2268/1009/1045 2418/1009/1046 2290/1009/1047
f 2268/1009/1045 2185/1009/1048 2285/1009/1049 2418/1009/1046
f 2418/1009/1046 2285/1009/1049 2193/1009/1024 2292/1009/1021
f 2290/1009/1047 2418/1009/1046 2292/1009/1021 2196/1009/1020
f 2187/1009/13 2264/1009/13 2419/1009/13 2288/1009/13
f 2264/1009/13 2188/1009/13 2290/1009/13 2419/1009/13
f 2419/1009/13 2290/1009/13 2196/1009/13 2291/1009/13
f 2288/1009/13 2419/1009/13 2291/1009/13 2195/1009/13
f 2186/1009/1050 2260/1009/1051 2420/1009/1052 2286/1009/1053
f 2260/1009/1051 2187/1009/1054 2288/1009/1055 2420/1009/1052
f 2420/1009/1052 2288/1009/1055 2195/1009/1033 2289/1009/1030
f 2286/1009/1053 2420/1009/1052 2289/1009/1030 2194/1009/1029
f 2185/1009/1056 2281/1009/1057 2421/1009/1058 2285/1009/1059
f 2281/1009/1057 2186/1009/1060 2286/1009/1061 2421/1009/1058
f 2421/1009/1058 2286/1009/1061 2194/1009/1039 2287/1009/1036
f 2285/1009/1059 2421/1009/1058 2287/1009/1036 2193/1009/1035
f 2189/1009/1062 2255/1009/1063 2422/1009/201 2279/1009/1064
f 2255/1009/1063 2190/1009/1065 2283/1009/1066 2422/1009/201
f 2422/1009/201 2283/1009/1066 2191/1009/1067 2284/1009/1068
f 2279/1009/1064 2422/1009/201 2284/1009/1068 2192/1009/1069
f 2225/1009/1070 2262/1009/1071 2423/1009/1072 2256/1009/1073
f 2262/1009/1071 2218/1009/1074 2263/1009/1075 2423/1009/1072
f 2423/1009/1072 2263/1009/1075 2219/1009/1076 2265/1009/1077
f 2256/1009/1073 2423/1009/1072 2265/1009/1077 2228/1009/1078
f 2252/1009/1079 2280/1009/1080 2424/1009/1081 2261/1009/1082
f 2280/1009/1080 2251/1009/1083 2270/1009/1084 2424/1009/1081
f 2424/1009/1081 2270/1009/1084 2217/1009/1085 2278/1009/1086
f 2261/1009/1082 2424/1009/1081 2278/1009/1086 2218/1009/1087
f 2226/1009/1088 2274/1009/1088 2425/1009/1089 2254/1009/1090
f 2274/1009/1091 2250/1009/1092 2276/1009/1093 2425/1009/1089
f 2425/1009/1089 2276/1009/1093 2249/1009/1094 2258/1009/1095
f 2254/1009/1090 2425/1009/1089 2258/1009/1095 2225/1009/1096
f 2219/1009/1097 2266/1009/1098 2426/1009/1099 2265/1009/1100
f 2266/1009/1098 2220/1009/1101 2267/1009/1102 2426/1009/1099
f 2426/1009/1099 2267/1009/1102 2227/1009/1103 2257/1009/1104
f 2265/1009/1100 2426/1009/1099 2257/1009/1104 2228/1009/1105
f 2188/1009/1106 2264/1009/47 2427/1009/1107 2268/1009/1108
f 2264/1009/47 2187/1009/1109 2260/1009/1110 2427/1009/1107
f 2427/1009/1107 2260/1009/1110 2186/1009/1111 2281/1009/1112
f 2268/1009/1108 2427/1009/1107 2281/1009/1112 2185/1009/1113
f 2180/1009/1114 2277/1009/1115 2428/1009/1116 2282/1009/1117
f 2277/1009/1115 2179/1009/1118 2275/1009/1119 2428/1009/1116
f 2428/1009/1116 2275/1009/1119 2178/1009/1120 2271/1009/1121
f 2282/1009/1117 2428/1009/1116 2271/1009/1121 2177/1009/1122
f 2225/1009/1070 2258/1009/1123 2429/1009/1124 2262/1009/1071
f 2258/1009/1123 2249/1009/1125 2259/1009/1126 2429/1009/1124
f 2429/1009/1124 2259/1009/1126 2252/1009/1127 2261/1009/1128
f 2262/1009/1071 2429/1009/1124 2261/1009/1128 2218/1009/1074
f 2176/1009/1028 2300/1009/1027 2430/1009/1129 2306/1009/1130
f 2300/1009/1027 2173/1009/1026 2301/1009/1131 2430/1009/1129
f 2430/1009/1129 2301/1009/1131 2197/1009/1132 2308/1009/1133
f 2306/1009/1130 2430/1009/1129 2308/1009/1133 2200/1009/1134
f 2197/1009/1019 2303/1009/1018 2431/1009/1135 2309/1009/1136
f 2303/1009/1018 2198/1009/1017 2310/1009/1137 2431/1009/1135
f 2431/1009/1135 2310/1009/1137 2202/1009/1138 2311/1009/1139
f 2309/1009/1136 2431/1009/1135 2311/1009/1139 2201/1009/1140
f 2198/1009/1010 2305/1009/1009 2432/1009/1141 2310/1009/1142
f 2305/1009/1009 2199/1009/1008 2312/1009/1143 2432/1009/1141
f 2432/1009/1141 2312/1009/1143 2203/1009/1144 2313/1009/1145
f 2310/1009/1142 2432/1009/1141 2313/1009/1145 2202/1009/1146
f 2199/1009/1001 2307/1009/1000 2433/1009/1147 2312/1009/1148
f 2307/1009/1000 2200/1009/999 2314/1009/1149 2433/1009/1147
f 2433/1009/1147 2314/1009/1149 2204/1009/1150 2315/1009/1151
f 2312/1009/1148 2433/1009/1147 2315/1009/1151 2203/1009/1152
f 2200/1009/1134 2308/1009/1133 2434/1009/1153 2314/1009/1154
f 2308/1009/1133 2197/1009/1132 2309/1009/1155 2434/1009/1153
f 2434/1009/1153 2309/1009/1155 2201/1009/1156 2316/1009/1157
f 2314/1009/1154 2434/1009/1153 2316/1009/1157 2204/1009/1158
f 2201/1009/1140 2311/1009/1139 2435/1009/201 2317/1009/1159
f 2311/1009/1139 2202/1009/1138 2318/1009/1160 2435/1009/201
f 2435/1009/201 2318/1009/1160 2206/1009/1161 2319/1009/1162
f 2317/1009/1159 2435/1009/201 2319/1009/1162 2205/1009/1163
f 2202/1009/1146 2313/1009/1145 2436/1009/1164 2318/1009/1165
f 2313/1009/1145 2203/1009/1144 2320/1009/1166 2436/1009/1164
f 2436/1009/1164 2320/1009/1166 2207/1009/1167 2321/1009/1168
f 2318/1009/1165 2436/1009/1164 2321/1009/1168 2206/1009/1169
f 2203/1009/1152 2315/1009/1151 2437/1009/52 2320/1009/1170
f 2315/1009/1151 2204/1009/1150 2322/1009/1171 2437/1009/52
f 2437/1009/52 2322/1009/1171 2208/1009/1172 2323/1009/1173
f 2320/1009/1170 2437/1009/52 2323/1009/1173 2207/1009/1174
f 2204/1009/1158 2316/1009/1157 2438/1009/1175 2322/1009/1176
f 2316/1009/1157 2201/1009/1156 2317/1009/1177 2438/1009/1175
f 2438/1009/1175 2317/1009/1177 2205/1009/1178 2324/1009/1179
f 2322/1009/1176 2438/1009/1175 2324/1009/1179 2208/1009/1180
f 2205/1009/1163 2319/1009/1162 2439/1009/1181 2325/1009/1182
f 2319/1009/1162 2206/1009/1161 2326/1009/1183 2439/1009/1181
f 2439/1009/1181 2326/1009/1183 2210/1009/1184 2327/1009/1185
f 2325/1009/1182 2439/1009/1181 2327/1009/1185 2209/1009/1186
f 2206/1009/1169 2321/1009/1168 2440/1009/1187 2326/1009/1188
f 2321/1009/1168 2207/1009/1167 2328/1009/1189 2440/1009/1187
f 2440/1009/1187 2328/1009/1189 2211/1009/1190 2329/1009/1191
f 2326/1009/1188 2440/1009/1187 2329/1009/1191 2210/1009/1192
f 2207/1009/1174 2323/1009/1173 2441/1009/1193 2328/1009/1194
f 2323/1009/1173 2208/1009/1172 2330/1009/1195 2441/1009/1193
f 2441/1009/1193 2330/1009/1195 2212/1009/1196 2331/1009/1197
f 2328/1009/1194 2441/1009/1193 2331/1009/1197 2211/1009/1198
f 2208/1009/1180 2324/1009/1179 2442/1009/1199 2330/1009/1200
f 2324/1009/1179 2205/1009/1178 2325/1009/1201 2442/1009/1199
f 2442/1009/1199 2325/1009/1201 2209/1009/1202 2332/1009/1203
f 2330/1009/1200 2442/1009/1199 2332/1009/1203 2212/1009/1204
f 2209/1009/1186 2327/1009/1185 2443/1009/1205 2333/1009/1206
f 2327/1009/1185 2210/1009/1184 2334/1009/1207 2443/1009/1205
f 2443/1009/1205 2334/1009/1207 2214/1009/1208 2335/1009/1209
f 2333/1009/1206 2443/1009/1205 2335/1009/1209 2213/1009/1210
f 2210/1009/1192 2329/1009/1191 2444/1009/1211 2334/1009/1212
f 2329/1009/1191 2211/1009/1190 2336/1009/1213 2444/1009/1211
f 2444/1009/1211 2336/1009/1213 2215/1009/1214 2337/1009/1215
f 2334/1009/1212 2444/1009/1211 2337/1009/1215 2214/1009/1216
f 2211/1009/1198 2331/1009/1197 2445/1009/1217 2336/1009/1218
f 2331/1009/1197 2212/1009/1196 2338/1009/1219 2445/1009/1217
f 2445/1009/1217 2338/1009/1219 2216/1009/1220 2339/1009/1221
f 2336/1009/1218 2445/1009/1217 2339/1009/1221 2215/1009/1222
f 2212/1009/1204 2332/1009/1203 2446/1009/1223 2338/1009/1224
f 2332/1009/1203 2209/1009/1202 2333/1009/1225 2446/1009/1223
f 2446/1009/1223 2333/1009/1225 2213/1009/1226 2340/1009/1227
f 2338/1009/1224 2446/1009/1223 2340/1009/1227 2216/1009/1228
f 2213/1009/1210 2335/1009/1209 2447/1009/1229 2341/1009/1230
f 2335/1009/1209 2214/1009/1208 2342/1009/1231 2447/1009/1229
f 2447/1009/1229 2342/1009/1231 2218/1009/1232 2278/1009/1233
f 2341/1009/1230 2447/1009/1229 2278/1009/1233 2217/1009/1234
f 2214/1009/1216 2337/1009/1215 2448/1009/1235 2342/1009/1236
f 2337/1009/1215 2215/1009/1214 2343/1009/1237 2448/1009/1235
f 2448/1009/1235 2343/1009/1237 2219/1009/1076 2263/1009/1075
f 2342/1009/1236 2448/1009/1235 2263/1009/1075 2218/1009/1074
f 2215/1009/1222 2339/1009/1221 2449/1009/1238 2343/1009/1239
f 2339/1009/1221 2216/1009/1220 2344/1009/1240 2449/1009/1238
f 2449/1009/1238 2344/1009/1240 2220/1009/1101 2266/1009/1098
f 2343/1009/1239 2449/1009/1238 2266/1009/1098 2219/1009/1097
f 2216/1009/1228 2340/1009/1227 2450/1009/1241 2344/1009/1242
f 2340/1009/1227 2213/1009/1226 2341/1009/1243 2450/1009/1241
f 2450/1009/1241 2341/1009/1243 2217/1009/982 2269/1009/979
f 2344/1009/1242 2450/1009/1241 2269/1009/979 2220/1009/978
f 2221/1009/1244 2346/1009/1245 2451/1009/1246 2345/1009/1247
f 2346/1009/1245 2222/1009/1248 2347/1009/1249 2451/1009/1246
f 2451/1009/1246 2347/1009/1249 2182/1009/1250 2348/1009/1251
f 2345/1009/1247 2451/1009/1246 2348/1009/1251 2181/1009/1252
f 2222/1009/1253 2349/1009/1254 2452/1009/1255 2347/1009/1256
f 2349/1009/1254 2223/1009/1257 2350/1009/1258 2452/1009/1255
f 2452/1009/1255 2350/1009/1258 2183/1009/1259 2351/1009/1260
f 2347/1009/1256 2452/1009/1255 2351/1009/1260 2182/1009/1261
f 2223/1009/32 2352/1009/32 2453/1009/32 2350/1009/32
f 2352/1009/32 2224/1009/32 2353/1009/32 2453/1009/32
f 2453/1009/32 2353/1009/32 2184/1009/32 2354/1009/32
f 2350/1009/32 2453/1009/32 2354/1009/32 2183/1009/32
f 2224/1009/1262 2355/1009/1263 2454/1009/1264 2353/1009/1265
f 2355/1009/1263 2221/1009/1266 2345/1009/1267 2454/1009/1264
f 2454/1009/1264 2345/1009/1267 2181/1009/1268 2356/1009/1269
f 2353/1009/1265 2454/1009/1264 2356/1009/1269 2184/1009/1270
f 2177/1009/1271 2271/1009/1272 2455/1009/1273 2357/1009/1274
f 2271/1009/1272 2178/1009/1275 2358/1009/1276 2455/1009/1273
f 2455/1009/1273 2358/1009/1276 2222/1009/1248 2346/1009/1245
f 2357/1009/1274 2455/1009/1273 2346/1009/1245 2221/1009/1244
f 2178/1009/1277 2275/1009/1278 2456/1009/1279 2358/1009/1280
f 2275/1009/1278 2179/1009/1281 2359/1009/1282 2456/1009/1279
f 2456/1009/1279 2359/1009/1282 2223/1009/1257 2349/1009/1254
f 2358/1009/1280 2456/1009/1279 2349/1009/1254 2222/1009/1253
f 2179/1009/32 2277/1009/32 2457/1009/32 2359/1009/32
f 2277/1009/32 2180/1009/32 2360/1009/32 2457/1009/32
f 2457/1009/32 2360/1009/32 2224/1009/32 2352/1009/32
f 2359/1009/32 2457/1009/32 2352/1009/32 2223/1009/32
f 2180/1009/1283 2282/1009/1284 2458/1009/1285 2360/1009/1286
f 2282/1009/1284 2177/1009/1287 2357/1009/1288 2458/1009/1285
f 2458/1009/1285 2357/1009/1288 2221/1009/1266 2355/1009/1263
f 2360/1009/1286 2458/1009/1285 2355/1009/1263 2224/1009/1262
f 2229/1009/1289 2362/1009/1290 2459/1009/1291 2361/1009/1292
f 2362/1009/1290 2230/1009/1293 2363/1009/1294 2459/1009/1291
f 2459/1009/1291 2363/1009/1294 2226/1009/1295 2254/1009/1296
f 2361/1009/1292 2459/1009/1291 2254/1009/1296 2225/1009/1297
f 2230/1009/1298 2364/1009/1299 2460/1009/1300 2363/1009/1301
f 2364/1009/1299 2231/1009/1302 2365/1009/1303 2460/1009/1300
f 2460/1009/1300 2365/1009/1303 2227/1009/992 2253/1009/991
f 2363/1009/1301 2460/1009/1300 2253/1009/991 2226/1009/990
f 2231/1009/1304 2366/1009/1305 2461/1009/1306 2365/1009/1307
f 2366/1009/1305 2232/1009/1308 2367/1009/1309 2461/1009/1306
f 2461/1009/1306 2367/1009/1309 2228/1009/1105 2257/1009/1104
f 2365/1009/1307 2461/1009/1306 2257/1009/1104 2227/1009/1103
f 2232/1009/1310 2368/1009/1311 2462/1009/1312 2367/1009/1313
f 2368/1009/1311 2229/1009/1314 2361/1009/1315 2462/1009/1312
f 2462/1009/1312 2361/1009/1315 2225/1009/1070 2256/1009/1073
f 2367/1009/1313 2462/1009/1312 2256/1009/1073 2228/1009/1078
f 2233/1009/1316 2370/1009/1317 2463/1009/1318 2369/1009/1319
f 2370/1009/1317 2234/1009/1320 2371/1009/1321 2463/1009/1318
f 2463/1009/1318 2371/1009/1321 2230/1009/1293 2362/1009/1290
f 2369/1009/1319 2463/1009/1318 2362/1009/1290 2229/1009/1289
f 2234/1009/1322 2372/1009/1323 2464/1009/1324 2371/1009/1325
f 2372/1009/1323 2235/1009/1326 2373/1009/1327 2464/1009/1324
f 2464/1009/1324 2373/1009/1327 2231/1009/1302 2364/1009/1299
f 2371/1009/1325 2464/1009/1324 2364/1009/1299 2230/1009/1298
f 2235/1009/1328 2374/1009/1329 2465/1009/1217 2373/1009/1330
f 2374/1009/1329 2236/1009/1331 2375/1009/1332 2465/1009/1217
f 2465/1009/1217 2375/1009/1332 2232/1009/1308 2366/1009/1305
f 2373/1009/1330 2465/1009/1217 2366/1009/1305 2231/1009/1304
f 2236/1009/1333 2376/1009/1334 2466/1009/1335 2375/1009/1336
f 2376/1009/1334 2233/1009/1337 2369/1009/1338 2466/1009/1335
f 2466/1009/1335 2369/1009/1338 2229/1009/1314 2368/1009/1311
f 2375/1009/1336 2466/1009/1335 2368/1009/1311 2232/1009/1310
f 2237/1009/1339 2378/1009/1340 2467/1009/1341 2377/1009/1342
f 2378/1009/1340 2238/1009/1343 2379/1009/1344 2467/1009/1341
f 2467/1009/1341 2379/1009/1344 2234/1009/1320 2370/1009/1317
f 2377/1009/1342 2467/1009/1341 2370/1009/1317 2233/1009/1316
f 2238/1009/1345 2380/1009/1346 2468/1009/1347 2379/1009/1348
f 2380/1009/1346 2239/1009/1349 2381/1009/1350 2468/1009/1347
f 2468/1009/1347 2381/1009/1350 2235/1009/1326 2372/1009/1323
f 2379/1009/1348 2468/1009/1347 2372/1009/1323 2234/1009/1322
f 2239/1009/1351 2382/1009/1352 2469/1009/1353 2381/1009/1354
f 2382/1009/1352 2240/1009/1355 2383/1009/1356 2469/1009/1353
f 2469/1009/1353 2383/1009/1356 2236/1009/1331 2374/1009/1329
f 2381/1009/1354 2469/1009/1353 2374/1009/1329 2235/1009/1328
f 2240/1009/1357 2384/1009/1358 2470/1009/1359 2383/1009/1360
f 2384/1009/1358 2237/1009/1361 2377/1009/1362 2470/1009/1359
f 2470/1009/1359 2377/1009/1362 2233/1009/1337 2376/1009/1334
f 2383/1009/1360 2470/1009/1359 2376/1009/1334 2236/1009/1333
f 2241/1009/1363 2386/1009/1364 2471/1009/201 2385/1009/1365
f 2386/1009/1364 2242/1009/1344 2387/1009/1366 2471/1009/201
f 2471/1009/201 2387/1009/1366 2238/1009/1343 2378/1009/1340
f 2385/1009/1365 2471/1009/201 2378/1009/1340 2237/1009/1339
f 2242/1009/1367 2388/1009/1368 2472/1009/1369 2387/1009/1370
f 2388/1009/1368 2243/1009/1371 2389/1009/1372 2472/1009/1369
f 2472/1009/1369 2389/1009/1372 2239/1009/1349 2380/1009/1346
f 2387/1009/1370 2472/1009/1369 2380/1009/1346 2238/1009/1345
f 2243/1009/1354 2390/1009/1373 2473/1009/52 2389/1009/1374
f 2390/1009/1373 2244/1009/1375 2391/1009/1376 2473/1009/52
f 2473/1009/52 2391/1009/1376 2240/1009/1355 2382/1009/1352
f 2389/1009/1374 2473/1009/52 2382/1009/1352 2239/1009/1351
f 2244/1009/1377 2392/1009/1378 2474/1009/1379 2391/1009/1380
f 2392/1009/1378 2241/1009/1381 2385/1009/1382 2474/1009/1379
f 2474/1009/1379 2385/1009/1382 2237/1009/1361 2384/1009/1358
f 2391/1009/1380 2474/1009/1379 2384/1009/1358 2240/1009/1357
f 2245/1009/1383 2394/1009/1384 2475/1009/1385 2393/1009/1386
f 2394/1009/1384 2246/1009/1387 2395/1009/1388 2475/1009/1385
f 2475/1009/1385 2395/1009/1388 2242/1009/1344 2386/1009/1364
f 2393/1009/1386 2475/1009/1385 2386/1009/1364 2241/1009/1363
f 2246/1009/1389 2396/1009/1390 2476/1009/1391 2395/1009/1392
f 2396/1009/1390 2247/1009/1393 2397/1009/1394 2476/1009/1391
f 2476/1009/1391 2397/1009/1394 2243/1009/1371 2388/1009/1368
f 2395/1009/1392 2476/1009/1391 2388/1009/1368 2242/1009/1367
f 2247/1009/1395 2398/1009/1396 2477/1009/1397 2397/1009/1398
f 2398/1009/1396 2248/1009/1399 2399/1009/1400 2477/1009/1397
f 2477/1009/1397 2399/1009/1400 2244/1009/1375 2390/1009/1373
f 2397/1009/1398 2477/1009/1397 2390/1009/1373 2243/1009/1354
f 2248/1009/1401 2400/1009/1402 2478/1009/1403 2399/1009/1404
f 2400/1009/1402 2245/1009/1405 2393/1009/1406 2478/1009/1403
f 2478/1009/1403 2393/1009/1406 2241/1009/1381 2392/1009/1378
f 2399/1009/1404 2478/1009/1403 2392/1009/1378 2244/1009/1377
f 2181/1009/1407 2348/1009/1408 2479/1009/1409 2401/1009/1410
f 2348/1009/1408 2182/1009/1411 2402/1009/1412 2479/1009/1409
f 2479/1009/1409 2402/1009/1412 2246/1009/1387 2394/1009/1384
f 2401/1009/1410 2479/1009/1409 2394/1009/1384 2245/1009/1383
f 2182/1009/1261 2351/1009/1260 2480/1009/1413 2402/1009/1414
f 2351/1009/1260 2183/1009/1259 2403/1009/1415 2480/1009/1413
f 2480/1009/1413 2403/1009/1415 2247/1009/1393 2396/1009/1390
f 2402/1009/1414 2480/1009/1413 2396/1009/1390 2246/1009/1389
f 2183/1009/1416 2354/1009/1417 2481/1009/1418 2403/1009/1419
f 2354/1009/1417 2184/1009/1420 2404/1009/1421 2481/1009/1418
f 2481/1009/1418 2404/1009/1421 2248/1009/1399 2398/1009/1396
f 2403/1009/1419 2481/1009/1418 2398/1009/1396 2247/1009/1395
f 2184/1009/1270 2356/1009/1269 2482/1009/1422 2404/1009/1423
f 2356/1009/1269 2181/1009/1268 2401/1009/1424 2482/1009/1422
f 2482/1009/1422 2401/1009/1424 2245/1009/1405 2400/1009/1402
f 2404/1009/1423 2482/1009/1422 2400/1009/1402 2248/1009/1401
f 2249/1009/1094 2276/1009/1093 2483/1009/1425 2405/1009/1426
f 2276/1009/1093 2250/1009/1092 2406/1009/1427 2483/1009/1425
f 2483/1009/1425 2406/1009/1427 2190/1009/1428 2255/1009/1429
f 2405/1009/1426 2483/1009/1425 2255/1009/1429 2189/1009/1430
f 2250/1009/986 2272/1009/985 2484/1009/1431 2406/1009/1432
f 2272/1009/985 2251/1009/984 2407/1009/1433 2484/1009/1431
f 2484/1009/1431 2407/1009/1433 2191/1009/1434 2283/1009/1435
f 2406/1009/1432 2484/1009/1431 2283/1009/1435 2190/1009/1436
f 2251/1009/1083 2280/1009/1080 2485/1009/1437 2407/1009/1438
f 2280/1009/1080 2252/1009/1079 2408/1009/1439 2485/1009/1437
f 2485/1009/1437 2408/1009/1439 2192/1009/1440 2284/1009/1441
f 2407/1009/1438 2485/1009/1437 2284/1009/1441 2191/1009/1442
f 2252/1009/1127 2259/1009/1126 2486/1009/1443 2408/1009/1444
f 2259/1009/1126 2249/1009/1125 2405/1009/1445 2486/1009/1443
f 2486/1009/1443 2405/1009/1445 2189/1009/1446 2279/1009/1447
f 2408/1009/1444 2486/1009/1443 2279/1009/1447 2192/1009/1448
f 2534/1009/1449 2587/1009/1450 2723/1009/1451 2583/1009/1452
f 2583/1009/1452 2723/1009/1451 2584/1009/1453 2531/1009/1454
f 2723/1009/1451 2586/1009/1455 2565/1009/1456 2584/1009/1453
f 2587/1009/1450 2564/1009/1457 2586/1009/1455 2723/1009/1451
f 2534/1009/1449 2581/1009/1458 2724/1009/1459 2587/1009/1450
f 2587/1009/1450 2724/1009/1459 2588/1009/1460 2564/1009/1457
f 2724/1009/1459 2567/1009/1461 2540/1009/1462 2588/1009/1460
f 2581/1009/1458 2541/1009/1463 2567/1009/1461 2724/1009/1459
f 2489/1009/1464 2618/1009/1465 2725/1009/1466 2613/1009/1467
f 2613/1009/1467 2725/1009/1466 2620/1009/1468 2490/1009/1469
f 2725/1009/1466 2621/1009/1470 2514/1009/1471 2620/1009/1468
f 2618/1009/1465 2513/1009/1472 2621/1009/1470 2725/1009/1466
f 2488/1009/1473 2616/1009/1474 2726/1009/1475 2611/1009/1476
f 2611/1009/1476 2726/1009/1475 2618/1009/1477 2489/1009/1478
f 2726/1009/1475 2619/1009/1479 2513/1009/1480 2618/1009/1477
f 2616/1009/1474 2512/1009/1481 2619/1009/1479 2726/1009/1475
f 2487/1009/1482 2615/1009/1483 2727/1009/1484 2609/1009/1485
f 2609/1009/1485 2727/1009/1484 2616/1009/1486 2488/1009/1487
f 2727/1009/1484 2617/1009/1488 2512/1009/1489 2616/1009/1486
f 2615/1009/1483 2511/1009/1490 2617/1009/1488 2727/1009/1484
f 2510/1009/1491 2612/1009/1492 2728/1009/1493 2606/1009/1494
f 2606/1009/1494 2728/1009/1493 2607/1009/1495 2507/1009/1496
f 2728/1009/1493 2614/1009/1497 2487/1009/1498 2607/1009/1495
f 2612/1009/1492 2490/1009/1499 2614/1009/1497 2728/1009/1493
f 2509/1009/13 2610/1009/13 2729/1009/13 2605/1009/13
f 2605/1009/13 2729/1009/13 2612/1009/13 2510/1009/13
f 2729/1009/13 2613/1009/13 2490/1009/13 2612/1009/13
f 2610/1009/13 2489/1009/13 2613/1009/13 2729/1009/13
f 2508/1009/1500 2608/1009/1501 2730/1009/1502 2603/1009/1503
f 2603/1009/1503 2730/1009/1502 2610/1009/1504 2509/1009/1505
f 2730/1009/1502 2611/1009/1476 2489/1009/1478 2610/1009/1504
f 2608/1009/1501 2488/1009/1473 2611/1009/1476 2730/1009/1502
f 2507/1009/1506 2607/1009/1507 2731/1009/1508 2601/1009/1509
f 2601/1009/1509 2731/1009/1508 2608/1009/1510 2508/1009/1511
f 2731/1009/1508 2609/1009/1512 2488/1009/1513 2608/1009/1510
f 2607/1009/1507 2487/1009/1514 2609/1009/1512 2731/1009/1508
f 2502/1009/1515 2604/1009/1516 2732/1009/1517 2582/1009/1518
f 2582/1009/1518 2732/1009/1517 2599/1009/1519 2499/1009/1520
f 2732/1009/1517 2606/1009/1494 2507/1009/1496 2599/1009/1519
f 2604/1009/1516 2510/1009/1491 2606/1009/1494 2732/1009/1517
f 2501/1009/13 2602/1009/13 2733/1009/13 2578/1009/13
f 2578/1009/13 2733/1009/13 2604/1009/13 2502/1009/13
f 2733/1009/13 2605/1009/13 2510/1009/13 2604/1009/13
f 2602/1009/13 2509/1009/13 2605/1009/13 2733/1009/13
f 2500/1009/1521 2600/1009/1522 2734/1009/1523 2574/1009/1524
f 2574/1009/1524 2734/1009/1523 2602/1009/1525 2501/1009/1526
f 2734/1009/1523 2603/1009/1503 2509/1009/1505 2602/1009/1525
f 2600/1009/1522 2508/1009/1500 2603/1009/1503 2734/1009/1523
f 2499/1009/1527 2599/1009/1528 2735/1009/1058 2595/1009/1529
f 2595/1009/1529 2735/1009/1058 2600/1009/1530 2500/1009/1531
f 2735/1009/1058 2601/1009/1509 2508/1009/1511 2600/1009/1530
f 2599/1009/1528 2507/1009/1506 2601/1009/1509 2735/1009/1058
f 2503/1009/1065 2593/1009/1066 2736/1009/201 2569/1009/1063
f 2569/1009/1063 2736/1009/201 2597/1009/1064 2504/1009/1062
f 2736/1009/201 2598/1009/1068 2505/1009/1069 2597/1009/1064
f 2593/1009/1066 2506/1009/1067 2598/1009/1068 2736/1009/201
f 2539/1009/1532 2570/1009/1533 2737/1009/1534 2576/1009/1535
f 2576/1009/1535 2737/1009/1534 2577/1009/1536 2532/1009/1537
f 2737/1009/1534 2579/1009/1538 2533/1009/1539 2577/1009/1536
f 2570/1009/1533 2542/1009/1540 2579/1009/1538 2737/1009/1534
f 2566/1009/1541 2575/1009/1542 2738/1009/1543 2594/1009/1544
f 2594/1009/1544 2738/1009/1543 2584/1009/1545 2565/1009/1546
f 2738/1009/1543 2592/1009/1547 2531/1009/1548 2584/1009/1545
f 2575/1009/1542 2532/1009/1549 2592/1009/1547 2738/1009/1543
f 2540/1009/1550 2568/1009/1551 2739/1009/1552 2588/1009/1550
f 2588/1009/1553 2739/1009/1552 2590/1009/1554 2564/1009/1555
f 2739/1009/1552 2572/1009/1556 2563/1009/1557 2590/1009/1554
f 2568/1009/1551 2539/1009/1558 2572/1009/1556 2739/1009/1552
f 2533/1009/1559 2579/1009/1560 2740/1009/1561 2580/1009/1562
f 2580/1009/1562 2740/1009/1561 2581/1009/1563 2534/1009/1564
f 2740/1009/1561 2571/1009/1565 2541/1009/1566 2581/1009/1563
f 2579/1009/1560 2542/1009/1567 2571/1009/1565 2740/1009/1561
f 2502/1009/1109 2582/1009/1110 2741/1009/1107 2578/1009/47
f 2578/1009/47 2741/1009/1107 2574/1009/1108 2501/1009/1106
f 2741/1009/1107 2595/1009/1112 2500/1009/1568 2574/1009/1108
f 2582/1009/1110 2499/1009/1569 2595/1009/1112 2741/1009/1107
f 2494/1009/1118 2596/1009/1119 2742/1009/1116 2591/1009/1115
f 2591/1009/1115 2742/1009/1116 2589/1009/1117 2493/1009/1114
f 2742/1009/1116 2585/1009/1121 2492/1009/1122 2589/1009/1117
f 2596/1009/1119 2491/1009/1120 2585/1009/1121 2742/1009/1116
f 2539/1009/1532 2576/1009/1535 2743/1009/1570 2572/1009/1571
f 2572/1009/1571 2743/1009/1570 2573/1009/1572 2563/1009/1573
f 2743/1009/1570 2575/1009/1574 2566/1009/1575 2573/1009/1572
f 2576/1009/1535 2532/1009/1537 2575/1009/1574 2743/1009/1570
f 2490/1009/1499 2620/1009/1576 2744/1009/1577 2614/1009/1497
f 2614/1009/1497 2744/1009/1577 2615/1009/1578 2487/1009/1498
f 2744/1009/1577 2622/1009/1579 2511/1009/1580 2615/1009/1578
f 2620/1009/1576 2514/1009/1581 2622/1009/1579 2744/1009/1577
f 2511/1009/1490 2623/1009/1582 2745/1009/1583 2617/1009/1488
f 2617/1009/1488 2745/1009/1583 2624/1009/1584 2512/1009/1489
f 2745/1009/1583 2625/1009/1585 2516/1009/1586 2624/1009/1584
f 2623/1009/1582 2515/1009/1365 2625/1009/1585 2745/1009/1583
f 2512/1009/1481 2624/1009/1587 2746/1009/1588 2619/1009/1479
f 2619/1009/1479 2746/1009/1588 2626/1009/1589 2513/1009/1480
f 2746/1009/1588 2627/1009/1590 2517/1009/1591 2626/1009/1589
f 2624/1009/1587 2516/1009/1592 2627/1009/1590 2746/1009/1588
f 2513/1009/1472 2626/1009/1593 2747/1009/1594 2621/1009/1470
f 2621/1009/1470 2747/1009/1594 2628/1009/1595 2514/1009/1471
f 2747/1009/1594 2629/1009/1596 2518/1009/1376 2628/1009/1595
f 2626/1009/1593 2517/1009/1597 2629/1009/1596 2747/1009/1594
f 2514/1009/1581 2628/1009/1598 2748/1009/1599 2622/1009/1579
f 2622/1009/1579 2748/1009/1599 2623/1009/1600 2511/1009/1580
f 2748/1009/1599 2630/1009/1601 2515/1009/1602 2623/1009/1600
f 2628/1009/1598 2518/1009/1603 2630/1009/1601 2748/1009/1599
f 2515/1009/1365 2631/1009/1604 2749/1009/201 2625/1009/1585
f 2625/1009/1585 2749/1009/201 2632/1009/1605 2516/1009/1586
f 2749/1009/201 2633/1009/1606 2520/1009/1607 2632/1009/1605
f 2631/1009/1604 2519/1009/1608 2633/1009/1606 2749/1009/201
f 2516/1009/1592 2632/1009/1609 2750/1009/1610 2627/1009/1590
f 2627/1009/1590 2750/1009/1610 2634/1009/1611 2517/1009/1591
f 2750/1009/1610 2635/1009/1612 2521/1009/1613 2634/1009/1611
f 2632/1009/1609 2520/1009/1614 2635/1009/1612 2750/1009/1610
f 2517/1009/1597 2634/1009/1615 2751/1009/52 2629/1009/1596
f 2629/1009/1596 2751/1009/52 2636/1009/1616 2518/1009/1376
f 2751/1009/52 2637/1009/1617 2522/1009/1618 2636/1009/1616
f 2634/1009/1615 2521/1009/1619 2637/1009/1617 2751/1009/52
f 2518/1009/1603 2636/1009/1620 2752/1009/1621 2630/1009/1601
f 2630/1009/1601 2752/1009/1621 2631/1009/1622 2515/1009/1602
f 2752/1009/1621 2638/1009/1623 2519/1009/1624 2631/1009/1622
f 2636/1009/1620 2522/1009/1625 2638/1009/1623 2752/1009/1621
f 2519/1009/1608 2639/1009/1626 2753/1009/1627 2633/1009/1606
f 2633/1009/1606 2753/1009/1627 2640/1009/1366 2520/1009/1607
f 2753/1009/1627 2641/1009/1628 2524/1009/1629 2640/1009/1366
f 2639/1009/1626 2523/1009/1630 2641/1009/1628 2753/1009/1627
f 2520/1009/1614 2640/1009/1631 2754/1009/1632 2635/1009/1612
f 2635/1009/1612 2754/1009/1632 2642/1009/1633 2521/1009/1613
f 2754/1009/1632 2643/1009/1634 2525/1009/1635 2642/1009/1633
f 2640/1009/1631 2524/1009/1636 2643/1009/1634 2754/1009/1632
f 2521/1009/1619 2642/1009/1374 2755/1009/1637 2637/1009/1617
f 2637/1009/1617 2755/1009/1637 2644/1009/1638 2522/1009/1618
f 2755/1009/1637 2645/1009/1639 2526/1009/1640 2644/1009/1638
f 2642/1009/1374 2525/1009/1641 2645/1009/1639 2755/1009/1637
f 2522/1009/1625 2644/1009/1642 2756/1009/1643 2638/1009/1623
f 2638/1009/1623 2756/1009/1643 2639/1009/1644 2519/1009/1624
f 2756/1009/1643 2646/1009/1645 2523/1009/1646 2639/1009/1644
f 2644/1009/1642 2526/1009/1647 2646/1009/1645 2756/1009/1643
f 2523/1009/1630 2647/1009/1648 2757/1009/1649 2641/1009/1628
f 2641/1009/1628 2757/1009/1649 2648/1009/1650 2524/1009/1629
f 2757/1009/1649 2649/1009/1651 2528/1009/1652 2648/1009/1650
f 2647/1009/1648 2527/1009/1653 2649/1009/1651 2757/1009/1649
f 2524/1009/1636 2648/1009/1654 2758/1009/1655 2643/1009/1634
f 2643/1009/1634 2758/1009/1655 2650/1009/1656 2525/1009/1635
f 2758/1009/1655 2651/1009/1657 2529/1009/1658 2650/1009/1656
f 2648/1009/1654 2528/1009/1659 2651/1009/1657 2758/1009/1655
f 2525/1009/1641 2650/1009/1660 2759/1009/1661 2645/1009/1639
f 2645/1009/1639 2759/1009/1661 2652/1009/1662 2526/1009/1640
f 2759/1009/1661 2653/1009/1663 2530/1009/1664 2652/1009/1662
f 2650/1009/1660 2529/1009/1665 2653/1009/1663 2759/1009/1661
f 2526/1009/1647 2652/1009/1666 2760/1009/1667 2646/1009/1645
f 2646/1009/1645 2760/1009/1667 2647/1009/1668 2523/1009/1646
f 2760/1009/1667 2654/1009/1669 2527/1009/1670 2647/1009/1668
f 2652/1009/1666 2530/1009/1671 2654/1009/1669 2760/1009/1667
f 2527/1009/1653 2655/1009/1672 2761/1009/1673 2649/1009/1651
f 2649/1009/1651 2761/1009/1673 2656/1009/1674 2528/1009/1652
f 2761/1009/1673 2592/1009/1675 2532/1009/1676 2656/1009/1674
f 2655/1009/1672 2531/1009/1677 2592/1009/1675 2761/1009/1673
f 2528/1009/1659 2656/1009/1678 2762/1009/1679 2651/1009/1657
f 2651/1009/1657 2762/1009/1679 2657/1009/1680 2529/1009/1658
f 2762/1009/1679 2577/1009/1536 2533/1009/1539 2657/1009/1680
f 2656/1009/1678 2532/1009/1537 2577/1009/1536 2762/1009/1679
f 2529/1009/1665 2657/1009/1681 2763/1009/1682 2653/1009/1663
f 2653/1009/1663 2763/1009/1682 2658/1009/1683 2530/1009/1664
f 2763/1009/1682 2580/1009/1562 2534/1009/1564 2658/1009/1683
f 2657/1009/1681 2533/1009/1559 2580/1009/1562 2763/1009/1682
f 2530/1009/1671 2658/1009/1684 2764/1009/1685 2654/1009/1669
f 2654/1009/1669 2764/1009/1685 2655/1009/1686 2527/1009/1670
f 2764/1009/1685 2583/1009/1452 2531/1009/1454 2655/1009/1686
f 2658/1009/1684 2534/1009/1449 2583/1009/1452 2764/1009/1685
f 2535/1009/1687 2659/1009/1688 2765/1009/1689 2660/1009/1690
f 2660/1009/1690 2765/1009/1689 2661/1009/1691 2536/1009/1692
f 2765/1009/1689 2662/1009/1693 2496/1009/1694 2661/1009/1691
f 2659/1009/1688 2495/1009/1695 2662/1009/1693 2765/1009/1689
f 2536/1009/1696 2661/1009/1697 2766/1009/1698 2663/1009/1699
f 2663/1009/1699 2766/1009/1698 2664/1009/1700 2537/1009/1701
f 2766/1009/1698 2665/1009/1702 2497/1009/1703 2664/1009/1700
f 2661/1009/1697 2496/1009/1704 2665/1009/1702 2766/1009/1698
f 2537/1009/32 2664/1009/32 2767/1009/32 2666/1009/32
f 2666/1009/32 2767/1009/32 2667/1009/32 2538/1009/32
f 2767/1009/32 2668/1009/32 2498/1009/32 2667/1009/32
f 2664/1009/32 2497/1009/32 2668/1009/32 2767/1009/32
f 2538/1009/1705 2667/1009/1706 2768/1009/1707 2669/1009/1708
f 2669/1009/1708 2768/1009/1707 2659/1009/1709 2535/1009/1710
f 2768/1009/1707 2670/1009/1711 2495/1009/1712 2659/1009/1709
f 2667/1009/1706 2498/1009/1713 2670/1009/1711 2768/1009/1707
f 2491/1009/1714 2671/1009/1715 2769/1009/1273 2585/1009/1716
f 2585/1009/1716 2769/1009/1273 2672/1009/1717 2492/1009/1718
f 2769/1009/1273 2660/1009/1690 2536/1009/1692 2672/1009/1717
f 2671/1009/1715 2535/1009/1687 2660/1009/1690 2769/1009/1273
f 2492/1009/1719 2672/1009/1720 2770/1009/1721 2589/1009/1722
f 2589/1009/1722 2770/1009/1721 2673/1009/1723 2493/1009/1724
f 2770/1009/1721 2663/1009/1699 2537/1009/1701 2673/1009/1723
f 2672/1009/1720 2536/1009/1696 2663/1009/1699 2770/1009/1721
f 2493/1009/32 2673/1009/32 2771/1009/32 2591/1009/32
f 2591/1009/32 2771/1009/32 2674/1009/32 2494/1009/32
f 2771/1009/32 2666/1009/32 2538/1009/32 2674/1009/32
f 2673/1009/32 2537/1009/32 2666/1009/32 2771/1009/32
f 2494/1009/1725 2674/1009/1726 2772/1009/1727 2596/1009/1728
f 2596/1009/1728 2772/1009/1727 2671/1009/1729 2491/1009/1730
f 2772/1009/1727 2669/1009/1708 2535/1009/1710 2671/1009/1729
f 2674/1009/1726 2538/1009/1705 2669/1009/1708 2772/1009/1727
f 2543/1009/1731 2675/1009/1732 2773/1009/1733 2676/1009/1734
f 2676/1009/1734 2773/1009/1733 2677/1009/1735 2544/1009/1736
f 2773/1009/1733 2568/1009/1737 2540/1009/1738 2677/1009/1735
f 2675/1009/1732 2539/1009/1739 2568/1009/1737 2773/1009/1733
f 2544/1009/1740 2677/1009/1741 2774/1009/1742 2678/1009/1743
f 2678/1009/1743 2774/1009/1742 2679/1009/1744 2545/1009/1745
f 2774/1009/1742 2567/1009/1461 2541/1009/1463 2679/1009/1744
f 2677/1009/1741 2540/1009/1462 2567/1009/1461 2774/1009/1742
f 2545/1009/1746 2679/1009/1747 2775/1009/1306 2680/1009/1748
f 2680/1009/1748 2775/1009/1306 2681/1009/1749 2546/1009/1750
f 2775/1009/1306 2571/1009/1565 2542/1009/1567 2681/1009/1749
f 2679/1009/1747 2541/1009/1566 2571/1009/1565 2775/1009/1306
f 2546/1009/1751 2681/1009/1752 2776/1009/1753 2682/1009/1754
f 2682/1009/1754 2776/1009/1753 2675/1009/1755 2543/1009/1756
f 2776/1009/1753 2570/1009/1533 2539/1009/1532 2675/1009/1755
f 2681/1009/1752 2542/1009/1540 2570/1009/1533 2776/1009/1753
f 2547/1009/1757 2683/1009/1758 2777/1009/1759 2684/1009/1760
f 2684/1009/1760 2777/1009/1759 2685/1009/1761 2548/1009/1762
f 2777/1009/1759 2676/1009/1734 2544/1009/1736 2685/1009/1761
f 2683/1009/1758 2543/1009/1731 2676/1009/1734 2777/1009/1759
f 2548/1009/1763 2685/1009/1764 2778/1009/1765 2686/1009/1766
f 2686/1009/1766 2778/1009/1765 2687/1009/1767 2549/1009/1768
f 2778/1009/1765 2678/1009/1743 2545/1009/1745 2687/1009/1767
f 2685/1009/1764 2544/1009/1740 2678/1009/1743 2778/1009/1765
f 2549/1009/1769 2687/1009/1770 2779/1009/1661 2688/1009/1771
f 2688/1009/1771 2779/1009/1661 2689/1009/1772 2550/1009/1773
f 2779/1009/1661 2680/1009/1748 2546/1009/1750 2689/1009/1772
f 2687/1009/1770 2545/1009/1746 2680/1009/1748 2779/1009/1661
f 2550/1009/1774 2689/1009/1775 2780/1009/1776 2690/1009/1777
f 2690/1009/1777 2780/1009/1776 2683/1009/1778 2547/1009/1779
f 2780/1009/1776 2682/1009/1754 2543/1009/1756 2683/1009/1778
f 2689/1009/1775 2546/1009/1751 2682/1009/1754 2780/1009/1776
f 2551/1009/1780 2691/1009/1781 2781/1009/1385 2692/1009/1782
f 2692/1009/1782 2781/1009/1385 2693/1009/1783 2552/1009/1784
f 2781/1009/1385 2684/1009/1760 2548/1009/1762 2693/1009/1783
f 2691/1009/1781 2547/1009/1757 2684/1009/1760 2781/1009/1385
f 2552/1009/1785 2693/1009/1786 2782/1009/1787 2694/1009/1788
f 2694/1009/1788 2782/1009/1787 2695/1009/1789 2553/1009/1790
f 2782/1009/1787 2686/1009/1766 2549/1009/1768 2695/1009/1789
f 2693/1009/1786 2548/1009/1763 2686/1009/1766 2782/1009/1787
f 2553/1009/1791 2695/1009/1792 2783/1009/1793 2696/1009/1794
f 2696/1009/1794 2783/1009/1793 2697/1009/1795 2554/1009/1796
f 2783/1009/1793 2688/1009/1771 2550/1009/1773 2697/1009/1795
f 2695/1009/1792 2549/1009/1769 2688/1009/1771 2783/1009/1793
f 2554/1009/1797 2697/1009/1798 2784/1009/1799 2698/1009/1800
f 2698/1009/1800 2784/1009/1799 2691/1009/1801 2551/1009/1802
f 2784/1009/1799 2690/1009/1777 2547/1009/1779 2691/1009/1801
f 2697/1009/1798 2550/1009/1774 2690/1009/1777 2784/1009/1799
f 2555/1009/1803 2699/1009/1140 2785/1009/201 2700/1009/1804
f 2700/1009/1804 2785/1009/201 2701/1009/1183 2556/1009/1783
f 2785/1009/201 2692/1009/1782 2552/1009/1784 2701/1009/1183
f 2699/1009/1140 2551/1009/1780 2692/1009/1782 2785/1009/201
f 2556/1009/1805 2701/1009/1806 2786/1009/1807 2702/1009/1808
f 2702/1009/1808 2786/1009/1807 2703/1009/1809 2557/1009/1810
f 2786/1009/1807 2694/1009/1788 2553/1009/1790 2703/1009/1809
f 2701/1009/1806 2552/1009/1785 2694/1009/1788 2786/1009/1807
f 2557/1009/1792 2703/1009/1194 2787/1009/52 2704/1009/1811
f 2704/1009/1811 2787/1009/52 2705/1009/1150 2558/1009/1812
f 2787/1009/52 2696/1009/1794 2554/1009/1796 2705/1009/1150
f 2703/1009/1194 2553/1009/1791 2696/1009/1794 2787/1009/52
f 2558/1009/1813 2705/1009/1814 2788/1009/1815 2706/1009/1816
f 2706/1009/1816 2788/1009/1815 2699/1009/1817 2555/1009/1818
f 2788/1009/1815 2698/1009/1800 2551/1009/1802 2699/1009/1817
f 2705/1009/1814 2554/1009/1797 2698/1009/1800 2788/1009/1815
f 2559/1009/1819 2707/1009/1820 2789/1009/1341 2708/1009/1821
f 2708/1009/1821 2789/1009/1341 2709/1009/1822 2560/1009/1823
f 2789/1009/1341 2700/1009/1804 2556/1009/1783 2709/1009/1822
f 2707/1009/1820 2555/1009/1803 2700/1009/1804 2789/1009/1341
f 2560/1009/1824 2709/1009/1825 2790/1009/1826 2710/1009/1827
f 2710/1009/1827 2790/1009/1826 2711/1009/1828 2561/1009/1829
f 2790/1009/1826 2702/1009/1808 2557/1009/1810 2711/1009/1828
f 2709/1009/1825 2556/1009/1805 2702/1009/1808 2790/1009/1826
f 2561/1009/1830 2711/1009/1831 2791/1009/1832 2712/1009/1833
f 2712/1009/1833 2791/1009/1832 2713/1009/1834 2562/1009/1835
f 2791/1009/1832 2704/1009/1811 2558/1009/1812 2713/1009/1834
f 2711/1009/1831 2557/1009/1792 2704/1009/1811 2791/1009/1832
f 2562/1009/1836 2713/1009/1837 2792/1009/1838 2714/1009/1839
f 2714/1009/1839 2792/1009/1838 2707/1009/1840 2559/1009/1841
f 2792/1009/1838 2706/1009/1816 2555/1009/1818 2707/1009/1840
f 2713/1009/1837 2558/1009/1813 2706/1009/1816 2792/1009/1838
f 2495/1009/1842 2715/1009/1843 2793/1009/1844 2662/1009/1845
f 2662/1009/1845 2793/1009/1844 2716/1009/1846 2496/1009/1847
f 2793/1009/1844 2708/1009/1821 2560/1009/1823 2716/1009/1846
f 2715/1009/1843 2559/1009/1819 2708/1009/1821 2793/1009/1844
f 2496/1009/1704 2716/1009/1848 2794/1009/1849 2665/1009/1702
f 2665/1009/1702 2794/1009/1849 2717/1009/1850 2497/1009/1703
f 2794/1009/1849 2710/1009/1827 2561/1009/1829 2717/1009/1850
f 2716/1009/1848 2560/1009/1824 2710/1009/1827 2794/1009/1849
f 2497/1009/1851 2717/1009/1852 2795/1009/1853 2668/1009/1854
f 2668/1009/1854 2795/1009/1853 2718/1009/1855 2498/1009/1856
f 2795/1009/1853 2712/1009/1833 2562/1009/1835 2718/1009/1855
f 2717/1009/1852 2561/1009/1830 2712/1009/1833 2795/1009/1853
f 2498/1009/1713 2718/1009/1857 2796/1009/1858 2670/1009/1711
f 2670/1009/1711 2796/1009/1858 2715/1009/1859 2495/1009/1712
f 2796/1009/1858 2714/1009/1839 2559/1009/1841 2715/1009/1859
f 2718/1009/1857 2562/1009/1836 2714/1009/1839 2796/1009/1858
f 2563/1009/1557 2719/1009/1860 2797/1009/1861 2590/1009/1554
f 2590/1009/1554 2797/1009/1861 2720/1009/1862 2564/1009/1555
f 2797/1009/1861 2569/1009/1429 2504/1009/1430 2720/1009/1862
f 2719/1009/1860 2503/1009/1428 2569/1009/1429 2797/1009/1861
f 2564/1009/1457 2720/1009/1863 2798/1009/1864 2586/1009/1455
f 2586/1009/1455 2798/1009/1864 2721/1009/1865 2565/1009/1456
f 2798/1009/1864 2597/1009/1447 2505/1009/1448 2721/1009/1865
f 2720/1009/1863 2504/1009/1446 2597/1009/1447 2798/1009/1864
f 2565/1009/1546 2721/1009/1866 2799/1009/1867 2594/1009/1544
f 2594/1009/1544 2799/1009/1867 2722/1009/1868 2566/1009/1541
f 2799/1009/1867 2598/1009/1441 2506/1009/1442 2722/1009/1868
f 2721/1009/1866 2505/1009/1440 2598/1009/1441 2799/1009/1867
f 2566/1009/1575 2722/1009/1869 2800/1009/1870 2573/1009/1572
f 2573/1009/1572 2800/1009/1870 2719/1009/1871 2563/1009/1573
f 2800/1009/1870 2593/1009/1435 2503/1009/1436 2719/1009/1871
f 2722/1009/1869 2506/1009/1434 2593/1009/1435 2800/1009/1870
f 2848/1009/1872 2897/1009/1873 3037/1009/1874 2901/1009/1875
f 2897/1009/1873 2845/1009/1876 2898/1009/1877 3037/1009/1874
f 3037/1009/1874 2898/1009/1877 2879/1009/1878 2900/1009/1879
f 2901/1009/1875 3037/1009/1874 2900/1009/1879 2878/1009/1880
f 2848/1009/1872 2901/1009/1875 3038/1009/1881 2895/1009/1882
f 2901/1009/1875 2878/1009/1880 2902/1009/1883 3038/1009/1881
f 3038/1009/1881 2902/1009/1883 2854/1009/1884 2881/1009/1885
f 2895/1009/1882 3038/1009/1881 2881/1009/1885 2855/1009/1886
f 2803/1009/1887 2927/1009/1888 3039/1009/1889 2932/1009/1890
f 2927/1009/1888 2804/1009/1891 2934/1009/1892 3039/1009/1889
f 3039/1009/1889 2934/1009/1892 2828/1009/1893 2935/1009/1894
f 2932/1009/1890 3039/1009/1889 2935/1009/1894 2827/1009/1895
f 2802/1009/1896 2925/1009/1897 3040/1009/1898 2930/1009/1899
f 2925/1009/1897 2803/1009/1900 2932/1009/1901 3040/1009/1898
f 3040/1009/1898 2932/1009/1901 2827/1009/1902 2933/1009/1903
f 2930/1009/1899 3040/1009/1898 2933/1009/1903 2826/1009/1904
f 2801/1009/1905 2923/1009/1906 3041/1009/1907 2929/1009/1908
f 2923/1009/1906 2802/1009/1909 2930/1009/1910 3041/1009/1907
f 3041/1009/1907 2930/1009/1910 2826/1009/1911 2931/1009/1912
f 2929/1009/1908 3041/1009/1907 2931/1009/1912 2825/1009/1913
f 2824/1009/1914 2920/1009/1915 3042/1009/1916 2926/1009/1917
f 2920/1009/1915 2821/1009/1918 2921/1009/1919 3042/1009/1916
f 3042/1009/1916 2921/1009/1919 2801/1009/1920 2928/1009/1921
f 2926/1009/1917 3042/1009/1916 2928/1009/1921 2804/1009/1922
f 2823/1009/13 2919/1009/13 3043/1009/13 2924/1009/13
f 2919/1009/13 2824/1009/13 2926/1009/13 3043/1009/13
f 3043/1009/13 2926/1009/13 2804/1009/13 2927/1009/13
f 2924/1009/13 3043/1009/13 2927/1009/13 2803/1009/13
f 2822/1009/1923 2917/1009/1924 3044/1009/1925 2922/1009/1926
f 2917/1009/1924 2823/1009/1927 2924/1009/1928 3044/1009/1925
f 3044/1009/1925 2924/1009/1928 2803/1009/1900 2925/1009/1897
f 2922/1009/1926 3044/1009/1925 2925/1009/1897 2802/1009/1896
f 2821/1009/1929 2915/1009/1930 3045/1009/1931 2921/1009/1932
f 2915/1009/1930 2822/1009/1933 2922/1009/1934 3045/1009/1931
f 3045/1009/1931 2922/1009/1934 2802/1009/1935 2923/1009/1936
f 2921/1009/1932 3045/1009/1931 2923/1009/1936 2801/1009/1937
f 2816/1009/1938 2896/1009/1939 3046/1009/1940 2918/1009/1941
f 2896/1009/1939 2813/1009/1942 2913/1009/1943 3046/1009/1940
f 3046/1009/1940 2913/1009/1943 2821/1009/1918 2920/1009/1915
f 2918/1009/1941 3046/1009/1940 2920/1009/1915 2824/1009/1914
f 2815/1009/13 2892/1009/13 3047/1009/13 2916/1009/13
f 2892/1009/13 2816/1009/13 2918/1009/13 3047/1009/13
f 3047/1009/13 2918/1009/13 2824/1009/13 2919/1009/13
f 2916/1009/13 3047/1009/13 2919/1009/13 2823/1009/13
f 2814/1009/1944 2888/1009/1945 3048/1009/1946 2914/1009/1947
f 2888/1009/1945 2815/1009/1948 2916/1009/1949 3048/1009/1946
f 3048/1009/1946 2916/1009/1949 2823/1009/1927 2917/1009/1924
f 2914/1009/1947 3048/1009/1946 2917/1009/1924 2822/1009/1923
f 2813/1009/1950 2909/1009/1951 3049/1009/1952 2913/1009/1953
f 2909/1009/1951 2814/1009/1954 2914/1009/1955 3049/1009/1952
f 3049/1009/1952 2914/1009/1955 2822/1009/1933 2915/1009/1930
f 2913/1009/1953 3049/1009/1952 2915/1009/1930 2821/1009/1929
f 2817/1009/1956 2883/1009/1957 3050/1009/201 2907/1009/1064
f 2883/1009/1957 2818/1009/1958 2911/1009/1066 3050/1009/201
f 3050/1009/201 2911/1009/1066 2819/1009/1959 2912/1009/1960
f 2907/1009/1064 3050/1009/201 2912/1009/1960 2820/1009/1961
f 2853/1009/1962 2890/1009/1071 3051/1009/1072 2884/1009/1963
f 2890/1009/1071 2846/1009/1964 2891/1009/1965 3051/1009/1072
f 3051/1009/1072 2891/1009/1965 2847/1009/1966 2893/1009/1077
f 2884/1009/1963 3051/1009/1072 2893/1009/1077 2856/1009/1967
f 2880/1009/1968 2908/1009/1969 3052/1009/1970 2889/1009/1971
f 2908/1009/1969 2879/1009/1972 2898/1009/1973 3052/1009/1970
f 3052/1009/1970 2898/1009/1973 2845/1009/1974 2906/1009/1975
f 2889/1009/1971 3052/1009/1970 2906/1009/1975 2846/1009/1976
f 2854/1009/1977 2902/1009/1978 3053/1009/1979 2882/1009/1980
f 2902/1009/1978 2878/1009/1981 2904/1009/1982 3053/1009/1979
f 3053/1009/1979 2904/1009/1982 2877/1009/1983 2886/1009/1984
f 2882/1009/1980 3053/1009/1979 2886/1009/1984 2853/1009/1985
f 2847/1009/1986 2894/1009/1987 3054/1009/1988 2893/1009/1100
f 2894/1009/1987 2848/1009/1989 2895/1009/1990 3054/1009/1988
f 3054/1009/1988 2895/1009/1990 2855/1009/1991 2885/1009/1992
f 2893/1009/1100 3054/1009/1988 2885/1009/1992 2856/1009/1993
f 2816/1009/1994 2892/1009/1995 3055/1009/1107 2896/1009/1108
f 2892/1009/1995 2815/1009/1996 2888/1009/1110 3055/1009/1107
f 3055/1009/1107 2888/1009/1110 2814/1009/1997 2909/1009/1998
f 2896/1009/1108 3055/1009/1107 2909/1009/1998 2813/1009/1999
f 2808/1009/2000 2905/1009/2001 3056/1009/1116 2910/1009/1117
f 2905/1009/2001 2807/1009/2002 2903/1009/1119 3056/1009/1116
f 3056/1009/1116 2903/1009/1119 2806/1009/2003 2899/1009/2004
f 2910/1009/1117 3056/1009/1116 2899/1009/2004 2805/1009/2005
f 2853/1009/1962 2886/1009/2006 3057/1009/2007 2890/1009/1071
f 2886/1009/2006 2877/1009/2008 2887/1009/2009 3057/1009/2007
f 3057/1009/2007 2887/1009/2009 2880/1009/2010 2889/1009/2011
f 2890/1009/1071 3057/1009/2007 2889/1009/2011 2846/1009/1964
f 2804/1009/1922 2928/1009/1921 3058/1009/2012 2934/1009/2013
f 2928/1009/1921 2801/1009/1920 2929/1009/2014 3058/1009/2012
f 3058/1009/2012 2929/1009/2014 2825/1009/2015 2936/1009/2016
f 2934/1009/2013 3058/1009/2012 2936/1009/2016 2828/1009/2017
f 2825/1009/1913 2931/1009/1912 3059/1009/1135 2937/1009/2018
f 2931/1009/1912 2826/1009/1911 2938/1009/2019 3059/1009/1135
f 3059/1009/1135 2938/1009/2019 2830/1009/2020 2939/1009/2021
f 2937/1009/2018 3059/1009/1135 2939/1009/2021 2829/1009/2022
f 2826/1009/1904 2933/1009/1903 3060/1009/2023 2938/1009/2024
f 2933/1009/1903 2827/1009/1902 2940/1009/2025 3060/1009/2023
f 3060/1009/2023 2940/1009/2025 2831/1009/2026 2941/1009/2027
f 2938/1009/2024 3060/1009/2023 2941/1009/2027 2830/1009/2028
f 2827/1009/1895 2935/1009/1894 3061/1009/1147 2940/1009/2029
f 2935/1009/1894 2828/1009/1893 2942/1009/2030 3061/1009/1147
f 3061/1009/1147 2942/1009/2030 2832/1009/2031 2943/1009/2032
f 2940/1009/2029 3061/1009/1147 2943/1009/2032 2831/1009/1831
f 2828/1009/2017 2936/1009/2016 3062/1009/2033 2942/1009/2034
f 2936/1009/2016 2825/1009/2015 2937/1009/2035 3062/1009/2033
f 3062/1009/2033 2937/1009/2035 2829/1009/2036 2944/1009/2037
f 2942/1009/2034 3062/1009/2033 2944/1009/2037 2832/1009/2038
f 2829/1009/2022 2939/1009/2021 3063/1009/201 2945/1009/2039
f 2939/1009/2021 2830/1009/2020 2946/1009/2040 3063/1009/201
f 3063/1009/201 2946/1009/2040 2834/1009/2041 2947/1009/2042
f 2945/1009/2039 3063/1009/201 2947/1009/2042 2833/1009/2043
f 2830/1009/2028 2941/1009/2027 3064/1009/2044 2946/1009/2045
f 2941/1009/2027 2831/1009/2026 2948/1009/2046 3064/1009/2044
f 3064/1009/2044 2948/1009/2046 2835/1009/2047 2949/1009/2048
f 2946/1009/2045 3064/1009/2044 2949/1009/2048 2834/1009/2049
f 2831/1009/1831 2943/1009/2032 3065/1009/52 2948/1009/2050
f 2943/1009/2032 2832/1009/2031 2950/1009/2051 3065/1009/52
f 3065/1009/52 2950/1009/2051 2836/1009/2052 2951/1009/2053
f 2948/1009/2050 3065/1009/52 2951/1009/2053 2835/1009/2054
f 2832/1009/2038 2944/1009/2037 3066/1009/2055 2950/1009/2056
f 2944/1009/2037 2829/1009/2036 2945/1009/2057 3066/1009/2055
f 3066/1009/2055 2945/1009/2057 2833/1009/2058 2952/1009/2059
f 2950/1009/2056 3066/1009/2055 2952/1009/2059 2836/1009/2060
f 2833/1009/2043 2947/1009/2042 3067/1009/1583 2953/1009/2022
f 2947/1009/2042 2834/1009/2041 2954/1009/2061 3067/1009/1583
f 3067/1009/1583 2954/1009/2061 2838/1009/2062 2955/1009/2063
f 2953/1009/2022 3067/1009/1583 2955/1009/2063 2837/1009/2064
f 2834/1009/2049 2949/1009/2048 3068/1009/2065 2954/1009/2066
f 2949/1009/2048 2835/1009/2047 2956/1009/2067 3068/1009/2065
f 3068/1009/2065 2956/1009/2067 2839/1009/2068 2957/1009/2069
f 2954/1009/2066 3068/1009/2065 2957/1009/2069 2838/1009/2070
f 2835/1009/2054 2951/1009/2053 3069/1009/2071 2956/1009/2072
f 2951/1009/2053 2836/1009/2052 2958/1009/2031 3069/1009/2071
f 3069/1009/2071 2958/1009/2031 2840/1009/2073 2959/1009/2074
f 2956/1009/2072 3069/1009/2071 2959/1009/2074 2839/1009/2075
f 2836/1009/2060 2952/1009/2059 3070/1009/2076 2958/1009/2077
f 2952/1009/2059 2833/1009/2058 2953/1009/2078 3070/1009/2076
f 3070/1009/2076 2953/1009/2078 2837/1009/2079 2960/1009/2080
f 2958/1009/2077 3070/1009/2076 2960/1009/2080 2840/1009/2081
f 2837/1009/2064 2955/1009/2063 3071/1009/1341 2961/1009/2082
f 2955/1009/2063 2838/1009/2062 2962/1009/2083 3071/1009/1341
f 3071/1009/1341 2962/1009/2083 2842/1009/2084 2963/1009/2085
f 2961/1009/2082 3071/1009/1341 2963/1009/2085 2841/1009/2086
f 2838/1009/2070 2957/1009/2069 3072/1009/2087 2962/1009/2088
f 2957/1009/2069 2839/1009/2068 2964/1009/2089 3072/1009/2087
f 3072/1009/2087 2964/1009/2089 2843/1009/2090 2965/1009/2091
f 2962/1009/2088 3072/1009/2087 2965/1009/2091 2842/1009/2092
f 2839/1009/2075 2959/1009/2074 3073/1009/2071 2964/1009/2093
f 2959/1009/2074 2840/1009/2073 2966/1009/2094 3073/1009/2071
f 3073/1009/2071 2966/1009/2094 2844/1009/2095 2967/1009/2096
f 2964/1009/2093 3073/1009/2071 2967/1009/2096 2843/1009/2097
f 2840/1009/2081 2960/1009/2080 3074/1009/2098 2966/1009/2099
f 2960/1009/2080 2837/1009/2079 2961/1009/2100 3074/1009/2098
f 3074/1009/2098 2961/1009/2100 2841/1009/2101 2968/1009/2102
f 2966/1009/2099 3074/1009/2098 2968/1009/2102 2844/1009/2103
f 2841/1009/2086 2963/1009/2085 3075/1009/2104 2969/1009/1230
f 2963/1009/2085 2842/1009/2084 2970/1009/2105 3075/1009/2104
f 3075/1009/2104 2970/1009/2105 2846/1009/2106 2906/1009/2107
f 2969/1009/1230 3075/1009/2104 2906/1009/2107 2845/1009/2108
f 2842/1009/2092 2965/1009/2091 3076/1009/2109 2970/1009/2110
f 2965/1009/2091 2843/1009/2090 2971/1009/2111 3076/1009/2109
f 3076/1009/2109 2971/1009/2111 2847/1009/1966 2891/1009/1965
f 2970/1009/2110 3076/1009/2109 2891/1009/1965 2846/1009/1964
f 2843/1009/2097 2967/1009/2096 3077/1009/2112 2971/1009/2113
f 2967/1009/2096 2844/1009/2095 2972/1009/2114 3077/1009/2112
f 3077/1009/2112 2972/1009/2114 2848/1009/1989 2894/1009/1987
f 2971/1009/2113 3077/1009/2112 2894/1009/1987 2847/1009/1986
f 2844/1009/2103 2968/1009/2102 3078/1009/2115 2972/1009/2116
f 2968/1009/2102 2841/1009/2101 2969/1009/2117 3078/1009/2115
f 3078/1009/2115 2969/1009/2117 2845/1009/1876 2897/1009/1873
f 2972/1009/2116 3078/1009/2115 2897/1009/1873 2848/1009/1872
f 2849/1009/2118 2974/1009/2119 3079/1009/2120 2973/1009/2121
f 2974/1009/2119 2850/1009/2122 2975/1009/2123 3079/1009/2120
f 3079/1009/2120 2975/1009/2123 2810/1009/2124 2976/1009/2125
f 2973/1009/2121 3079/1009/2120 2976/1009/2125 2809/1009/2126
f 2850/1009/2127 2977/1009/2128 3080/1009/2129 2975/1009/2130
f 2977/1009/2128 2851/1009/2131 2978/1009/2132 3080/1009/2129
f 3080/1009/2129 2978/1009/2132 2811/1009/2133 2979/1009/2134
f 2975/1009/2130 3080/1009/2129 2979/1009/2134 2810/1009/2135
f 2851/1009/32 2980/1009/32 3081/1009/32 2978/1009/32
f 2980/1009/32 2852/1009/32 2981/1009/32 3081/1009/32
f 3081/1009/32 2981/1009/32 2812/1009/32 2982/1009/32
f 2978/1009/32 3081/1009/32 2982/1009/32 2811/1009/32
f 2852/1009/2136 2983/1009/2137 3082/1009/2138 2981/1009/2139
f 2983/1009/2137 2849/1009/2140 2973/1009/2141 3082/1009/2138
f 3082/1009/2138 2973/1009/2141 2809/1009/2142 2984/1009/2143
f 2981/1009/2139 3082/1009/2138 2984/1009/2143 2812/1009/2144
f 2805/1009/2145 2899/1009/2146 3083/1009/2147 2985/1009/2148
f 2899/1009/2146 2806/1009/2149 2986/1009/2150 3083/1009/2147
f 3083/1009/2147 2986/1009/2150 2850/1009/2122 2974/1009/2119
f 2985/1009/2148 3083/1009/2147 2974/1009/2119 2849/1009/2118
f 2806/1009/2151 2903/1009/2152 3084/1009/2153 2986/1009/2154
f 2903/1009/2152 2807/1009/2155 2987/1009/2156 3084/1009/2153
f 3084/1009/2153 2987/1009/2156 2851/1009/2131 2977/1009/2128
f 2986/1009/2154 3084/1009/2153 2977/1009/2128 2850/1009/2127
f 2807/1009/32 2905/1009/32 3085/1009/32 2987/1009/32
f 2905/1009/32 2808/1009/32 2988/1009/32 3085/1009/32
f 3085/1009/32 2988/1009/32 2852/1009/32 2980/1009/32
f 2987/1009/32 3085/1009/32 2980/1009/32 2851/1009/32
f 2808/1009/2157 2910/1009/2158 3086/1009/2159 2988/1009/2160
f 2910/1009/2158 2805/1009/2161 2985/1009/2162 3086/1009/2159
f 3086/1009/2159 2985/1009/2162 2849/1009/2140 2983/1009/2137
f 2988/1009/2160 3086/1009/2159 2983/1009/2137 2852/1009/2136
f 2857/1009/2163 2990/1009/2164 3087/1009/2165 2989/1009/2166
f 2990/1009/2164 2858/1009/2167 2991/1009/2168 3087/1009/2165
f 3087/1009/2165 2991/1009/2168 2854/1009/2169 2882/1009/2170
f 2989/1009/2166 3087/1009/2165 2882/1009/2170 2853/1009/2171
f 2858/1009/2172 2992/1009/2173 3088/1009/2174 2991/1009/2175
f 2992/1009/2173 2859/1009/2176 2993/1009/2177 3088/1009/2174
f 3088/1009/2174 2993/1009/2177 2855/1009/1886 2881/1009/1885
f 2991/1009/2175 3088/1009/2174 2881/1009/1885 2854/1009/1884
f 2859/1009/2178 2994/1009/2179 3089/1009/2180 2993/1009/2181
f 2994/1009/2179 2860/1009/2182 2995/1009/2183 3089/1009/2180
f 3089/1009/2180 2995/1009/2183 2856/1009/1993 2885/1009/1992
f 2993/1009/2181 3089/1009/2180 2885/1009/1992 2855/1009/1991
f 2860/1009/2184 2996/1009/2185 3090/1009/2186 2995/1009/2187
f 2996/1009/2185 2857/1009/2188 2989/1009/2189 3090/1009/2186
f 3090/1009/2186 2989/1009/2189 2853/1009/1962 2884/1009/1963
f 2995/1009/2187 3090/1009/2186 2884/1009/1963 2856/1009/1967
f 2861/1009/2190 2998/1009/2191 3091/1009/1181 2997/1009/2192
f 2998/1009/2191 2862/1009/2193 2999/1009/2194 3091/1009/1181
f 3091/1009/1181 2999/1009/2194 2858/1009/2167 2990/1009/2164
f 2997/1009/2192 3091/1009/1181 2990/1009/2164 2857/1009/2163
f 2862/1009/2195 3000/1009/2196 3092/1009/2197 2999/1009/2198
f 3000/1009/2196 2863/1009/2199 3001/1009/2200 3092/1009/2197
f 3092/1009/2197 3001/1009/2200 2859/1009/2176 2992/1009/2173
f 2999/1009/2198 3092/1009/2197 2992/1009/2173 2858/1009/2172
f 2863/1009/2201 3002/1009/2202 3093/1009/2071 3001/1009/2203
f 3002/1009/2202 2864/1009/2204 3003/1009/2205 3093/1009/2071
f 3093/1009/2071 3003/1009/2205 2860/1009/2182 2994/1009/2179
f 3001/1009/2203 3093/1009/2071 2994/1009/2179 2859/1009/2178
f 2864/1009/2206 3004/1009/2207 3094/1009/2208 3003/1009/2209
f 3004/1009/2207 2861/1009/2210 2997/1009/2211 3094/1009/2208
f 3094/1009/2208 2997/1009/2211 2857/1009/2188 2996/1009/2185
f 3003/1009/2209 3094/1009/2208 2996/1009/2185 2860/1009/2184
f 2865/1009/2212 3006/1009/2213 3095/1009/1583 3005/1009/2214
f 3006/1009/2213 2866/1009/2215 3007/1009/2216 3095/1009/1583
f 3095/1009/1583 3007/1009/2216 2862/1009/2193 2998/1009/2191
f 3005/1009/2214 3095/1009/1583 2998/1009/2191 2861/1009/2190
f 2866/1009/2217 3008/1009/2218 3096/1009/2219 3007/1009/2220
f 3008/1009/2218 2867/1009/2221 3009/1009/2222 3096/1009/2219
f 3096/1009/2219 3009/1009/2222 2863/1009/2199 3000/1009/2196
f 3007/1009/2220 3096/1009/2219 3000/1009/2196 2862/1009/2195
f 2867/1009/2223 3010/1009/2224 3097/1009/2071 3009/1009/2225
f 3010/1009/2224 2868/1009/2226 3011/1009/2227 3097/1009/2071
f 3097/1009/2071 3011/1009/2227 2864/1009/2204 3002/1009/2202
f 3009/1009/2225 3097/1009/2071 3002/1009/2202 2863/1009/2201
f 2868/1009/2228 3012/1009/2229 3098/1009/2230 3011/1009/2231
f 3012/1009/2229 2865/1009/2232 3005/1009/2233 3098/1009/2230
f 3098/1009/2230 3005/1009/2233 2861/1009/2210 3004/1009/2207
f 3011/1009/2231 3098/1009/2230 3004/1009/2207 2864/1009/2206
f 2869/1009/2234 3014/1009/2235 3099/1009/201 3013/1009/2236
f 3014/1009/2235 2870/1009/2216 3015/1009/2237 3099/1009/201
f 3099/1009/201 3015/1009/2237 2866/1009/2215 3006/1009/2213
f 3013/1009/2236 3099/1009/201 3006/1009/2213 2865/1009/2212
f 2870/1009/2238 3016/1009/2239 3100/1009/2240 3015/1009/2241
f 3016/1009/2239 2871/1009/2242 3017/1009/2243 3100/1009/2240
f 3100/1009/2240 3017/1009/2243 2867/1009/2221 3008/1009/2218
f 3015/1009/2241 3100/1009/2240 3008/1009/2218 2866/1009/2217
f 2871/1009/2225 3018/1009/2244 3101/1009/52 3017/1009/2245
f 3018/1009/2244 2872/1009/2246 3019/1009/2247 3101/1009/52
f 3101/1009/52 3019/1009/2247 2868/1009/2226 3010/1009/2224
f 3017/1009/2245 3101/1009/52 3010/1009/2224 2867/1009/2223
f 2872/1009/2248 3020/1009/2249 3102/1009/2250 3019/1009/2251
f 3020/1009/2249 2869/1009/2252 3013/1009/2253 3102/1009/2250
f 3102/1009/2250 3013/1009/2253 2865/1009/2232 3012/1009/2229
f 3019/1009/2251 3102/1009/2250 3012/1009/2229 2868/1009/2228
f 2873/1009/2254 3022/1009/2255 3103/1009/1385 3021/1009/2256
f 3022/1009/2255 2874/1009/1387 3023/1009/2257 3103/1009/1385
f 3103/1009/1385 3023/1009/2257 2870/1009/2216 3014/1009/2235
f 3021/1009/2256 3103/1009/1385 3014/1009/2235 2869/1009/2234
f 2874/1009/2258 3024/1009/2259 3104/1009/2260 3023/1009/2261
f 3024/1009/2259 2875/1009/2262 3025/1009/2263 3104/1009/2260
f 3104/1009/2260 3025/1009/2263 2871/1009/2242 3016/1009/2239
f 3023/1009/2261 3104/1009/2260 3016/1009/2239 2870/1009/2238
f 2875/1009/2264 3026/1009/2265 3105/1009/2266 3025/1009/2267
f 3026/1009/2265 2876/1009/2268 3027/1009/2269 3105/1009/2266
f 3105/1009/2266 3027/1009/2269 2872/1009/2246 3018/1009/2244
f 3025/1009/2267 3105/1009/2266 3018/1009/2244 2871/1009/2225
f 2876/1009/2270 3028/1009/2271 3106/1009/2272 3027/1009/2273
f 3028/1009/2271 2873/1009/2274 3021/1009/2275 3106/1009/2272
f 3106/1009/2272 3021/1009/2275 2869/1009/2252 3020/1009/2249
f 3027/1009/2273 3106/1009/2272 3020/1009/2249 2872/1009/2248
f 2809/1009/2276 2976/1009/2277 3107/1009/2278 3029/1009/2279
f 2976/1009/2277 2810/1009/2280 3030/1009/2281 3107/1009/2278
f 3107/1009/2278 3030/1009/2281 2874/1009/1387 3022/1009/2255
f 3029/1009/2279 3107/1009/2278 3022/1009/2255 2873/1009/2254
f 2810/1009/2135 2979/1009/2134 3108/1009/2282 3030/1009/2283
f 2979/1009/2134 2811/1009/2133 3031/1009/2284 3108/1009/2282
f 3108/1009/2282 3031/1009/2284 2875/1009/2262 3024/1009/2259
f 3030/1009/2283 3108/1009/2282 3024/1009/2259 2874/1009/2258
f 2811/1009/2285 2982/1009/2286 3109/1009/2287 3031/1009/2288
f 2982/1009/2286 2812/1009/2289 3032/1009/2290 3109/1009/2287
f 3109/1009/2287 3032/1009/2290 2876/1009/2268 3026/1009/2265
f 3031/1009/2288 3109/1009/2287 3026/1009/2265 2875/1009/2264
f 2812/1009/2144 2984/1009/2143 3110/1009/2291 3032/1009/2292
f 2984/1009/2143 2809/1009/2142 3029/1009/2293 3110/1009/2291
f 3110/1009/2291 3029/1009/2293 2873/1009/2274 3028/1009/2271
f 3032/1009/2292 3110/1009/2291 3028/1009/2271 2876/1009/2270
f 2877/1009/2294 2904/1009/2295 3111/1009/2296 3033/1009/2297
f 2904/1009/2295 2878/1009/2298 3034/1009/2299 3111/1009/2296
f 3111/1009/2296 3034/1009/2299 2818/1009/2300 2883/1009/2301
f 3033/1009/2297 3111/1009/2296 2883/1009/2301 2817/1009/2302
f 2878/1009/1880 2900/1009/1879 3112/1009/2303 3034/1009/2304
f 2900/1009/1879 2879/1009/1878 3035/1009/2305 3112/1009/2303
f 3112/1009/2303 3035/1009/2305 2819/1009/2306 2911/1009/1435
f 3034/1009/2304 3112/1009/2303 2911/1009/1435 2818/1009/2307
f 2879/1009/2308 2908/1009/2309 3113/1009/2310 3035/1009/2311
f 2908/1009/2309 2880/1009/2312 3036/1009/2313 3113/1009/2310
f 3113/1009/2310 3036/1009/2313 2820/1009/2314 2912/1009/2315
f 3035/1009/2311 3113/1009/2310 2912/1009/2315 2819/1009/2316
f 2880/1009/2010 2887/1009/2009 3114/1009/2317 3036/1009/2318
f 2887/1009/2009 2877/1009/2008 3033/1009/2319 3114/1009/2317
f 3114/1009/2317 3033/1009/2319 2817/1009/2320 2907/1009/1447
f 3036/1009/2318 3114/1009/2317 2907/1009/1447 2820/1009/2321
f 3162/1009/2322 3215/1009/2323 3351/1009/2324 3211/1009/2325
f 3211/1009/2325 3351/1009/2324 3212/1009/2326 3159/1009/2327
f 3351/1009/2324 3214/1009/2328 3193/1009/2329 3212/1009/2326
f 3215/1009/2323 3192/1009/2330 3214/1009/2328 3351/1009/2324
f 3162/1009/2322 3209/1009/2331 3352/1009/2332 3215/1009/2323
f 3215/1009/2323 3352/1009/2332 3216/1009/2333 3192/1009/2330
f 3352/1009/2332 3195/1009/2334 3168/1009/2335 3216/1009/2333
f 3209/1009/2331 3169/1009/2336 3195/1009/2334 3352/1009/2332
f 3117/1009/2337 3246/1009/2338 3353/1009/2339 3241/1009/2340
f 3241/1009/2340 3353/1009/2339 3248/1009/2341 3118/1009/2342
f 3353/1009/2339 3249/1009/2343 3142/1009/2268 3248/1009/2341
f 3246/1009/2338 3141/1009/2344 3249/1009/2343 3353/1009/2339
f 3116/1009/2345 3244/1009/2346 3354/1009/2347 3239/1009/2348
f 3239/1009/2348 3354/1009/2347 3246/1009/2349 3117/1009/2350
f 3354/1009/2347 3247/1009/2351 3141/1009/2352 3246/1009/2349
f 3244/1009/2346 3140/1009/2353 3247/1009/2351 3354/1009/2347
f 3115/1009/2354 3243/1009/2355 3355/1009/2356 3237/1009/2357
f 3237/1009/2357 3355/1009/2356 3244/1009/2358 3116/1009/2359
f 3355/1009/2356 3245/1009/2191 3140/1009/2360 3244/1009/2358
f 3243/1009/2355 3139/1009/2361 3245/1009/2191 3355/1009/2356
f 3138/1009/2362 3240/1009/2363 3356/1009/2364 3234/1009/2365
f 3234/1009/2365 3356/1009/2364 3235/1009/2366 3135/1009/2367
f 3356/1009/2364 3242/1009/2368 3115/1009/2369 3235/1009/2366
f 3240/1009/2363 3118/1009/2370 3242/1009/2368 3356/1009/2364
f 3137/1009/13 3238/1009/13 3357/1009/13 3233/1009/13
f 3233/1009/13 3357/1009/13 3240/1009/13 3138/1009/13
f 3357/1009/13 3241/1009/13 3118/1009/13 3240/1009/13
f 3238/1009/13 3117/1009/13 3241/1009/13 3357/1009/13
f 3136/1009/2371 3236/1009/2372 3358/1009/2373 3231/1009/2374
f 3231/1009/2374 3358/1009/2373 3238/1009/2375 3137/1009/2376
f 3358/1009/2373 3239/1009/2348 3117/1009/2350 3238/1009/2375
f 3236/1009/2372 3116/1009/2345 3239/1009/2348 3358/1009/2373
f 3135/1009/2377 3235/1009/2378 3359/1009/2379 3229/1009/2380
f 3229/1009/2380 3359/1009/2379 3236/1009/2381 3136/1009/2382
f 3359/1009/2379 3237/1009/2383 3116/1009/2384 3236/1009/2381
f 3235/1009/2378 3115/1009/2385 3237/1009/2383 3359/1009/2379
f 3130/1009/2386 3232/1009/2387 3360/1009/2388 3210/1009/2389
f 3210/1009/2389 3360/1009/2388 3227/1009/2390 3127/1009/2391
f 3360/1009/2388 3234/1009/2365 3135/1009/2367 3227/1009/2390
f 3232/1009/2387 3138/1009/2362 3234/1009/2365 3360/1009/2388
f 3129/1009/13 3230/1009/13 3361/1009/13 3206/1009/13
f 3206/1009/13 3361/1009/13 3232/1009/13 3130/1009/13
f 3361/1009/13 3233/1009/13 3138/1009/13 3232/1009/13
f 3230/1009/13 3137/1009/13 3233/1009/13 3361/1009/13
f 3128/1009/2392 3228/1009/2393 3362/1009/2394 3202/1009/2395
f 3202/1009/2395 3362/1009/2394 3230/1009/2396 3129/1009/2397
f 3362/1009/2394 3231/1009/2374 3137/1009/2376 3230/1009/2396
f 3228/1009/2393 3136/1009/2371 3231/1009/2374 3362/1009/2394
f 3127/1009/2398 3227/1009/2399 3363/1009/1952 3223/1009/2400
f 3223/1009/2400 3363/1009/1952 3228/1009/2401 3128/1009/2402
f 3363/1009/1952 3229/1009/2380 3136/1009/2382 3228/1009/2401
f 3227/1009/2399 3135/1009/2377 3229/1009/2380 3363/1009/1952
f 3131/1009/1958 3221/1009/1066 3364/1009/201 3197/1009/1957
f 3197/1009/1957 3364/1009/201 3225/1009/1064 3132/1009/1956
f 3364/1009/201 3226/1009/1960 3133/1009/1961 3225/1009/1064
f 3221/1009/1066 3134/1009/1959 3226/1009/1960 3364/1009/201
f 3167/1009/2403 3198/1009/2404 3365/1009/1534 3204/1009/1535
f 3204/1009/1535 3365/1009/1534 3205/1009/2405 3160/1009/2406
f 3365/1009/1534 3207/1009/1538 3161/1009/2407 3205/1009/2405
f 3198/1009/2404 3170/1009/2408 3207/1009/1538 3365/1009/1534
f 3194/1009/2409 3203/1009/2410 3366/1009/2411 3222/1009/2412
f 3222/1009/2412 3366/1009/2411 3212/1009/2413 3193/1009/2414
f 3366/1009/2411 3220/1009/2415 3159/1009/2416 3212/1009/2413
f 3203/1009/2410 3160/1009/2417 3220/1009/2415 3366/1009/2411
f 3168/1009/2418 3196/1009/2419 3367/1009/2420 3216/1009/2421
f 3216/1009/2421 3367/1009/2420 3218/1009/2422 3192/1009/2423
f 3367/1009/2420 3200/1009/2424 3191/1009/2425 3218/1009/2422
f 3196/1009/2419 3167/1009/2426 3200/1009/2424 3367/1009/2420
f 3161/1009/2427 3207/1009/1560 3368/1009/2428 3208/1009/2429
f 3208/1009/2429 3368/1009/2428 3209/1009/2430 3162/1009/2431
f 3368/1009/2428 3199/1009/2432 3169/1009/2433 3209/1009/2430
f 3207/1009/1560 3170/1009/2434 3199/1009/2432 3368/1009/2428
f 3130/1009/1996 3210/1009/1110 3369/1009/1107 3206/1009/1995
f 3206/1009/1995 3369/1009/1107 3202/1009/1108 3129/1009/1994
f 3369/1009/1107 3223/1009/1998 3128/1009/1999 3202/1009/1108
f 3210/1009/1110 3127/1009/1997 3223/1009/1998 3369/1009/1107
f 3122/1009/2002 3224/1009/1119 3370/1009/1116 3219/1009/2001
f 3219/1009/2001 3370/1009/1116 3217/1009/1117 3121/1009/2000
f 3370/1009/1116 3213/1009/2004 3120/1009/2005 3217/1009/1117
f 3224/1009/1119 3119/1009/2003 3213/1009/2004 3370/1009/1116
f 3167/1009/2403 3204/1009/1535 3371/1009/2435 3200/1009/2436
f 3200/1009/2436 3371/1009/2435 3201/1009/2437 3191/1009/2438
f 3371/1009/2435 3203/1009/2439 3194/1009/2440 3201/1009/2437
f 3204/1009/1535 3160/1009/2406 3203/1009/2439 3371/1009/2435
f 3118/1009/2370 3248/1009/2441 3372/1009/2442 3242/1009/2368
f 3242/1009/2368 3372/1009/2442 3243/1009/2443 3115/1009/2369
f 3372/1009/2442 3250/1009/2444 3139/1009/2445 3243/1009/2443
f 3248/1009/2441 3142/1009/2446 3250/1009/2444 3372/1009/2442
f 3139/1009/2361 3251/1009/2214 3373/1009/1583 3245/1009/2191
f 3245/1009/2191 3373/1009/1583 3252/1009/2216 3140/1009/2360
f 3373/1009/1583 3253/1009/2447 3144/1009/2448 3252/1009/2216
f 3251/1009/2214 3143/1009/2449 3253/1009/2447 3373/1009/1583
f 3140/1009/2353 3252/1009/2450 3374/1009/2451 3247/1009/2351
f 3247/1009/2351 3374/1009/2451 3254/1009/2452 3141/1009/2352
f 3374/1009/2451 3255/1009/2453 3145/1009/2454 3254/1009/2452
f 3252/1009/2450 3144/1009/2455 3255/1009/2453 3374/1009/2451
f 3141/1009/2344 3254/1009/2456 3375/1009/1594 3249/1009/2343
f 3249/1009/2343 3375/1009/1594 3256/1009/2457 3142/1009/2268
f 3375/1009/1594 3257/1009/2458 3146/1009/2459 3256/1009/2457
f 3254/1009/2456 3145/1009/1398 3257/1009/2458 3375/1009/1594
f 3142/1009/2446 3256/1009/2460 3376/1009/2461 3250/1009/2444
f 3250/1009/2444 3376/1009/2461 3251/1009/2462 3139/1009/2445
f 3376/1009/2461 3258/1009/2463 3143/1009/2464 3251/1009/2462
f 3256/1009/2460 3146/1009/2465 3258/1009/2463 3376/1009/2461
f 3143/1009/2449 3259/1009/2466 3377/1009/201 3253/1009/2447
f 3253/1009/2447 3377/1009/201 3260/1009/2467 3144/1009/2448
f 3377/1009/201 3261/1009/2468 3148/1009/2469 3260/1009/2467
f 3259/1009/2466 3147/1009/2470 3261/1009/2468 3377/1009/201
f 3144/1009/2455 3260/1009/2471 3378/1009/2472 3255/1009/2453
f 3255/1009/2453 3378/1009/2472 3262/1009/2473 3145/1009/2454
f 3378/1009/2472 3263/1009/2474 3149/1009/2475 3262/1009/2473
f 3260/1009/2471 3148/1009/2476 3263/1009/2474 3378/1009/2472
f 3145/1009/1398 3262/1009/2477 3379/1009/52 3257/1009/2458
f 3257/1009/2458 3379/1009/52 3264/1009/2478 3146/1009/2459
f 3379/1009/52 3265/1009/2479 3150/1009/2480 3264/1009/2478
f 3262/1009/2477 3149/1009/2481 3265/1009/2479 3379/1009/52
f 3146/1009/2465 3264/1009/2482 3380/1009/2483 3258/1009/2463
f 3258/1009/2463 3380/1009/2483 3259/1009/2484 3143/1009/2464
f 3380/1009/2483 3266/1009/2485 3147/1009/2486 3259/1009/2484
f 3264/1009/2482 3150/1009/2487 3266/1009/2485 3380/1009/2483
f 3147/1009/2470 3267/1009/2449 3381/1009/1135 3261/1009/2468
f 3261/1009/2468 3381/1009/1135 3268/1009/2237 3148/1009/2469
f 3381/1009/1135 3269/1009/2488 3152/1009/2489 3268/1009/2237
f 3267/1009/2449 3151/1009/2490 3269/1009/2488 3381/1009/1135
f 3148/1009/2476 3268/1009/2491 3382/1009/2492 3263/1009/2474
f 3263/1009/2474 3382/1009/2492 3270/1009/2493 3149/1009/2475
f 3382/1009/2492 3271/1009/2494 3153/1009/2495 3270/1009/2493
f 3268/1009/2491 3152/1009/2496 3271/1009/2494 3382/1009/2492
f 3149/1009/2481 3270/1009/2245 3383/1009/2266 3265/1009/2479
f 3265/1009/2479 3383/1009/2266 3272/1009/2459 3150/1009/2480
f 3383/1009/2266 3273/1009/2497 3154/1009/2498 3272/1009/2459
f 3270/1009/2245 3153/1009/2499 3273/1009/2497 3383/1009/2266
f 3150/1009/2487 3272/1009/2500 3384/1009/2501 3266/1009/2485
f 3266/1009/2485 3384/1009/2501 3267/1009/2502 3147/1009/2486
f 3384/1009/2501 3274/1009/2503 3151/1009/2504 3267/1009/2502
f 3272/1009/2500 3154/1009/2505 3274/1009/2503 3384/1009/2501
f 3151/1009/2490 3275/1009/2506 3385/1009/1385 3269/1009/2488
f 3269/1009/2488 3385/1009/1385 3276/1009/2507 3152/1009/2489
f 3385/1009/1385 3277/1009/2508 3156/1009/2509 3276/1009/2507
f 3275/1009/2506 3155/1009/2510 3277/1009/2508 3385/1009/1385
f 3152/1009/2496 3276/1009/2511 3386/1009/2512 3271/1009/2494
f 3271/1009/2494 3386/1009/2512 3278/1009/2513 3153/1009/2495
f 3386/1009/2512 3279/1009/2514 3157/1009/2515 3278/1009/2513
f 3276/1009/2511 3156/1009/2516 3279/1009/2514 3386/1009/2512
f 3153/1009/2499 3278/1009/2517 3387/1009/2266 3273/1009/2497
f 3273/1009/2497 3387/1009/2266 3280/1009/2518 3154/1009/2498
f 3387/1009/2266 3281/1009/2519 3158/1009/2520 3280/1009/2518
f 3278/1009/2517 3157/1009/2521 3281/1009/2519 3387/1009/2266
f 3154/1009/2505 3280/1009/2522 3388/1009/2523 3274/1009/2503
f 3274/1009/2503 3388/1009/2523 3275/1009/2524 3151/1009/2504
f 3388/1009/2523 3282/1009/2525 3155/1009/2526 3275/1009/2524
f 3280/1009/2522 3158/1009/2527 3282/1009/2525 3388/1009/2523
f 3155/1009/2510 3283/1009/1672 3389/1009/2528 3277/1009/2508
f 3277/1009/2508 3389/1009/2528 3284/1009/2529 3156/1009/2509
f 3389/1009/2528 3220/1009/2530 3160/1009/2531 3284/1009/2529
f 3283/1009/1672 3159/1009/2532 3220/1009/2530 3389/1009/2528
f 3156/1009/2516 3284/1009/2533 3390/1009/2534 3279/1009/2514
f 3279/1009/2514 3390/1009/2534 3285/1009/2535 3157/1009/2515
f 3390/1009/2534 3205/1009/2405 3161/1009/2407 3285/1009/2535
f 3284/1009/2533 3160/1009/2406 3205/1009/2405 3390/1009/2534
f 3157/1009/2521 3285/1009/2536 3391/1009/2537 3281/1009/2519
f 3281/1009/2519 3391/1009/2537 3286/1009/2538 3158/1009/2520
f 3391/1009/2537 3208/1009/2429 3162/1009/2431 3286/1009/2538
f 3285/1009/2536 3161/1009/2427 3208/1009/2429 3391/1009/2537
f 3158/1009/2527 3286/1009/2539 3392/1009/2540 3282/1009/2525
f 3282/1009/2525 3392/1009/2540 3283/1009/2541 3155/1009/2526
f 3392/1009/2540 3211/1009/2325 3159/1009/2327 3283/1009/2541
f 3286/1009/2539 3162/1009/2322 3211/1009/2325 3392/1009/2540
f 3163/1009/2542 3287/1009/2543 3393/1009/2544 3288/1009/2119
f 3288/1009/2119 3393/1009/2544 3289/1009/2545 3164/1009/2546
f 3393/1009/2544 3290/1009/2547 3124/1009/2548 3289/1009/2545
f 3287/1009/2543 3123/1009/2549 3290/1009/2547 3393/1009/2544
f 3164/1009/2550 3289/1009/2551 3394/1009/2552 3291/1009/2553
f 3291/1009/2553 3394/1009/2552 3292/1009/2554 3165/1009/2555
f 3394/1009/2552 3293/1009/2556 3125/1009/2557 3292/1009/2554
f 3289/1009/2551 3124/1009/2558 3293/1009/2556 3394/1009/2552
f 3165/1009/32 3292/1009/32 3395/1009/32 3294/1009/32
f 3294/1009/32 3395/1009/32 3295/1009/32 3166/1009/32
f 3395/1009/32 3296/1009/32 3126/1009/32 3295/1009/32
f 3292/1009/32 3125/1009/32 3296/1009/32 3395/1009/32
f 3166/1009/2559 3295/1009/2560 3396/1009/2561 3297/1009/2562
f 3297/1009/2562 3396/1009/2561 3287/1009/2563 3163/1009/2564
f 3396/1009/2561 3298/1009/2565 3123/1009/2566 3287/1009/2563
f 3295/1009/2560 3126/1009/2567 3298/1009/2565 3396/1009/2561
f 3119/1009/2568 3299/1009/2569 3397/1009/2147 3213/1009/2570
f 3213/1009/2570 3397/1009/2147 3300/1009/2571 3120/1009/2572
f 3397/1009/2147 3288/1009/2119 3164/1009/2546 3300/1009/2571
f 3299/1009/2569 3163/1009/2542 3288/1009/2119 3397/1009/2147
f 3120/1009/2573 3300/1009/2574 3398/1009/2575 3217/1009/2576
f 3217/1009/2576 3398/1009/2575 3301/1009/2577 3121/1009/2578
f 3398/1009/2575 3291/1009/2553 3165/1009/2555 3301/1009/2577
f 3300/1009/2574 3164/1009/2550 3291/1009/2553 3398/1009/2575
f 3121/1009/32 3301/1009/32 3399/1009/32 3219/1009/32
f 3219/1009/32 3399/1009/32 3302/1009/32 3122/1009/32
f 3399/1009/32 3294/1009/32 3166/1009/32 3302/1009/32
f 3301/1009/32 3165/1009/32 3294/1009/32 3399/1009/32
f 3122/1009/2579 3302/1009/2580 3400/1009/2581 3224/1009/2582
f 3224/1009/2582 3400/1009/2581 3299/1009/2583 3119/1009/2584
f 3400/1009/2581 3297/1009/2562 3163/1009/2564 3299/1009/2583
f 3302/1009/2580 3166/1009/2559 3297/1009/2562 3400/1009/2581
f 3171/1009/2585 3303/1009/2586 3401/1009/2587 3304/1009/2588
f 3304/1009/2588 3401/1009/2587 3305/1009/2589 3172/1009/2590
f 3401/1009/2587 3196/1009/2591 3168/1009/2592 3305/1009/2589
f 3303/1009/2586 3167/1009/2593 3196/1009/2591 3401/1009/2587
f 3172/1009/2594 3305/1009/2595 3402/1009/2596 3306/1009/2597
f 3306/1009/2597 3402/1009/2596 3307/1009/2598 3173/1009/2599
f 3402/1009/2596 3195/1009/2334 3169/1009/2336 3307/1009/2598
f 3305/1009/2595 3168/1009/2335 3195/1009/2334 3402/1009/2596
f 3173/1009/2600 3307/1009/2601 3403/1009/2180 3308/1009/2602
f 3308/1009/2602 3403/1009/2180 3309/1009/2603 3174/1009/2604
f 3403/1009/2180 3199/1009/2432 3170/1009/2434 3309/1009/2603
f 3307/1009/2601 3169/1009/2433 3199/1009/2432 3403/1009/2180
f 3174/1009/2605 3309/1009/2606 3404/1009/2607 3310/1009/2608
f 3310/1009/2608 3404/1009/2607 3303/1009/2609 3171/1009/2610
f 3404/1009/2607 3198/1009/2404 3167/1009/2403 3303/1009/2609
f 3309/1009/2606 3170/1009/2408 3198/1009/2404 3404/1009/2607
f 3175/1009/2611 3311/1009/2612 3405/1009/1627 3312/1009/1912
f 3312/1009/1912 3405/1009/1627 3313/1009/2613 3176/1009/2614
f 3405/1009/1627 3304/1009/2588 3172/1009/2590 3313/1009/2613
f 3311/1009/2612 3171/1009/2585 3304/1009/2588 3405/1009/1627
f 3176/1009/2615 3313/1009/2616 3406/1009/2617 3314/1009/2618
f 3314/1009/2618 3406/1009/2617 3315/1009/2619 3177/1009/2620
f 3406/1009/2617 3306/1009/2597 3173/1009/2599 3315/1009/2619
f 3313/1009/2616 3172/1009/2594 3306/1009/2597 3406/1009/2617
f 3177/1009/2621 3315/1009/2622 3407/1009/2266 3316/1009/2623
f 3316/1009/2623 3407/1009/2266 3317/1009/2624 3178/1009/2625
f 3407/1009/2266 3308/1009/2602 3174/1009/2604 3317/1009/2624
f 3315/1009/2622 3173/1009/2600 3308/1009/2602 3407/1009/2266
f 3178/1009/2626 3317/1009/2627 3408/1009/2628 3318/1009/2629
f 3318/1009/2629 3408/1009/2628 3311/1009/2630 3175/1009/2631
f 3408/1009/2628 3310/1009/2608 3171/1009/2610 3311/1009/2630
f 3317/1009/2627 3174/1009/2605 3310/1009/2608 3408/1009/2628
f 3179/1009/2632 3319/1009/2018 3409/1009/1135 3320/1009/2633
f 3320/1009/2633 3409/1009/1135 3321/1009/2019 3180/1009/2634
f 3409/1009/1135 3312/1009/1912 3176/1009/2614 3321/1009/2019
f 3319/1009/2018 3175/1009/2611 3312/1009/1912 3409/1009/1135
f 3180/1009/2635 3321/1009/2636 3410/1009/2637 3322/1009/2638
f 3322/1009/2638 3410/1009/2637 3323/1009/2639 3181/1009/2640
f 3410/1009/2637 3314/1009/2618 3177/1009/2620 3323/1009/2639
f 3321/1009/2636 3176/1009/2615 3314/1009/2618 3410/1009/2637
f 3181/1009/2641 3323/1009/2642 3411/1009/2266 3324/1009/2643
f 3324/1009/2643 3411/1009/2266 3325/1009/2644 3182/1009/2645
f 3411/1009/2266 3316/1009/2623 3178/1009/2625 3325/1009/2644
f 3323/1009/2642 3177/1009/2621 3316/1009/2623 3411/1009/2266
f 3182/1009/2646 3325/1009/2647 3412/1009/2648 3326/1009/2649
f 3326/1009/2649 3412/1009/2648 3319/1009/2650 3179/1009/2651
f 3412/1009/2648 3318/1009/2629 3175/1009/2631 3319/1009/2650
f 3325/1009/2647 3178/1009/2626 3318/1009/2629 3412/1009/2648
f 3183/1009/2652 3327/1009/2653 3413/1009/201 3328/1009/2654
f 3328/1009/2654 3413/1009/201 3329/1009/2061 3184/1009/2019
f 3413/1009/201 3320/1009/2633 3180/1009/2634 3329/1009/2061
f 3327/1009/2653 3179/1009/2632 3320/1009/2633 3413/1009/201
f 3184/1009/2655 3329/1009/2656 3414/1009/2657 3330/1009/2658
f 3330/1009/2658 3414/1009/2657 3331/1009/2659 3185/1009/2660
f 3414/1009/2657 3322/1009/2638 3181/1009/2640 3331/1009/2659
f 3329/1009/2656 3180/1009/2635 3322/1009/2638 3414/1009/2657
f 3185/1009/2642 3331/1009/2072 3415/1009/52 3332/1009/2661
f 3332/1009/2661 3415/1009/52 3333/1009/2662 3186/1009/2663
f 3415/1009/52 3324/1009/2643 3182/1009/2645 3333/1009/2662
f 3331/1009/2072 3181/1009/2641 3324/1009/2643 3415/1009/52
f 3186/1009/2664 3333/1009/2665 3416/1009/2666 3334/1009/2667
f 3334/1009/2667 3416/1009/2666 3327/1009/2668 3183/1009/2669
f 3416/1009/2666 3326/1009/2649 3179/1009/2651 3327/1009/2668
f 3333/1009/2665 3182/1009/2646 3326/1009/2649 3416/1009/2666
f 3187/1009/2670 3335/1009/2671 3417/1009/1341 3336/1009/2672
f 3336/1009/2672 3417/1009/1341 3337/1009/2673 3188/1009/1823
f 3417/1009/1341 3328/1009/2654 3184/1009/2019 3337/1009/2673
f 3335/1009/2671 3183/1009/2652 3328/1009/2654 3417/1009/1341
f 3188/1009/2674 3337/1009/2675 3418/1009/2676 3338/1009/2677
f 3338/1009/2677 3418/1009/2676 3339/1009/2678 3189/1009/2679
f 3418/1009/2676 3330/1009/2658 3185/1009/2660 3339/1009/2678
f 3337/1009/2675 3184/1009/2655 3330/1009/2658 3418/1009/2676
f 3189/1009/2680 3339/1009/2681 3419/1009/2071 3340/1009/2682
f 3340/1009/2682 3419/1009/2071 3341/1009/2683 3190/1009/1893
f 3419/1009/2071 3332/1009/2661 3186/1009/2663 3341/1009/2683
f 3339/1009/2681 3185/1009/2642 3332/1009/2661 3419/1009/2071
f 3190/1009/2684 3341/1009/2685 3420/1009/2686 3342/1009/2687
f 3342/1009/2687 3420/1009/2686 3335/1009/2688 3187/1009/2689
f 3420/1009/2686 3334/1009/2667 3183/1009/2669 3335/1009/2688
f 3341/1009/2685 3186/1009/2664 3334/1009/2667 3420/1009/2686
f 3123/1009/2690 3343/1009/2691 3421/1009/2692 3290/1009/2693
f 3290/1009/2693 3421/1009/2692 3344/1009/2694 3124/1009/2695
f 3421/1009/2692 3336/1009/2672 3188/1009/1823 3344/1009/2694
f 3343/1009/2691 3187/1009/2670 3336/1009/2672 3421/1009/2692
f 3124/1009/2558 3344/1009/2696 3422/1009/2697 3293/1009/2556
f 3293/1009/2556 3422/1009/2697 3345/1009/2698 3125/1009/2557
f 3422/1009/2697 3338/1009/2677 3189/1009/2679 3345/1009/2698
f 3344/1009/2696 3188/1009/2674 3338/1009/2677 3422/1009/2697
f 3125/1009/2699 3345/1009/2700 3423/1009/2287 3296/1009/2701
f 3296/1009/2701 3423/1009/2287 3346/1009/2702 3126/1009/2703
f 3423/1009/2287 3340/1009/2682 3190/1009/1893 3346/1009/2702
f 3345/1009/2700 3189/1009/2680 3340/1009/2682 3423/1009/2287
f 3126/1009/2567 3346/1009/2704 3424/1009/2705 3298/1009/2565
f 3298/1009/2565 3424/1009/2705 3343/1009/2706 3123/1009/2566
f 3424/1009/2705 3342/1009/2687 3187/1009/2689 3343/1009/2706
f 3346/1009/2704 3190/1009/2684 3342/1009/2687 3424/1009/2705
f 3191/1009/2707 3347/1009/2708 3425/1009/2709 3218/1009/2710
f 3218/1009/2710 3425/1009/2709 3348/1009/2711 3192/1009/2712
f 3425/1009/2709 3197/1009/2301 3132/1009/2302 3348/1009/2711
f 3347/1009/2708 3131/1009/2300 3197/1009/2301 3425/1009/2709
f 3192/1009/2330 3348/1009/2713 3426/1009/2714 3214/1009/2328
f 3214/1009/2328 3426/1009/2714 3349/1009/2715 3193/1009/2329
f 3426/1009/2714 3225/1009/1447 3133/1009/2321 3349/1009/2715
f 3348/1009/2713 3132/1009/2320 3225/1009/1447 3426/1009/2714
f 3193/1009/2716 3349/1009/2717 3427/1009/2718 3222/1009/2719
f 3222/1009/2719 3427/1009/2718 3350/1009/2720 3194/1009/2721
f 3427/1009/2718 3226/1009/2315 3134/1009/2316 3350/1009/2720
f 3349/1009/2717 3133/1009/2314 3226/1009/2315 3427/1009/2718
f 3194/1009/2440 3350/1009/2722 3428/1009/2723 3201/1009/2437
f 3201/1009/2437 3428/1009/2723 3347/1009/2724 3191/1009/2438
f 3428/1009/2723 3221/1009/1435 3131/1009/2307 3347/1009/2724
f 3350/1009/2722 3134/1009/2306 3221/1009/1435 3428/1009/2723
f 3592/1010/2725 3466/1011/2726 3432/7/2727 3445/1012/2728
f 3659/1013/2729 3530/1014/2730 3883/1014/2731 3723/1015/2729
f 3536/1016/2732 3692/1017/2729 3739/1018/2729 3770/1019/2733
f 3691/1020/2734 3696/1021/2734 3742/1022/2735 3740/1023/2736
f 3459/1024/201 3467/1025/201 3433/11/201 3429/12/201
f 3480/1026/52 3460/1027/52 3430/508/52 3434/3/52
f 3719/1028/2737 3487/1029/2738 3755/1029/2739 3753/1030/2737
f 3494/1031/2740 3716/1032/2732 3751/1033/2732 3758/1031/2741
f 3711/1034/2742 3501/1035/2743 3759/1035/2744 3749/1036/2742
f 3508/1037/2745 3708/1038/2733 3747/1039/2733 3762/1040/2746
f 3703/1041/2747 3515/1042/2748 3763/1042/2749 3745/1043/2747
f 3522/1044/2750 3700/1045/2751 3743/1046/2751 3766/1044/2752
f 3695/1047/2753 3529/1048/2737 3767/1048/2742 3741/1049/2753
f 3536/1016/2754 3480/1026/2754 3434/3/2755 3693/1050/2756 3692/1017/2757
f 3433/11/2758 3722/1051/2758 3721/1052/2759 3437/1053/2759 3429/29/2758
f 3675/1054/2760 3678/1055/2761 3673/1056/2762 3672/1057/2763 3509/1058/2764 3502/1059/2764
f 3718/1060/2765 3717/1061/2766 3714/1062/2766 3713/1063/2767 3439/1064/2768 3438/1065/2765
f 3646/1066/2769 3520/1067/2770 3863/1067/2771 3862/1066/2772
f 3710/1068/2773 3709/1069/2774 3706/1070/2774 3705/1071/2775 3441/1072/2775 3440/1073/2773
f 3489/1074/2776 3490/1075/2777 3791/1075/2778 3789/1074/2779
f 3702/1076/2780 3701/1077/2781 3698/1078/2781 3697/1079/2782 3443/1080/2782 3442/1081/2780
f 3849/1082/2783 3866/1083/2784 3765/1084/2785 3764/1085/2786
f 3694/1086/2787 3693/1050/2788 3434/3/2788 3430/305/2788 3444/1087/2787
f 3683/1088/2730 3488/1089/2789 3787/1089/2790 3735/1090/2730
f 3687/1091/2791 3684/1092/2791 3736/1093/2791 3738/1094/2791
f 3675/1054/2731 3502/1059/2792 3819/1059/2793 3731/1095/2731
f 3679/1096/2794 3676/1097/2794 3732/1098/2795 3734/1099/2796
f 3667/1100/2797 3516/1101/2798 3851/1101/2799 3727/1102/2797
f 3671/1103/2800 3668/1104/2800 3728/1105/2801 3730/1106/2802
f 3445/1012/2803 3432/7/2804 3436/18/2804 3662/1107/2804 3661/1108/2803
f 3453/1109/2805 3543/1110/2806 3452/1111/2807 3431/20/2808
f 3543/1110/2806 3550/1112/2809 3451/1113/2810 3452/1111/2807
f 3550/1112/2809 3557/1114/2811 3450/1115/2812 3451/1113/2810
f 3557/1114/2811 3564/1116/2813 3449/1117/2814 3450/1115/2812
f 3564/1116/2813 3571/1118/2815 3448/1119/2816 3449/1117/2814
f 3571/1118/2815 3578/1120/2817 3447/1121/2818 3448/1119/2816
f 3578/1120/2817 3585/1122/2819 3446/1123/2820 3447/1121/2818
f 3585/1122/2819 3592/1010/2725 3445/1012/2728 3446/1123/2820
f 3443/1124/2821 3444/1125/2822 3586/1126/2823 3579/1127/2824
f 3579/1127/2824 3586/1126/2823 3587/1128/2825 3580/1129/2826
f 3580/1129/2826 3587/1128/2825 3588/1130/2827 3581/1131/2828
f 3637/1132/2829 3457/1133/2830 3595/1133/2831 3649/1132/2832
f 3582/1134/2751 3464/1135/2833 3598/1135/2732 3628/1134/2834
f 3583/1136/2835 3590/1137/2836 3591/1138/2837 3584/1139/2838
f 3584/1139/2838 3591/1138/2837 3592/1010/2725 3585/1122/2819
f 3442/1140/2839 3443/1124/2821 3579/1127/2824 3572/1141/2840
f 3572/1141/2840 3579/1127/2824 3580/1129/2826 3573/1142/2841
f 3573/1142/2841 3580/1129/2826 3581/1131/2828 3574/1143/2842
f 3590/1137/13 3583/1136/13 3619/1136/13 3622/1137/13
f 3464/1144/13 3590/1137/13 3622/1137/13 3598/1144/13
f 3576/1145/2843 3583/1136/2835 3584/1139/2838 3577/1146/2844
f 3577/1146/2844 3584/1139/2838 3585/1122/2819 3578/1120/2817
f 3441/1147/2845 3442/1140/2839 3572/1141/2840 3565/1148/2846
f 3565/1148/2846 3572/1141/2840 3573/1142/2841 3566/1149/2847
f 3566/1149/2847 3573/1142/2841 3574/1143/2842 3567/1150/2848
f 3583/1136/13 3576/1145/13 3616/1145/13 3619/1136/13
f 3589/1151/2747 3456/710/2849 3594/710/2850 3627/1151/2851
f 3569/1152/2852 3576/1145/2843 3577/1146/2844 3570/1153/2853
f 3570/1153/2853 3577/1146/2844 3578/1120/2817 3571/1118/2815
f 3440/1154/2854 3441/1147/2845 3565/1148/2846 3558/1155/2855
f 3558/1155/2855 3565/1148/2846 3566/1149/2847 3559/1156/2856
f 3559/1156/2856 3566/1149/2847 3567/1150/2848 3560/1157/2857
f 3576/1145/13 3569/1152/13 3613/1152/13 3616/1145/13
f 3638/1158/2797 3463/1159/2858 3597/1159/2859 3650/1158/2860
f 3562/1160/2861 3569/1152/2852 3570/1153/2853 3563/1161/2862
f 3563/1161/2862 3570/1153/2853 3571/1118/2815 3564/1116/2813
f 3439/1162/2863 3440/1154/2854 3558/1155/2855 3551/1163/2864
f 3551/1163/2864 3558/1155/2855 3559/1156/2856 3552/1164/2865
f 3552/1164/2865 3559/1156/2856 3560/1157/2857 3553/1165/2866
f 3569/1152/13 3562/1160/13 3610/1160/13 3613/1152/13
f 3562/1160/13 3555/1166/13 3607/1166/13 3610/1160/13
f 3555/1166/2867 3562/1160/2861 3563/1161/2862 3556/1167/2868
f 3556/1167/2868 3563/1161/2862 3564/1116/2813 3557/1114/2811
f 3438/1168/2869 3439/1162/2863 3551/1163/2864 3544/1169/2870
f 3544/1169/2870 3551/1163/2864 3552/1164/2865 3545/1170/2871
f 3545/1170/2871 3552/1164/2865 3553/1165/2866 3546/1171/2872
f 3581/1131/32 3588/1130/32 3620/1130/32 3617/1131/32
f 3555/1166/13 3548/1172/13 3604/1172/13 3607/1166/13
f 3548/1172/2873 3555/1166/2867 3556/1167/2868 3549/1173/2874
f 3549/1173/2874 3556/1167/2868 3557/1114/2811 3550/1112/2809
f 3437/1174/2875 3438/1168/2869 3544/1169/2870 3537/1175/2876
f 3537/1175/2876 3544/1169/2870 3545/1170/2871 3538/1176/2877
f 3538/1176/2877 3545/1170/2871 3546/1171/2872 3539/1177/2878
f 3588/1130/32 3462/1178/32 3596/1178/32 3620/1130/32
f 3574/1143/32 3581/1131/32 3617/1131/32 3614/1143/32
f 3541/1179/2879 3548/1172/2873 3549/1173/2874 3542/1180/2880
f 3542/1180/2880 3549/1173/2874 3550/1112/2809 3543/1110/2806
f 3429/90/2881 3437/1174/2875 3537/1175/2876 3459/1181/2882
f 3459/1181/2882 3537/1175/2876 3538/1176/2877 3458/1182/2883
f 3458/1182/2883 3538/1176/2877 3539/1177/2878 3457/1183/2884
f 3548/1172/13 3541/1179/13 3601/1179/13 3604/1172/13
f 3567/1150/32 3574/1143/32 3614/1143/32 3611/1150/32
f 3455/1184/2885 3541/1179/2879 3542/1180/2880 3454/1185/2886
f 3454/1185/2886 3542/1180/2880 3543/1110/2806 3453/1109/2805
f 3450/1115/2887 3449/1117/2888 3677/1186/2888 3676/1097/2889 3679/1096/2889 3682/1187/2890
f 3522/1044/2891 3529/1048/2891 3695/1047/2892 3698/1078/2893 3701/1077/2894 3700/1045/2895
f 3843/1188/2896 3860/1189/2896 3861/1190/2897 3846/1191/2898
f 3435/23/2899 3689/1192/2900 3688/1193/2901 3481/1194/2902 3473/1195/2902
f 3516/1101/2798 3517/1196/2903 3853/1196/2904 3851/1101/2799
f 3699/1197/2905 3704/1198/2905 3746/1199/2906 3744/1200/2907
f 3644/1201/2908 3506/1202/2909 3831/1202/2910 3830/1201/2911
f 3523/1203/2831 3664/1204/2753 3725/1205/2753 3868/1203/2912
f 3516/1101/2913 3523/1203/2913 3524/1206/2914 3517/1196/2914
f 3517/1196/2914 3524/1206/2914 3525/1207/2915 3518/1208/2916
f 3624/1209/2917 3625/1210/2918 3526/1211/2919 3519/1212/2919
f 3646/1066/2920 3647/1213/2921 3527/1214/2922 3520/1067/2923
f 3520/1067/2923 3527/1214/2922 3528/1215/2924 3521/1216/2924
f 3521/1216/2924 3528/1215/2924 3529/1048/2891 3522/1044/2891
f 3785/1217/2925 3802/1218/2926 3757/1219/2927 3756/1219/2927
f 3847/1220/2928 3864/1221/2929 3866/1083/2784 3849/1082/2783
f 3448/1119/2930 3447/1121/2931 3669/1222/2931 3668/1104/2932 3671/1103/2932 3674/1223/2930
f 3508/1037/2933 3515/1042/2933 3703/1041/2934 3706/1070/2935 3709/1069/2936 3708/1038/2937
f 3499/1224/2938 3643/1225/2939 3813/1225/2940 3816/1224/2941
f 3783/1226/2942 3800/1227/2943 3802/1218/2926 3785/1217/2925
f 3842/1228/2944 3857/1229/2945 3860/1189/2896 3843/1188/2896
f 3509/1058/2946 3672/1057/2829 3729/1230/2829 3836/1058/2947
f 3502/1059/2764 3509/1058/2764 3510/1231/2948 3503/1232/2948
f 3503/1232/2948 3510/1231/2948 3511/1233/2949 3504/1234/2950
f 3540/1235/2951 3623/1236/2952 3512/1237/2953 3505/1238/2953
f 3644/1201/2954 3645/1239/2955 3513/1240/2956 3506/1202/2957
f 3506/1202/2957 3513/1240/2956 3514/1241/2958 3507/1242/2958
f 3507/1242/2958 3514/1241/2958 3515/1042/2933 3508/1037/2933
f 3707/1243/2959 3712/1244/2959 3750/1245/2960 3748/1246/2961
f 3642/1247/2962 3492/1248/2963 3799/1248/2964 3798/1247/2965
f 3782/1249/2966 3797/1250/2967 3800/1227/2943 3783/1226/2942
f 3837/1251/2968 3854/1252/2969 3856/1253/2970 3839/1254/2971
f 3667/1100/2972 3670/1255/2973 3665/1256/2974 3664/1204/2975 3523/1203/2913 3516/1101/2913
f 3494/1031/2976 3501/1035/2976 3711/1034/2977 3714/1062/2978 3717/1061/2979 3716/1032/2980
f 3779/1257/2981 3796/1258/2981 3797/1250/2967 3782/1249/2966
f 3495/1259/2982 3680/1260/2983 3733/1261/2983 3804/1259/2984
f 3488/1089/2985 3495/1259/2985 3496/1262/2986 3489/1074/2986
f 3489/1074/2986 3496/1262/2986 3497/1263/2987 3490/1075/2988
f 3554/1264/2989 3547/1265/2990 3498/1266/2991 3491/1267/2991
f 3642/1247/2992 3643/1225/2993 3499/1224/2994 3492/1248/2995
f 3492/1248/2995 3499/1224/2994 3500/1268/2996 3493/1269/2996
f 3493/1269/2996 3500/1268/2996 3501/1035/2976 3494/1031/2976
f 3778/1270/2997 3793/1271/2998 3796/1258/2981 3779/1257/2981
f 3835/1272/2999 3852/1273/3000 3854/1252/2969 3837/1251/2968
f 3482/1274/3001 3481/1194/3002 3772/1194/3003 3774/1274/3004
f 3715/1275/3005 3720/1276/3005 3754/1277/3006 3752/1278/3007
f 3773/1279/3008 3790/1280/3009 3792/1281/3010 3775/1282/3011
f 3449/1117/2888 3448/1119/2930 3674/1223/2930 3673/1056/3012 3678/1055/3012 3677/1186/2888
f 3481/1194/3002 3688/1193/2831 3737/1283/2831 3772/1194/3003
f 3473/1195/2902 3481/1194/2902 3482/1274/3013 3472/1284/3014
f 3472/1284/3014 3482/1274/3013 3483/1285/3015 3471/1286/3016
f 3575/1287/3017 3561/1288/3018 3484/1289/3019 3470/1290/3019
f 3639/1291/3020 3641/1292/3021 3485/1293/3022 3469/1294/3023
f 3469/1294/3023 3485/1293/3022 3486/1295/3024 3468/1296/3025
f 3468/1296/3025 3486/1295/3024 3487/1029/3026 3467/1025/3026
f 3436/18/52 3432/99/52 3466/1297/52 3474/1298/52
f 3474/1298/52 3466/1297/52 3465/1299/52 3475/1300/52
f 3475/1300/52 3465/1299/52 3464/1135/2833 3476/1301/52
f 3568/1302/52 3582/1134/2751 3463/1159/2858 3477/656/52
f 3640/1303/52 3638/1158/2797 3462/1304/3027 3478/1305/52
f 3478/1305/52 3462/1304/3027 3461/1306/52 3479/1307/52
f 3479/1307/52 3461/1306/52 3460/1027/52 3480/1026/52
f 3431/100/201 3435/23/201 3473/1195/201 3453/1308/201
f 3453/1308/201 3473/1195/201 3472/1284/201 3454/1309/201
f 3454/1309/201 3472/1284/201 3471/1286/201 3455/1310/3028
f 3589/1151/2747 3575/1287/201 3470/1290/201 3456/710/2849
f 3637/1132/2829 3639/1291/201 3469/1294/201 3457/1133/2830
f 3457/1133/2830 3469/1294/201 3468/1296/201 3458/1311/201
f 3458/1311/201 3468/1296/201 3467/1025/201 3459/1024/201
f 3446/1123/3029 3445/1012/2803 3661/1108/2803 3660/1312/3030 3663/1313/3030 3666/1314/3029
f 3530/1014/3031 3474/1298/3031 3475/1300/3032 3531/1315/3032
f 3531/1315/3032 3475/1300/3032 3476/1301/3033 3532/1316/3033
f 3626/1317/3034 3568/1302/3034 3477/656/3035 3533/1318/3035
f 3648/1319/3036 3640/1303/3036 3478/1305/3037 3534/1320/3037
f 3534/1320/3037 3478/1305/3037 3479/1307/3038 3535/1321/3038
f 3535/1321/3038 3479/1307/3038 3480/1026/2754 3536/1016/2754
f 3444/1125/2822 3430/96/3039 3460/1322/3040 3586/1126/2823
f 3586/1126/2823 3460/1322/3040 3461/1323/3041 3587/1128/2825
f 3587/1128/2825 3461/1323/3041 3462/1178/2827 3588/1130/2827
f 3541/1179/13 3455/1184/13 3593/1184/13 3601/1179/13
f 3560/1157/32 3567/1150/32 3611/1150/32 3608/1157/32
f 3590/1137/2836 3464/1144/2836 3465/1324/3042 3591/1138/2837
f 3591/1138/2837 3465/1324/3042 3466/1011/2726 3592/1010/2725
f 3657/1325/3043 3658/1326/3044 3621/1327/3045 3618/1328/3046
f 3635/1329/3047 3636/1330/3048 3622/1137/3049 3619/1136/3050
f 3656/1331/3051 3657/1325/3043 3618/1328/3046 3615/1332/3052
f 3634/1333/3053 3635/1329/3047 3619/1136/3050 3616/1145/3054
f 3655/1334/3055 3656/1331/3051 3615/1332/3052 3612/1335/3056
f 3633/1336/3057 3634/1333/3053 3616/1145/3054 3613/1152/3058
f 3654/1337/3059 3655/1334/3055 3612/1335/3056 3609/1338/3060
f 3632/1339/3061 3633/1336/3057 3613/1152/3058 3610/1160/3062
f 3653/1340/3063 3654/1337/3059 3609/1338/3060 3606/1341/3064
f 3631/1342/3065 3632/1339/3061 3610/1160/3062 3607/1166/3066
f 3652/1343/3067 3653/1340/3063 3606/1341/3064 3603/1344/3068
f 3630/1345/3069 3631/1342/3065 3607/1166/3066 3604/1172/3070
f 3651/1346/3071 3652/1343/3067 3603/1344/3068 3600/1347/3072
f 3629/1348/3073 3630/1345/3069 3604/1172/3070 3601/1179/3074
f 3649/1349/3075 3651/1346/3071 3600/1347/3072 3594/703/3076
f 3627/1350/3077 3629/1348/3073 3601/1179/3074 3593/1184/3078
f 3658/1326/3044 3650/1351/3079 3597/1352/3080 3621/1327/3045
f 3636/1330/3048 3628/1353/3081 3598/1144/3082 3622/1137/3049
f 3457/1183/32 3539/1177/32 3599/1177/32 3595/1183/32
f 3539/1177/32 3546/1171/32 3602/1171/32 3599/1177/32
f 3546/1171/32 3553/1165/32 3605/1165/32 3602/1171/32
f 3553/1165/32 3560/1157/32 3608/1157/32 3605/1165/32
f 3621/1327/3045 3597/1352/3080 3628/1353/3081 3636/1330/3048
f 3594/703/3076 3600/1347/3072 3629/1348/3073 3627/1350/3077
f 3600/1347/3072 3603/1344/3068 3630/1345/3069 3629/1348/3073
f 3603/1344/3068 3606/1341/3064 3631/1342/3065 3630/1345/3069
f 3606/1341/3064 3609/1338/3060 3632/1339/3061 3631/1342/3065
f 3609/1338/3060 3612/1335/3056 3633/1336/3057 3632/1339/3061
f 3612/1335/3056 3615/1332/3052 3634/1333/3053 3633/1336/3057
f 3615/1332/3052 3618/1328/3046 3635/1329/3047 3634/1333/3053
f 3618/1328/3046 3621/1327/3045 3636/1330/3048 3635/1329/3047
f 3532/1316/3033 3476/1301/3033 3568/1302/3034 3626/1317/3034
f 3455/1310/3028 3471/1286/201 3575/1287/201 3589/1151/2747
f 3476/1301/52 3464/1135/2833 3582/1134/2751 3568/1302/52
f 3471/1286/3016 3483/1285/3015 3561/1288/3018 3575/1287/3017
f 3467/1025/3026 3487/1029/3026 3719/1028/3083 3722/1051/3084 3433/11/3085
f 3490/1075/2988 3497/1263/2987 3547/1265/2990 3554/1264/2989
f 3771/1354/3086 3788/1354/3086 3790/1280/3009 3773/1279/3008
f 3504/1234/2950 3511/1233/2949 3623/1236/2952 3540/1235/2951
f 3515/1042/2748 3514/1241/3087 3850/1241/3088 3763/1042/2749
f 3518/1208/2916 3525/1207/2915 3625/1210/2918 3624/1209/2917
f 3534/1320/3089 3535/1321/3090 3897/1321/3091 3895/1320/3092
f 3455/1310/3028 3589/1151/2747 3627/1151/2851 3593/1310/2737
f 3463/1159/2858 3582/1134/2751 3628/1134/2834 3597/1159/2859
f 3620/1130/3093 3596/1178/3094 3650/1351/3079 3658/1326/3044
f 3595/1183/3095 3599/1177/3096 3651/1346/3071 3649/1349/3075
f 3599/1177/3096 3602/1171/3097 3652/1343/3067 3651/1346/3071
f 3602/1171/3097 3605/1165/3098 3653/1340/3063 3652/1343/3067
f 3605/1165/3098 3608/1157/3099 3654/1337/3059 3653/1340/3063
f 3608/1157/3099 3611/1150/3100 3655/1334/3055 3654/1337/3059
f 3611/1150/3100 3614/1143/3101 3656/1331/3051 3655/1334/3055
f 3614/1143/3101 3617/1131/3102 3657/1325/3043 3656/1331/3051
f 3617/1131/3102 3620/1130/3093 3658/1326/3044 3657/1325/3043
f 3533/1318/3035 3477/656/3035 3640/1303/3036 3648/1319/3036
f 3456/710/2849 3470/1290/201 3639/1291/201 3637/1132/2829
f 3477/656/52 3463/1159/2858 3638/1158/2797 3640/1303/52
f 3470/1290/3019 3484/1289/3019 3641/1292/3021 3639/1291/3020
f 3726/1355/3103 3724/1356/3104 3884/1357/3105 3867/1358/3106
f 3491/1267/2991 3498/1266/2991 3643/1225/2993 3642/1247/2992
f 3431/20/3107 3452/1111/3108 3690/1359/3108 3689/1192/3107 3435/23/3107
f 3505/1238/2953 3512/1237/2953 3645/1239/2955 3644/1201/2954
f 3510/1231/3109 3509/1058/2946 3836/1058/2947 3838/1231/3110
f 3519/1212/2919 3526/1211/2919 3647/1213/2921 3646/1066/2920
f 3533/1318/3111 3648/1319/3112 3894/1319/3113 3891/1318/3111
f 3462/1304/3027 3638/1158/2797 3650/1158/2860 3596/1304/2730
f 3456/710/2849 3637/1132/2829 3649/1132/2832 3594/710/2850
f 3487/1029/2738 3486/1295/3114 3786/1295/3115 3755/1029/2739
f 3756/1219/2927 3757/1219/2927 3752/1278/3007 3754/1277/3006
f 3760/1360/3116 3761/1361/3117 3748/1246/2961 3750/1245/2960
f 3764/1085/2786 3765/1084/2785 3744/1200/2907 3746/1199/2906
f 3730/1106/2802 3728/1105/2801 3852/1273/3000 3835/1272/2999
f 3525/1207/3118 3524/1206/3119 3870/1206/3120 3872/1207/3121
f 3871/1362/3122 3888/1363/3123 3889/1364/3124 3874/1365/3125
f 3875/1366/3126 3892/1367/3126 3893/1368/3127 3878/1369/3128
f 3528/1215/3129 3527/1214/3130 3880/1214/3131 3882/1215/3132
f 3530/1014/2730 3531/1315/3133 3885/1315/3134 3883/1014/2731
f 3535/1321/3090 3536/1016/2732 3770/1019/2733 3897/1321/3091
f 3734/1099/2796 3732/1098/2795 3820/1370/3135 3803/1371/3136
f 3511/1233/3137 3510/1231/3109 3838/1231/3110 3840/1233/3138
f 3623/1236/3139 3511/1233/3137 3840/1233/3138 3841/1372/3140
f 3645/1239/3141 3512/1237/3142 3844/1237/3142 3845/1239/3143
f 3513/1240/3144 3645/1239/3141 3845/1239/3143 3848/1373/3145
f 3514/1241/3087 3513/1240/3144 3848/1373/3145 3850/1241/3088
f 3521/1216/3146 3522/1044/2750 3766/1044/2752 3865/1216/3147
f 3738/1094/3148 3736/1093/3149 3788/1354/3150 3771/1354/3148
f 3497/1263/3151 3496/1262/3152 3806/1374/3153 3808/1375/3154
f 3807/1376/3155 3824/1377/3156 3825/1378/3157 3810/1379/3158
f 3811/1380/3159 3828/1381/3159 3829/1382/3160 3814/1383/3161
f 3500/1268/3162 3499/1224/2938 3816/1224/2941 3818/1384/3163
f 3502/1059/2792 3503/1232/3164 3821/1232/3165 3819/1059/2793
f 3507/1242/3166 3508/1037/2745 3762/1040/2746 3833/1242/3167
f 3768/1385/3168 3769/1386/3169 3740/1023/2736 3742/1022/2735
f 3483/1285/3170 3482/1274/3001 3774/1274/3004 3776/1285/3171
f 3561/1288/3172 3483/1285/3170 3776/1285/3171 3777/1288/3173
f 3641/1292/3174 3484/1289/3175 3780/1289/3175 3781/1292/3176
f 3486/1295/3114 3485/1293/3177 3784/1293/3178 3786/1295/3115
f 3488/1089/2789 3489/1074/2776 3789/1074/2779 3787/1089/2790
f 3493/1269/3179 3494/1031/2740 3758/1031/2741 3801/1387/3180
f 3484/1289/3175 3561/1288/3172 3777/1288/3173 3780/1289/3175
f 3547/1265/3181 3497/1263/3151 3808/1375/3154 3809/1388/3182
f 3512/1237/3142 3623/1236/3139 3841/1372/3140 3844/1237/3142
f 3625/1210/3183 3525/1207/3118 3872/1207/3121 3873/1210/3184
f 3485/1293/3177 3641/1292/3174 3781/1292/3176 3784/1293/3178
f 3643/1225/2939 3498/1266/3185 3812/1266/3185 3813/1225/2940
f 3846/1191/2898 3861/1190/2897 3864/1221/2929 3847/1220/2928
f 3647/1213/3186 3526/1211/3187 3876/1211/3187 3877/1389/3188
f 3490/1075/2777 3554/1264/3189 3794/1264/3190 3791/1075/2778
f 3527/1214/3130 3647/1213/3186 3877/1389/3188 3880/1214/3131
f 3452/1111/3108 3451/1113/3191 3685/1390/3191 3684/1092/3192 3687/1091/3192 3690/1359/3108
f 3517/1196/2903 3518/1208/3193 3855/1208/3194 3853/1196/2904
f 3491/1267/3195 3642/1247/2962 3798/1247/2965 3795/1267/3195
f 3648/1319/3112 3534/1320/3089 3895/1320/3092 3894/1319/3113
f 3518/1208/3193 3624/1209/3196 3858/1209/3197 3855/1208/3194
f 3492/1248/2963 3493/1269/3179 3801/1387/3180 3799/1248/2964
f 3697/1079/2782 3696/1021/3198 3691/1020/3198 3694/1086/2787 3444/1087/2787 3443/1080/2782
f 3775/1282/3011 3792/1281/3010 3793/1271/2998 3778/1270/2997
f 3519/1212/3199 3646/1066/2769 3862/1066/2772 3859/1212/3199
f 3496/1262/3152 3495/1259/2982 3804/1259/2984 3806/1374/3153
f 3554/1264/3189 3491/1267/3195 3795/1267/3195 3794/1264/3190
f 3520/1067/2770 3521/1216/3146 3865/1216/3147 3863/1067/2771
f 3501/1035/2743 3500/1268/3162 3818/1384/3163 3759/1035/2744
f 3705/1071/2775 3704/1198/3200 3699/1197/3200 3702/1076/2780 3442/1081/2780 3441/1072/2775
f 3498/1266/3185 3547/1265/3181 3809/1388/3182 3812/1266/3185
f 3524/1206/3119 3523/1203/2831 3868/1203/2912 3870/1206/3120
f 3451/1113/3191 3450/1115/2887 3682/1187/2890 3681/1391/3201 3686/1392/3201 3685/1390/3191
f 3540/1235/3202 3505/1238/3203 3827/1238/3203 3826/1393/3204
f 3529/1048/2737 3528/1215/3129 3882/1215/3132 3767/1048/2742
f 3803/1371/3136 3820/1370/3135 3822/1394/3205 3805/1395/3206
f 3713/1063/2767 3712/1244/3207 3707/1243/3207 3710/1068/2773 3440/1073/2773 3439/1064/2768
f 3839/1254/2971 3856/1253/2970 3857/1229/2945 3842/1228/2944
f 3447/1121/2931 3446/1123/3029 3666/1314/3029 3665/1256/3208 3670/1255/3208 3669/1222/2931
f 3805/1395/3206 3822/1394/3205 3824/1377/3156 3807/1376/3155
f 3624/1209/3196 3519/1212/3199 3859/1212/3199 3858/1209/3197
f 3867/1358/3106 3884/1357/3105 3886/1396/3209 3869/1397/3210
f 3810/1379/3158 3825/1378/3157 3828/1381/3159 3811/1380/3159
f 3721/1052/2759 3720/1276/3211 3715/1275/3211 3718/1060/2765 3438/1065/2765 3437/1053/2759
f 3526/1211/3187 3625/1210/3183 3873/1210/3184 3876/1211/3187
f 3869/1397/3210 3886/1396/3209 3888/1363/3123 3871/1362/3122
f 3814/1383/3161 3829/1382/3160 3832/1398/3212 3815/1399/3213
f 3626/1317/3214 3533/1318/3111 3891/1318/3111 3890/1400/3215
f 3874/1365/3125 3889/1364/3124 3892/1367/3126 3875/1366/3126
f 3815/1399/3213 3832/1398/3212 3834/1401/3216 3817/1402/3216
f 3878/1369/3128 3893/1368/3127 3896/1403/3217 3879/1404/3218
f 3817/1402/3216 3834/1401/3216 3761/1361/3117 3760/1360/3116
f 3879/1404/3218 3896/1403/3217 3898/1405/3219 3881/1406/3219
f 3683/1088/3220 3686/1392/3221 3681/1391/3222 3680/1260/3223 3495/1259/2985 3488/1089/2985
f 3881/1406/3219 3898/1405/3219 3769/1386/3169 3768/1385/3168
f 3503/1232/3164 3504/1234/3224 3823/1234/3225 3821/1232/3165
f 3663/1313/3226 3660/1312/3226 3724/1356/3104 3726/1355/3103
f 3504/1234/3224 3540/1235/3202 3826/1393/3204 3823/1234/3225
f 3531/1315/3133 3532/1316/3227 3887/1316/3228 3885/1315/3134
f 3505/1238/3203 3644/1201/2908 3830/1201/2911 3827/1238/3203
f 3532/1316/3227 3626/1317/3214 3890/1400/3215 3887/1316/3228
f 3506/1202/2909 3507/1242/3166 3833/1242/3167 3831/1202/2910
f 3659/1013/3229 3660/1407/3230 3661/1108/3230 3662/1107/3231
f 3663/1313/3232 3664/1408/2975 3665/1256/2974 3666/1314/3232
f 3667/1100/2972 3668/1409/3233 3669/1222/3233 3670/1255/2973
f 3671/1103/3234 3672/1410/2763 3673/1056/2762 3674/1223/3234
f 3675/1054/2760 3676/1411/3235 3677/1186/3235 3678/1055/2761
f 3679/1096/3236 3680/1412/3223 3681/1391/3222 3682/1187/3236
f 3683/1088/3220 3684/1413/3237 3685/1390/3237 3686/1392/3221
f 3687/1091/3238 3688/1414/2901 3689/1192/2900 3690/1359/3238
f 3691/1020/3239 3692/1415/2757 3693/1050/2756 3694/1086/3239
f 3695/1047/2892 3696/1416/3240 3697/1079/3240 3698/1078/2893
f 3699/1197/3241 3700/1417/2895 3701/1077/2894 3702/1076/3241
f 3703/1041/2934 3704/1418/3242 3705/1071/3242 3706/1070/2935
f 3707/1243/3243 3708/1419/2937 3709/1069/2936 3710/1068/3243
f 3711/1034/2977 3712/1420/3244 3713/1063/3244 3714/1062/2978
f 3715/1275/3245 3716/1421/2980 3717/1061/2979 3718/1060/3245
f 3719/1028/3083 3720/1422/3246 3721/1052/3246 3722/1051/3084
f 3746/1199/3247 3704/1198/3248 3703/1041/3248 3745/1043/3249
f 3725/1205/3250 3664/1204/3251 3663/1313/3251 3726/1355/3252
f 3659/1013/3253 3723/1015/3254 3724/1356/3255 3660/1312/3253
f 3707/1243/3256 3748/1246/3257 3747/1039/3258 3708/1038/3256
f 3750/1245/3259 3712/1244/3260 3711/1034/3260 3749/1036/3261
f 3671/1103/3262 3730/1106/3263 3729/1230/3264 3672/1057/3262
f 3715/1275/3265 3752/1278/3266 3751/1033/3267 3716/1032/3265
f 3754/1277/3268 3720/1276/3269 3719/1028/3269 3753/1030/3270
f 3687/1091/3271 3738/1094/3272 3737/1283/3273 3688/1193/3271
f 3756/1219/3274 3754/1277/3268 3753/1030/3270 3755/1029/3275
f 3758/1031/3276 3751/1033/3267 3752/1278/3266 3757/1219/3276
f 3760/1360/3277 3750/1245/3259 3749/1036/3261 3759/1035/3277
f 3762/1040/3278 3747/1039/3258 3748/1246/3257 3761/1361/3278
f 3764/1085/3279 3746/1199/3247 3745/1043/3249 3763/1042/3279
f 3766/1044/3280 3743/1046/3281 3744/1200/3282 3765/1084/3280
f 3768/1385/3283 3742/1022/3284 3741/1049/3285 3767/1048/3283
f 3770/1019/3286 3739/1018/3287 3740/1023/3288 3769/1386/3286
f 3738/1094/3272 3771/1354/3289 3772/1194/3289 3737/1283/3273
f 3771/1354/3289 3773/1279/3290 3774/1274/3290 3772/1194/3289
f 3773/1279/3290 3775/1282/3291 3776/1285/3292 3774/1274/3290
f 3778/1270/3293 3779/1257/3294 3780/1289/3294 3777/1288/3295
f 3782/1249/3296 3783/1226/3297 3784/1293/3298 3781/1292/3299
f 3783/1226/3297 3785/1217/3300 3786/1295/3300 3784/1293/3298
f 3785/1217/3300 3756/1219/3274 3755/1029/3275 3786/1295/3300
f 3735/1090/3301 3787/1089/3302 3788/1354/3150 3736/1093/3149
f 3787/1089/3302 3789/1074/3303 3790/1280/3303 3788/1354/3150
f 3789/1074/3303 3791/1075/3304 3792/1281/3305 3790/1280/3303
f 3794/1264/3306 3795/1267/3307 3796/1258/3307 3793/1271/3306
f 3798/1247/3308 3799/1248/3309 3800/1227/3310 3797/1250/3308
f 3799/1248/3309 3801/1387/3311 3802/1218/3311 3800/1227/3310
f 3801/1387/3311 3758/1031/3276 3757/1219/3276 3802/1218/3311
f 3734/1099/3312 3803/1371/3313 3804/1259/3313 3733/1261/3314
f 3803/1371/3313 3805/1395/3315 3806/1374/3315 3804/1259/3313
f 3805/1395/3315 3807/1376/3316 3808/1375/3317 3806/1374/3315
f 3810/1379/3318 3811/1380/3319 3812/1266/3319 3809/1388/3320
f 3814/1383/3321 3815/1399/3322 3816/1224/3323 3813/1225/3324
f 3815/1399/3322 3817/1402/3325 3818/1384/3325 3816/1224/3323
f 3817/1402/3325 3760/1360/3277 3759/1035/3277 3818/1384/3325
f 3731/1095/3326 3819/1059/3327 3820/1370/3327 3732/1098/3328
f 3819/1059/3327 3821/1232/3329 3822/1394/3329 3820/1370/3327
f 3821/1232/3329 3823/1234/3330 3824/1377/3330 3822/1394/3329
f 3826/1393/3331 3827/1238/3332 3828/1381/3332 3825/1378/3333
f 3830/1201/3334 3831/1202/3335 3832/1398/3335 3829/1382/3336
f 3831/1202/3335 3833/1242/3337 3834/1401/3337 3832/1398/3335
f 3833/1242/3337 3762/1040/3278 3761/1361/3278 3834/1401/3337
f 3730/1106/3263 3835/1272/3338 3836/1058/3338 3729/1230/3264
f 3835/1272/3338 3837/1251/3339 3838/1231/3339 3836/1058/3338
f 3837/1251/3339 3839/1254/3340 3840/1233/3340 3838/1231/3339
f 3842/1228/3341 3843/1188/3342 3844/1237/3342 3841/1372/3343
f 3846/1191/3344 3847/1220/3345 3848/1373/3345 3845/1239/3346
f 3847/1220/3345 3849/1082/3347 3850/1241/3347 3848/1373/3345
f 3849/1082/3347 3764/1085/3279 3763/1042/3279 3850/1241/3347
f 3727/1102/3348 3851/1101/3349 3852/1273/3349 3728/1105/3350
f 3851/1101/3349 3853/1196/3351 3854/1252/3351 3852/1273/3349
f 3853/1196/3351 3855/1208/3352 3856/1253/3353 3854/1252/3351
f 3858/1209/3354 3859/1212/3355 3860/1189/3355 3857/1229/3356
f 3862/1066/3357 3863/1067/3358 3864/1221/3359 3861/1190/3360
f 3863/1067/3358 3865/1216/3361 3866/1083/3361 3864/1221/3359
f 3865/1216/3361 3766/1044/3280 3765/1084/3280 3866/1083/3361
f 3726/1355/3252 3867/1358/3362 3868/1203/3362 3725/1205/3250
f 3867/1358/3362 3869/1397/3363 3870/1206/3363 3868/1203/3362
f 3869/1397/3363 3871/1362/3364 3872/1207/3364 3870/1206/3363
f 3874/1365/3365 3875/1366/3366 3876/1211/3366 3873/1210/3367
f 3878/1369/3368 3879/1404/3369 3880/1214/3370 3877/1389/3371
f 3879/1404/3369 3881/1406/3372 3882/1215/3372 3880/1214/3370
f 3881/1406/3372 3768/1385/3283 3767/1048/3283 3882/1215/3372
f 3723/1015/3254 3883/1014/3373 3884/1357/3373 3724/1356/3255
f 3883/1014/3373 3885/1315/3374 3886/1396/3374 3884/1357/3373
f 3885/1315/3374 3887/1316/3375 3888/1363/3375 3886/1396/3374
f 3890/1400/3376 3891/1318/3377 3892/1367/3377 3889/1364/3378
f 3894/1319/3379 3895/1320/3380 3896/1403/3380 3893/1368/3381
f 3895/1320/3380 3897/1321/3382 3898/1405/3382 3896/1403/3380
f 3897/1321/3382 3770/1019/3286 3769/1386/3286 3898/1405/3382
f 3775/1282/3291 3778/1270/3293 3777/1288/3295 3776/1285/3292
f 3791/1075/3304 3794/1264/3306 3793/1271/3306 3792/1281/3305
f 3807/1376/3316 3810/1379/3318 3809/1388/3320 3808/1375/3317
f 3823/1234/3330 3826/1393/3331 3825/1378/3333 3824/1377/3330
f 3839/1254/3340 3842/1228/3341 3841/1372/3343 3840/1233/3340
f 3855/1208/3352 3858/1209/3354 3857/1229/3356 3856/1253/3353
f 3871/1362/3364 3874/1365/3365 3873/1210/3367 3872/1207/3364
f 3887/1316/3375 3890/1400/3376 3889/1364/3378 3888/1363/3375
f 3779/1257/3294 3782/1249/3296 3781/1292/3299 3780/1289/3294
f 3795/1267/3307 3798/1247/3308 3797/1250/3308 3796/1258/3307
f 3811/1380/3319 3814/1383/3321 3813/1225/3324 3812/1266/3319
f 3827/1238/3332 3830/1201/3334 3829/1382/3336 3828/1381/3332
f 3843/1188/3342 3846/1191/3344 3845/1239/3346 3844/1237/3342
f 3859/1212/3355 3862/1066/3357 3861/1190/3360 3860/1189/3355
f 3875/1366/3366 3878/1369/3368 3877/1389/3371 3876/1211/3366
f 3891/1318/3377 3894/1319/3379 3893/1368/3381 3892/1367/3377
f 3699/1197/3383 3744/1200/3282 3743/1046/3281 3700/1045/3383
f 3667/1100/3384 3727/1102/3348 3728/1105/3350 3668/1104/3384
f 3742/1022/3284 3696/1021/3385 3695/1047/3385 3741/1049/3285
f 3736/1093/3149 3684/1092/3386 3683/1088/3386 3735/1090/3301
f 3691/1020/3387 3740/1023/3288 3739/1018/3287 3692/1017/3387
f 3675/1054/3388 3731/1095/3326 3732/1098/3328 3676/1097/3388
f 3733/1261/3314 3680/1260/3389 3679/1096/3389 3734/1099/3312
f 3659/1013/3229 3662/1107/3231 3436/18/3390 3474/1298/3031 3530/1014/3031
f 4062/1010/3391 3915/1012/3392 3902/7/3393 3936/1011/3394
f 4129/1013/3395 4193/1015/3395 4353/1014/3396 4000/1014/3397
f 4006/1016/3398 4240/1019/3399 4209/1018/3395 4162/1017/3395
f 4161/1020/3400 4210/1023/3401 4212/1022/3402 4166/1021/3400
f 3929/1024/201 3899/12/201 3903/11/201 3937/1025/201
f 3950/1026/52 3904/3/52 3900/508/52 3930/1027/52
f 4189/1028/3403 4223/1030/3403 4225/1029/3404 3957/1029/3405
f 3964/1031/3406 4228/1031/3407 4221/1033/3398 4186/1032/3398
f 4181/1034/3408 4219/1036/3408 4229/1035/3409 3971/1035/3410
f 3978/1037/3411 4232/1040/3412 4217/1039/3399 4178/1038/3399
f 4173/1041/3413 4215/1043/3413 4233/1042/3414 3985/1042/3415
f 3992/1044/3416 4236/1044/3417 4213/1046/3418 4170/1045/3418
f 4165/1047/3419 4211/1049/3419 4237/1048/3408 3999/1048/3403
f 4006/1016/3420 4162/1017/3421 4163/1050/3422 3904/3/3423 3950/1026/3420
f 3903/11/3424 3899/29/3424 3907/1053/3425 4191/1052/3425 4192/1051/3424
f 4145/1054/3426 3972/1059/3427 3979/1058/3427 4142/1057/3428 4143/1056/3429 4148/1055/3430
f 4188/1060/3431 3908/1065/3431 3909/1064/3432 4183/1063/3433 4184/1062/3434 4187/1061/3434
f 4116/1066/3435 4332/1066/3436 4333/1067/3437 3990/1067/3438
f 4180/1068/3439 3910/1073/3439 3911/1072/3440 4175/1071/3440 4176/1070/3441 4179/1069/3441
f 3959/1074/3442 4259/1074/3443 4261/1075/3444 3960/1075/3445
f 4172/1076/3446 3912/1081/3446 3913/1080/3447 4167/1079/3447 4168/1078/3448 4171/1077/3448
f 4319/1082/3449 4234/1085/3450 4235/1084/3451 4336/1083/3452
f 4164/1086/3453 3914/1087/3453 3900/305/3454 3904/3/3454 4163/1050/3454
f 4153/1088/3397 4205/1090/3397 4257/1089/3455 3958/1089/3456
f 4157/1091/3457 4208/1094/3457 4206/1093/3457 4154/1092/3457
f 4145/1054/3458 4201/1095/3458 4289/1059/3459 3972/1059/3460
f 4149/1096/3461 4204/1099/3462 4202/1098/3463 4146/1097/3461
f 4137/1100/3464 4197/1102/3464 4321/1101/3465 3986/1101/3466
f 4141/1103/3467 4200/1106/3468 4198/1105/3469 4138/1104/3467
f 3915/1012/3470 4131/1108/3470 4132/1107/3471 3906/18/3471 3902/7/3471
f 3923/1109/3472 3901/20/3473 3922/1111/3474 4013/1110/3475
f 4013/1110/3475 3922/1111/3474 3921/1113/3476 4020/1112/3477
f 4020/1112/3477 3921/1113/3476 3920/1115/3478 4027/1114/3479
f 4027/1114/3479 3920/1115/3478 3919/1117/3480 4034/1116/3481
f 4034/1116/3481 3919/1117/3480 3918/1119/3482 4041/1118/3483
f 4041/1118/3483 3918/1119/3482 3917/1121/3484 4048/1120/3485
f 4048/1120/3485 3917/1121/3484 3916/1123/3486 4055/1122/3487
f 4055/1122/3487 3916/1123/3486 3915/1012/3392 4062/1010/3391
f 3913/1124/3488 4049/1127/3489 4056/1126/3490 3914/1125/3491
f 4049/1127/3489 4050/1129/3492 4057/1128/3493 4056/1126/3490
f 4050/1129/3492 4051/1131/3494 4058/1130/3495 4057/1128/3493
f 4107/1132/3496 4119/1132/3497 4065/1133/3498 3927/1133/3499
f 4052/1134/3418 4098/1134/3500 4068/1135/3398 3934/1135/3501
f 4053/1136/3502 4054/1139/3503 4061/1138/3504 4060/1137/3505
f 4054/1139/3503 4055/1122/3487 4062/1010/3391 4061/1138/3504
f 3912/1140/3506 4042/1141/3507 4049/1127/3489 3913/1124/3488
f 4042/1141/3507 4043/1142/3508 4050/1129/3492 4049/1127/3489
f 4043/1142/3508 4044/1143/3509 4051/1131/3494 4050/1129/3492
f 4060/1137/13 4092/1137/13 4089/1136/13 4053/1136/13
f 3934/1144/13 4068/1144/13 4092/1137/13 4060/1137/13
f 4046/1145/3510 4047/1146/3511 4054/1139/3503 4053/1136/3502
f 4047/1146/3511 4048/1120/3485 4055/1122/3487 4054/1139/3503
f 3911/1147/3512 4035/1148/3513 4042/1141/3507 3912/1140/3506
f 4035/1148/3513 4036/1149/3514 4043/1142/3508 4042/1141/3507
f 4036/1149/3514 4037/1150/3515 4044/1143/3509 4043/1142/3508
f 4053/1136/13 4089/1136/13 4086/1145/13 4046/1145/13
f 4059/1151/3413 4097/1151/3516 4064/710/3517 3926/710/3518
f 4039/1152/3519 4040/1153/3520 4047/1146/3511 4046/1145/3510
f 4040/1153/3520 4041/1118/3483 4048/1120/3485 4047/1146/3511
f 3910/1154/3521 4028/1155/3522 4035/1148/3513 3911/1147/3512
f 4028/1155/3522 4029/1156/3523 4036/1149/3514 4035/1148/3513
f 4029/1156/3523 4030/1157/3524 4037/1150/3515 4036/1149/3514
f 4046/1145/13 4086/1145/13 4083/1152/13 4039/1152/13
f 4108/1158/3464 4120/1158/3525 4067/1159/3526 3933/1159/3527
f 4032/1160/3528 4033/1161/3529 4040/1153/3520 4039/1152/3519
f 4033/1161/3529 4034/1116/3481 4041/1118/3483 4040/1153/3520
f 3909/1162/3530 4021/1163/3531 4028/1155/3522 3910/1154/3521
f 4021/1163/3531 4022/1164/3532 4029/1156/3523 4028/1155/3522
f 4022/1164/3532 4023/1165/3533 4030/1157/3524 4029/1156/3523
f 4039/1152/13 4083/1152/13 4080/1160/13 4032/1160/13
f 4032/1160/13 4080/1160/13 4077/1166/13 4025/1166/13
f 4025/1166/3534 4026/1167/3535 4033/1161/3529 4032/1160/3528
f 4026/1167/3535 4027/1114/3479 4034/1116/3481 4033/1161/3529
f 3908/1168/3536 4014/1169/3537 4021/1163/3531 3909/1162/3530
f 4014/1169/3537 4015/1170/3538 4022/1164/3532 4021/1163/3531
f 4015/1170/3538 4016/1171/3539 4023/1165/3533 4022/1164/3532
f 4051/1131/32 4087/1131/32 4090/1130/32 4058/1130/32
f 4025/1166/13 4077/1166/13 4074/1172/13 4018/1172/13
f 4018/1172/3540 4019/1173/3541 4026/1167/3535 4025/1166/3534
f 4019/1173/3541 4020/1112/3477 4027/1114/3479 4026/1167/3535
f 3907/1174/3542 4007/1175/3543 4014/1169/3537 3908/1168/3536
f 4007/1175/3543 4008/1176/3544 4015/1170/3538 4014/1169/3537
f 4008/1176/3544 4009/1177/3545 4016/1171/3539 4015/1170/3538
f 4058/1130/32 4090/1130/32 4066/1178/32 3932/1178/32
f 4044/1143/32 4084/1143/32 4087/1131/32 4051/1131/32
f 4011/1179/3546 4012/1180/3547 4019/1173/3541 4018/1172/3540
f 4012/1180/3547 4013/1110/3475 4020/1112/3477 4019/1173/3541
f 3899/90/3548 3929/1181/3549 4007/1175/3543 3907/1174/3542
f 3929/1181/3549 3928/1182/3550 4008/1176/3544 4007/1175/3543
f 3928/1182/3550 3927/1183/3551 4009/1177/3545 4008/1176/3544
f 4018/1172/13 4074/1172/13 4071/1179/13 4011/1179/13
f 4037/1150/32 4081/1150/32 4084/1143/32 4044/1143/32
f 3925/1184/3552 3924/1185/3553 4012/1180/3547 4011/1179/3546
f 3924/1185/3553 3923/1109/3472 4013/1110/3475 4012/1180/3547
f 3920/1115/3554 4152/1187/3555 4149/1096/3556 4146/1097/3556 4147/1186/3557 3919/1117/3557
f 3992/1044/3558 4170/1045/3559 4171/1077/3560 4168/1078/3561 4165/1047/3562 3999/1048/3558
f 4313/1188/3563 4316/1191/3564 4331/1190/3565 4330/1189/3563
f 3905/23/3566 3943/1195/3567 3951/1194/3567 4158/1193/3568 4159/1192/3569
f 3986/1101/3466 4321/1101/3465 4323/1196/3570 3987/1196/3571
f 4169/1197/3572 4214/1200/3573 4216/1199/3574 4174/1198/3572
f 4114/1201/3575 4300/1201/3576 4301/1202/3577 3976/1202/3578
f 3993/1203/3498 4338/1203/3579 4195/1205/3419 4134/1204/3419
f 3986/1101/3580 3987/1196/3581 3994/1206/3581 3993/1203/3580
f 3987/1196/3581 3988/1208/3582 3995/1207/3583 3994/1206/3581
f 4094/1209/3584 3989/1212/3585 3996/1211/3585 4095/1210/3586
f 4116/1066/3587 3990/1067/3588 3997/1214/3589 4117/1213/3590
f 3990/1067/3588 3991/1216/3591 3998/1215/3591 3997/1214/3589
f 3991/1216/3591 3992/1044/3558 3999/1048/3558 3998/1215/3591
f 4255/1217/3592 4226/1219/3593 4227/1219/3593 4272/1218/3594
f 4317/1220/3595 4319/1082/3449 4336/1083/3452 4334/1221/3596
f 3918/1119/3597 4144/1223/3597 4141/1103/3598 4138/1104/3598 4139/1222/3599 3917/1121/3599
f 3978/1037/3600 4178/1038/3601 4179/1069/3602 4176/1070/3603 4173/1041/3604 3985/1042/3600
f 3969/1224/3605 4286/1224/3606 4283/1225/3607 4113/1225/3608
f 4253/1226/3609 4255/1217/3592 4272/1218/3594 4270/1227/3610
f 4312/1228/3611 4313/1188/3563 4330/1189/3563 4327/1229/3612
f 3979/1058/3613 4306/1058/3614 4199/1230/3496 4142/1057/3496
f 3972/1059/3427 3973/1232/3615 3980/1231/3615 3979/1058/3427
f 3973/1232/3615 3974/1234/3616 3981/1233/3617 3980/1231/3615
f 4010/1235/3618 3975/1238/3619 3982/1237/3619 4093/1236/3620
f 4114/1201/3621 3976/1202/3622 3983/1240/3623 4115/1239/3624
f 3976/1202/3622 3977/1242/3625 3984/1241/3625 3983/1240/3623
f 3977/1242/3625 3978/1037/3600 3985/1042/3600 3984/1241/3625
f 4177/1243/3626 4218/1246/3627 4220/1245/3628 4182/1244/3626
f 4112/1247/3629 4268/1247/3630 4269/1248/3631 3962/1248/3632
f 4252/1249/3633 4253/1226/3609 4270/1227/3610 4267/1250/3634
f 4307/1251/3635 4309/1254/3636 4326/1253/3637 4324/1252/3638
f 4137/1100/3639 3986/1101/3580 3993/1203/3580 4134/1204/3640 4135/1256/3641 4140/1255/3642
f 3964/1031/3643 4186/1032/3644 4187/1061/3645 4184/1062/3646 4181/1034/3647 3971/1035/3643
f 4249/1257/3648 4252/1249/3633 4267/1250/3634 4266/1258/3648
f 3965/1259/3649 4274/1259/3650 4203/1261/3651 4150/1260/3651
f 3958/1089/3652 3959/1074/3653 3966/1262/3653 3965/1259/3652
f 3959/1074/3653 3960/1075/3654 3967/1263/3655 3966/1262/3653
f 4024/1264/3656 3961/1267/3657 3968/1266/3657 4017/1265/3658
f 4112/1247/3659 3962/1248/3660 3969/1224/3661 4113/1225/3662
f 3962/1248/3660 3963/1269/3663 3970/1268/3663 3969/1224/3661
f 3963/1269/3663 3964/1031/3643 3971/1035/3643 3970/1268/3663
f 4248/1270/3664 4249/1257/3648 4266/1258/3648 4263/1271/3665
f 4305/1272/3666 4307/1251/3635 4324/1252/3638 4322/1273/3667
f 3952/1274/3668 4244/1274/3669 4242/1194/3670 3951/1194/3671
f 4185/1275/3672 4222/1278/3673 4224/1277/3674 4190/1276/3672
f 4243/1279/3675 4245/1282/3676 4262/1281/3677 4260/1280/3678
f 3919/1117/3557 4147/1186/3557 4148/1055/3679 4143/1056/3679 4144/1223/3597 3918/1119/3597
f 3951/1194/3671 4242/1194/3670 4207/1283/3498 4158/1193/3498
f 3943/1195/3567 3942/1284/3680 3952/1274/3681 3951/1194/3567
f 3942/1284/3680 3941/1286/3682 3953/1285/3683 3952/1274/3681
f 4045/1287/3684 3940/1290/3685 3954/1289/3685 4031/1288/3686
f 4109/1291/3687 3939/1294/3688 3955/1293/3689 4111/1292/3690
f 3939/1294/3688 3938/1296/3691 3956/1295/3692 3955/1293/3689
f 3938/1296/3691 3937/1025/3693 3957/1029/3693 3956/1295/3692
f 3906/18/52 3944/1298/52 3936/1297/52 3902/99/52
f 3944/1298/52 3945/1300/52 3935/1299/52 3936/1297/52
f 3945/1300/52 3946/1301/52 3934/1135/3501 3935/1299/52
f 4038/1302/52 3947/656/52 3933/1159/3527 4052/1134/3418
f 4110/1303/52 3948/1305/52 3932/1304/3694 4108/1158/3464
f 3948/1305/52 3949/1307/52 3931/1306/52 3932/1304/3694
f 3949/1307/52 3950/1026/52 3930/1027/52 3931/1306/52
f 3901/100/201 3923/1308/201 3943/1195/201 3905/23/201
f 3923/1308/201 3924/1309/201 3942/1284/201 3943/1195/201
f 3924/1309/201 3925/1310/3695 3941/1286/201 3942/1284/201
f 4059/1151/3413 3926/710/3518 3940/1290/201 4045/1287/201
f 4107/1132/3496 3927/1133/3499 3939/1294/201 4109/1291/201
f 3927/1133/3499 3928/1311/201 3938/1296/201 3939/1294/201
f 3928/1311/201 3929/1024/201 3937/1025/201 3938/1296/201
f 3916/1123/3696 4136/1314/3696 4133/1313/3697 4130/1312/3697 4131/1108/3470 3915/1012/3470
f 4000/1014/3698 4001/1315/3699 3945/1300/3699 3944/1298/3698
f 4001/1315/3699 4002/1316/3700 3946/1301/3700 3945/1300/3699
f 4096/1317/3701 4003/1318/3702 3947/656/3702 4038/1302/3701
f 4118/1319/3703 4004/1320/3704 3948/1305/3704 4110/1303/3703
f 4004/1320/3704 4005/1321/3705 3949/1307/3705 3948/1305/3704
f 4005/1321/3705 4006/1016/3420 3950/1026/3420 3949/1307/3705
f 3914/1125/3491 4056/1126/3490 3930/1322/3706 3900/96/3707
f 4056/1126/3490 4057/1128/3493 3931/1323/3708 3930/1322/3706
f 4057/1128/3493 4058/1130/3495 3932/1178/3495 3931/1323/3708
f 4011/1179/13 4071/1179/13 4063/1184/13 3925/1184/13
f 4030/1157/32 4078/1157/32 4081/1150/32 4037/1150/32
f 4060/1137/3505 4061/1138/3504 3935/1324/3709 3934/1144/3505
f 4061/1138/3504 4062/1010/3391 3936/1011/3394 3935/1324/3709
f 4127/1325/3710 4088/1328/3711 4091/1327/3712 4128/1326/3713
f 4105/1329/3714 4089/1136/3715 4092/1137/3716 4106/1330/3717
f 4126/1331/3718 4085/1332/3719 4088/1328/3711 4127/1325/3710
f 4104/1333/3720 4086/1145/3721 4089/1136/3715 4105/1329/3714
f 4125/1334/3722 4082/1335/3723 4085/1332/3719 4126/1331/3718
f 4103/1336/3724 4083/1152/3725 4086/1145/3721 4104/1333/3720
f 4124/1337/3726 4079/1338/3727 4082/1335/3723 4125/1334/3722
f 4102/1339/3728 4080/1160/3729 4083/1152/3725 4103/1336/3724
f 4123/1340/3730 4076/1341/3731 4079/1338/3727 4124/1337/3726
f 4101/1342/3732 4077/1166/3733 4080/1160/3729 4102/1339/3728
f 4122/1343/3734 4073/1344/3735 4076/1341/3731 4123/1340/3730
f 4100/1345/3736 4074/1172/3737 4077/1166/3733 4101/1342/3732
f 4121/1346/3738 4070/1347/3739 4073/1344/3735 4122/1343/3734
f 4099/1348/3740 4071/1179/3741 4074/1172/3737 4100/1345/3736
f 4119/1349/3742 4064/703/3743 4070/1347/3739 4121/1346/3738
f 4097/1350/3744 4063/1184/3745 4071/1179/3741 4099/1348/3740
f 4128/1326/3713 4091/1327/3712 4067/1352/3746 4120/1351/3747
f 4106/1330/3717 4092/1137/3716 4068/1144/3748 4098/1353/3749
f 3927/1183/32 4065/1183/32 4069/1177/32 4009/1177/32
f 4009/1177/32 4069/1177/32 4072/1171/32 4016/1171/32
f 4016/1171/32 4072/1171/32 4075/1165/32 4023/1165/32
f 4023/1165/32 4075/1165/32 4078/1157/32 4030/1157/32
f 4091/1327/3712 4106/1330/3717 4098/1353/3749 4067/1352/3746
f 4064/703/3743 4097/1350/3744 4099/1348/3740 4070/1347/3739
f 4070/1347/3739 4099/1348/3740 4100/1345/3736 4073/1344/3735
f 4073/1344/3735 4100/1345/3736 4101/1342/3732 4076/1341/3731
f 4076/1341/3731 4101/1342/3732 4102/1339/3728 4079/1338/3727
f 4079/1338/3727 4102/1339/3728 4103/1336/3724 4082/1335/3723
f 4082/1335/3723 4103/1336/3724 4104/1333/3720 4085/1332/3719
f 4085/1332/3719 4104/1333/3720 4105/1329/3714 4088/1328/3711
f 4088/1328/3711 4105/1329/3714 4106/1330/3717 4091/1327/3712
f 4002/1316/3700 4096/1317/3701 4038/1302/3701 3946/1301/3700
f 3925/1310/3695 4059/1151/3413 4045/1287/201 3941/1286/201
f 3946/1301/52 4038/1302/52 4052/1134/3418 3934/1135/3501
f 3941/1286/3682 4045/1287/3684 4031/1288/3686 3953/1285/3683
f 3937/1025/3693 3903/11/3750 4192/1051/3751 4189/1028/3752 3957/1029/3693
f 3960/1075/3654 4024/1264/3656 4017/1265/3658 3967/1263/3655
f 4241/1354/3753 4243/1279/3675 4260/1280/3678 4258/1354/3753
f 3974/1234/3616 4010/1235/3618 4093/1236/3620 3981/1233/3617
f 3985/1042/3415 4233/1042/3414 4320/1241/3754 3984/1241/3755
f 3988/1208/3582 4094/1209/3584 4095/1210/3586 3995/1207/3583
f 4004/1320/3756 4365/1320/3757 4367/1321/3758 4005/1321/3759
f 3925/1310/3695 4063/1310/3403 4097/1151/3516 4059/1151/3413
f 3933/1159/3527 4067/1159/3526 4098/1134/3500 4052/1134/3418
f 4090/1130/3760 4128/1326/3713 4120/1351/3747 4066/1178/3761
f 4065/1183/3762 4119/1349/3742 4121/1346/3738 4069/1177/3763
f 4069/1177/3763 4121/1346/3738 4122/1343/3734 4072/1171/3764
f 4072/1171/3764 4122/1343/3734 4123/1340/3730 4075/1165/3765
f 4075/1165/3765 4123/1340/3730 4124/1337/3726 4078/1157/3766
f 4078/1157/3766 4124/1337/3726 4125/1334/3722 4081/1150/3767
f 4081/1150/3767 4125/1334/3722 4126/1331/3718 4084/1143/3768
f 4084/1143/3768 4126/1331/3718 4127/1325/3710 4087/1131/3769
f 4087/1131/3769 4127/1325/3710 4128/1326/3713 4090/1130/3760
f 4003/1318/3702 4118/1319/3703 4110/1303/3703 3947/656/3702
f 3926/710/3518 4107/1132/3496 4109/1291/201 3940/1290/201
f 3947/656/52 4110/1303/52 4108/1158/3464 3933/1159/3527
f 3940/1290/3685 4109/1291/3687 4111/1292/3690 3954/1289/3685
f 4196/1355/3770 4337/1358/3771 4354/1357/3772 4194/1356/3773
f 3961/1267/3657 4112/1247/3659 4113/1225/3662 3968/1266/3657
f 3901/20/3774 3905/23/3774 4159/1192/3774 4160/1359/3775 3922/1111/3775
f 3975/1238/3619 4114/1201/3621 4115/1239/3624 3982/1237/3619
f 3980/1231/3776 4308/1231/3777 4306/1058/3614 3979/1058/3613
f 3989/1212/3585 4116/1066/3587 4117/1213/3590 3996/1211/3585
f 4003/1318/3778 4361/1318/3778 4364/1319/3779 4118/1319/3780
f 3932/1304/3694 4066/1304/3397 4120/1158/3525 4108/1158/3464
f 3926/710/3518 4064/710/3517 4119/1132/3497 4107/1132/3496
f 3957/1029/3405 4225/1029/3404 4256/1295/3781 3956/1295/3782
f 4226/1219/3593 4224/1277/3674 4222/1278/3673 4227/1219/3593
f 4230/1360/3783 4220/1245/3628 4218/1246/3627 4231/1361/3784
f 4234/1085/3450 4216/1199/3574 4214/1200/3573 4235/1084/3451
f 4200/1106/3468 4305/1272/3666 4322/1273/3667 4198/1105/3469
f 3995/1207/3785 4342/1207/3786 4340/1206/3787 3994/1206/3788
f 4341/1362/3789 4344/1365/3790 4359/1364/3791 4358/1363/3792
f 4345/1366/3793 4348/1369/3794 4363/1368/3795 4362/1367/3793
f 3998/1215/3796 4352/1215/3797 4350/1214/3798 3997/1214/3799
f 4000/1014/3397 4353/1014/3396 4355/1315/3800 4001/1315/3801
f 4005/1321/3759 4367/1321/3758 4240/1019/3399 4006/1016/3398
f 4204/1099/3462 4273/1371/3802 4290/1370/3803 4202/1098/3463
f 3981/1233/3804 4310/1233/3805 4308/1231/3777 3980/1231/3776
f 4093/1236/3806 4311/1372/3807 4310/1233/3805 3981/1233/3804
f 4115/1239/3808 4315/1239/3809 4314/1237/3810 3982/1237/3810
f 3983/1240/3811 4318/1373/3812 4315/1239/3809 4115/1239/3808
f 3984/1241/3755 4320/1241/3754 4318/1373/3812 3983/1240/3811
f 3991/1216/3813 4335/1216/3814 4236/1044/3417 3992/1044/3416
f 4208/1094/3815 4241/1354/3815 4258/1354/3816 4206/1093/3817
f 3967/1263/3818 4278/1375/3819 4276/1374/3820 3966/1262/3821
f 4277/1376/3822 4280/1379/3823 4295/1378/3824 4294/1377/3825
f 4281/1380/3826 4284/1383/3827 4299/1382/3828 4298/1381/3826
f 3970/1268/3829 4288/1384/3830 4286/1224/3606 3969/1224/3605
f 3972/1059/3460 4289/1059/3459 4291/1232/3831 3973/1232/3832
f 3977/1242/3833 4303/1242/3834 4232/1040/3412 3978/1037/3411
f 4238/1385/3835 4212/1022/3402 4210/1023/3401 4239/1386/3836
f 3953/1285/3837 4246/1285/3838 4244/1274/3669 3952/1274/3668
f 4031/1288/3839 4247/1288/3840 4246/1285/3838 3953/1285/3837
f 4111/1292/3841 4251/1292/3842 4250/1289/3843 3954/1289/3843
f 3956/1295/3782 4256/1295/3781 4254/1293/3844 3955/1293/3845
f 3958/1089/3456 4257/1089/3455 4259/1074/3443 3959/1074/3442
f 3963/1269/3846 4271/1387/3847 4228/1031/3407 3964/1031/3406
f 3954/1289/3843 4250/1289/3843 4247/1288/3840 4031/1288/3839
f 4017/1265/3848 4279/1388/3849 4278/1375/3819 3967/1263/3818
f 3982/1237/3810 4314/1237/3810 4311/1372/3807 4093/1236/3806
f 4095/1210/3850 4343/1210/3851 4342/1207/3786 3995/1207/3785
f 3955/1293/3845 4254/1293/3844 4251/1292/3842 4111/1292/3841
f 4113/1225/3608 4283/1225/3607 4282/1266/3852 3968/1266/3852
f 4316/1191/3564 4317/1220/3595 4334/1221/3596 4331/1190/3565
f 4117/1213/3853 4347/1389/3854 4346/1211/3855 3996/1211/3855
f 3960/1075/3445 4261/1075/3444 4264/1264/3856 4024/1264/3857
f 3997/1214/3799 4350/1214/3798 4347/1389/3854 4117/1213/3853
f 3922/1111/3775 4160/1359/3775 4157/1091/3858 4154/1092/3858 4155/1390/3859 3921/1113/3859
f 3987/1196/3571 4323/1196/3570 4325/1208/3860 3988/1208/3861
f 3961/1267/3862 4265/1267/3862 4268/1247/3630 4112/1247/3629
f 4118/1319/3780 4364/1319/3779 4365/1320/3757 4004/1320/3756
f 3988/1208/3861 4325/1208/3860 4328/1209/3863 4094/1209/3864
f 3962/1248/3632 4269/1248/3631 4271/1387/3847 3963/1269/3846
f 4167/1079/3447 3913/1080/3447 3914/1087/3453 4164/1086/3453 4161/1020/3865 4166/1021/3865
f 4245/1282/3676 4248/1270/3664 4263/1271/3665 4262/1281/3677
f 3989/1212/3866 4329/1212/3866 4332/1066/3436 4116/1066/3435
f 3966/1262/3821 4276/1374/3820 4274/1259/3650 3965/1259/3649
f 4024/1264/3857 4264/1264/3856 4265/1267/3862 3961/1267/3862
f 3990/1067/3438 4333/1067/3437 4335/1216/3814 3991/1216/3813
f 3971/1035/3410 4229/1035/3409 4288/1384/3830 3970/1268/3829
f 4175/1071/3440 3911/1072/3440 3912/1081/3446 4172/1076/3446 4169/1197/3867 4174/1198/3867
f 3968/1266/3852 4282/1266/3852 4279/1388/3849 4017/1265/3848
f 3994/1206/3788 4340/1206/3787 4338/1203/3579 3993/1203/3498
f 3921/1113/3859 4155/1390/3859 4156/1392/3868 4151/1391/3868 4152/1187/3555 3920/1115/3554
f 4010/1235/3869 4296/1393/3870 4297/1238/3871 3975/1238/3871
f 3999/1048/3403 4237/1048/3408 4352/1215/3797 3998/1215/3796
f 4273/1371/3802 4275/1395/3872 4292/1394/3873 4290/1370/3803
f 4183/1063/3433 3909/1064/3432 3910/1073/3439 4180/1068/3439 4177/1243/3874 4182/1244/3874
f 4309/1254/3636 4312/1228/3611 4327/1229/3612 4326/1253/3637
f 3917/1121/3599 4139/1222/3599 4140/1255/3875 4135/1256/3875 4136/1314/3696 3916/1123/3696
f 4275/1395/3872 4277/1376/3822 4294/1377/3825 4292/1394/3873
f 4094/1209/3864 4328/1209/3863 4329/1212/3866 3989/1212/3866
f 4337/1358/3771 4339/1397/3876 4356/1396/3877 4354/1357/3772
f 4280/1379/3823 4281/1380/3826 4298/1381/3826 4295/1378/3824
f 4191/1052/3425 3907/1053/3425 3908/1065/3431 4188/1060/3431 4185/1275/3878 4190/1276/3878
f 3996/1211/3855 4346/1211/3855 4343/1210/3851 4095/1210/3850
f 4339/1397/3876 4341/1362/3789 4358/1363/3792 4356/1396/3877
f 4284/1383/3827 4285/1399/3879 4302/1398/3880 4299/1382/3828
f 4096/1317/3881 4360/1400/3882 4361/1318/3778 4003/1318/3778
f 4344/1365/3790 4345/1366/3793 4362/1367/3793 4359/1364/3791
f 4285/1399/3879 4287/1402/3883 4304/1401/3883 4302/1398/3880
f 4348/1369/3794 4349/1404/3884 4366/1403/3885 4363/1368/3795
f 4287/1402/3883 4230/1360/3783 4231/1361/3784 4304/1401/3883
f 4349/1404/3884 4351/1406/3886 4368/1405/3887 4366/1403/3885
f 4153/1088/3888 3958/1089/3652 3965/1259/3652 4150/1260/3889 4151/1391/3890 4156/1392/3891
f 4351/1406/3886 4238/1385/3835 4239/1386/3836 4368/1405/3887
f 3973/1232/3832 4291/1232/3831 4293/1234/3892 3974/1234/3893
f 4133/1313/13 4196/1355/3770 4194/1356/3773 4130/1312/13
f 3974/1234/3893 4293/1234/3892 4296/1393/3870 4010/1235/3869
f 4001/1315/3801 4355/1315/3800 4357/1316/3894 4002/1316/3895
f 3975/1238/3871 4297/1238/3871 4300/1201/3576 4114/1201/3575
f 4002/1316/3895 4357/1316/3894 4360/1400/3882 4096/1317/3881
f 3976/1202/3578 4301/1202/3577 4303/1242/3834 3977/1242/3833
f 4129/1013/3896 4132/1107/3897 4131/1108/3898 4130/1407/3898
f 4133/1313/3899 4136/1314/3899 4135/1256/3641 4134/1408/3640
f 4137/1100/3639 4140/1255/3642 4139/1222/3900 4138/1409/3900
f 4141/1103/3901 4144/1223/3901 4143/1056/3429 4142/1410/3428
f 4145/1054/3426 4148/1055/3430 4147/1186/3902 4146/1411/3902
f 4149/1096/3903 4152/1187/3903 4151/1391/3890 4150/1412/3889
f 4153/1088/3888 4156/1392/3891 4155/1390/3904 4154/1413/3904
f 4157/1091/3905 4160/1359/3905 4159/1192/3569 4158/1414/3568
f 4161/1020/3906 4164/1086/3906 4163/1050/3422 4162/1415/3421
f 4165/1047/3562 4168/1078/3561 4167/1079/3907 4166/1416/3907
f 4169/1197/3908 4172/1076/3908 4171/1077/3560 4170/1417/3559
f 4173/1041/3604 4176/1070/3603 4175/1071/3909 4174/1418/3909
f 4177/1243/3910 4180/1068/3910 4179/1069/3602 4178/1419/3601
f 4181/1034/3647 4184/1062/3646 4183/1063/3911 4182/1420/3911
f 4185/1275/3912 4188/1060/3912 4187/1061/3645 4186/1421/3644
f 4189/1028/3752 4192/1051/3751 4191/1052/3913 4190/1422/3913
f 4216/1199/3914 4215/1043/3915 4173/1041/3916 4174/1198/3916
f 4195/1205/3917 4196/1355/3918 4133/1313/3919 4134/1204/3919
f 4129/1013/3920 4130/1312/3920 4194/1356/3921 4193/1015/3922
f 4177/1243/3923 4178/1038/3923 4217/1039/3924 4218/1246/3925
f 4220/1245/3926 4219/1036/3927 4181/1034/3928 4182/1244/3928
f 4141/1103/3929 4142/1057/3929 4199/1230/3930 4200/1106/3931
f 4185/1275/3932 4186/1032/3932 4221/1033/3933 4222/1278/3934
f 4224/1277/3935 4223/1030/3936 4189/1028/3937 4190/1276/3937
f 4157/1091/3938 4158/1193/3938 4207/1283/3939 4208/1094/3940
f 4226/1219/3941 4225/1029/3942 4223/1030/3936 4224/1277/3935
f 4228/1031/3943 4227/1219/3943 4222/1278/3934 4221/1033/3933
f 4230/1360/3944 4229/1035/3944 4219/1036/3927 4220/1245/3926
f 4232/1040/3945 4231/1361/3945 4218/1246/3925 4217/1039/3924
f 4234/1085/3946 4233/1042/3946 4215/1043/3915 4216/1199/3914
f 4236/1044/3947 4235/1084/3947 4214/1200/3948 4213/1046/3949
f 4238/1385/3950 4237/1048/3950 4211/1049/3951 4212/1022/3952
f 4240/1019/3953 4239/1386/3953 4210/1023/3954 4209/1018/3955
f 4208/1094/3940 4207/1283/3939 4242/1194/3956 4241/1354/3956
f 4241/1354/3956 4242/1194/3956 4244/1274/3957 4243/1279/3957
f 4243/1279/3957 4244/1274/3957 4246/1285/3958 4245/1282/3959
f 4248/1270/3960 4247/1288/3961 4250/1289/3962 4249/1257/3962
f 4252/1249/3963 4251/1292/3964 4254/1293/3965 4253/1226/3966
f 4253/1226/3966 4254/1293/3965 4256/1295/3967 4255/1217/3967
f 4255/1217/3967 4256/1295/3967 4225/1029/3942 4226/1219/3941
f 4205/1090/3968 4206/1093/3817 4258/1354/3816 4257/1089/3969
f 4257/1089/3969 4258/1354/3816 4260/1280/3970 4259/1074/3970
f 4259/1074/3970 4260/1280/3970 4262/1281/3971 4261/1075/3972
f 4264/1264/3973 4263/1271/3973 4266/1258/3974 4265/1267/3974
f 4268/1247/3975 4267/1250/3975 4270/1227/3976 4269/1248/3977
f 4269/1248/3977 4270/1227/3976 4272/1218/3978 4271/1387/3978
f 4271/1387/3978 4272/1218/3978 4227/1219/3943 4228/1031/3943
f 4204/1099/3979 4203/1261/3980 4274/1259/3981 4273/1371/3981
f 4273/1371/3981 4274/1259/3981 4276/1374/3982 4275/1395/3982
f 4275/1395/3982 4276/1374/3982 4278/1375/3983 4277/1376/3984
f 4280/1379/3985 4279/1388/3986 4282/1266/3987 4281/1380/3987
f 4284/1383/3988 4283/1225/3989 4286/1224/3990 4285/1399/3991
f 4285/1399/3991 4286/1224/3990 4288/1384/3992 4287/1402/3992
f 4287/1402/3992 4288/1384/3992 4229/1035/3944 4230/1360/3944
f 4201/1095/3993 4202/1098/3994 4290/1370/3995 4289/1059/3995
f 4289/1059/3995 4290/1370/3995 4292/1394/3996 4291/1232/3996
f 4291/1232/3996 4292/1394/3996 4294/1377/3997 4293/1234/3997
f 4296/1393/3998 4295/1378/3999 4298/1381/4000 4297/1238/4000
f 4300/1201/4001 4299/1382/4002 4302/1398/4003 4301/1202/4003
f 4301/1202/4003 4302/1398/4003 4304/1401/4004 4303/1242/4004
f 4303/1242/4004 4304/1401/4004 4231/1361/3945 4232/1040/3945
f 4200/1106/3931 4199/1230/3930 4306/1058/4005 4305/1272/4005
f 4305/1272/4005 4306/1058/4005 4308/1231/4006 4307/1251/4006
f 4307/1251/4006 4308/1231/4006 4310/1233/4007 4309/1254/4007
f 4312/1228/4008 4311/1372/4009 4314/1237/4010 4313/1188/4010
f 4316/1191/4011 4315/1239/4012 4318/1373/4013 4317/1220/4013
f 4317/1220/4013 4318/1373/4013 4320/1241/4014 4319/1082/4014
f 4319/1082/4014 4320/1241/4014 4233/1042/3946 4234/1085/3946
f 4197/1102/4015 4198/1105/4016 4322/1273/4017 4321/1101/4017
f 4321/1101/4017 4322/1273/4017 4324/1252/4018 4323/1196/4018
f 4323/1196/4018 4324/1252/4018 4326/1253/4019 4325/1208/4020
f 4328/1209/4021 4327/1229/4022 4330/1189/4023 4329/1212/4023
f 4332/1066/4024 4331/1190/4025 4334/1221/4026 4333/1067/4027
f 4333/1067/4027 4334/1221/4026 4336/1083/4028 4335/1216/4028
f 4335/1216/4028 4336/1083/4028 4235/1084/3947 4236/1044/3947
f 4196/1355/3918 4195/1205/3917 4338/1203/4029 4337/1358/4029
f 4337/1358/4029 4338/1203/4029 4340/1206/4030 4339/1397/4030
f 4339/1397/4030 4340/1206/4030 4342/1207/4031 4341/1362/4031
f 4344/1365/4032 4343/1210/4033 4346/1211/4034 4345/1366/4034
f 4348/1369/4035 4347/1389/4036 4350/1214/4037 4349/1404/4038
f 4349/1404/4038 4350/1214/4037 4352/1215/4039 4351/1406/4039
f 4351/1406/4039 4352/1215/4039 4237/1048/3950 4238/1385/3950
f 4193/1015/3922 4194/1356/3921 4354/1357/4040 4353/1014/4040
f 4353/1014/4040 4354/1357/4040 4356/1396/4041 4355/1315/4041
f 4355/1315/4041 4356/1396/4041 4358/1363/4042 4357/1316/4042
f 4360/1400/4043 4359/1364/4044 4362/1367/4045 4361/1318/4045
f 4364/1319/4046 4363/1368/4047 4366/1403/4048 4365/1320/4048
f 4365/1320/4048 4366/1403/4048 4368/1405/4049 4367/1321/4049
f 4367/1321/4049 4368/1405/4049 4239/1386/3953 4240/1019/3953
f 4245/1282/3959 4246/1285/3958 4247/1288/3961 4248/1270/3960
f 4261/1075/3972 4262/1281/3971 4263/1271/3973 4264/1264/3973
f 4277/1376/3984 4278/1375/3983 4279/1388/3986 4280/1379/3985
f 4293/1234/3997 4294/1377/3997 4295/1378/3999 4296/1393/3998
f 4309/1254/4007 4310/1233/4007 4311/1372/4009 4312/1228/4008
f 4325/1208/4020 4326/1253/4019 4327/1229/4022 4328/1209/4021
f 4341/1362/4031 4342/1207/4031 4343/1210/4033 4344/1365/4032
f 4357/1316/4042 4358/1363/4042 4359/1364/4044 4360/1400/4043
f 4249/1257/3962 4250/1289/3962 4251/1292/3964 4252/1249/3963
f 4265/1267/3974 4266/1258/3974 4267/1250/3975 4268/1247/3975
f 4281/1380/3987 4282/1266/3987 4283/1225/3989 4284/1383/3988
f 4297/1238/4000 4298/1381/4000 4299/1382/4002 4300/1201/4001
f 4313/1188/4010 4314/1237/4010 4315/1239/4012 4316/1191/4011
f 4329/1212/4023 4330/1189/4023 4331/1190/4025 4332/1066/4024
f 4345/1366/4034 4346/1211/4034 4347/1389/4036 4348/1369/4035
f 4361/1318/4045 4362/1367/4045 4363/1368/4047 4364/1319/4046
f 4169/1197/4050 4170/1045/4050 4213/1046/3949 4214/1200/3948
f 4137/1100/4051 4138/1104/4051 4198/1105/4016 4197/1102/4015
f 4212/1022/3952 4211/1049/3951 4165/1047/4052 4166/1021/4052
f 4206/1093/3817 4205/1090/3968 4153/1088/4053 4154/1092/4053
f 4161/1020/4054 4162/1017/4054 4209/1018/3955 4210/1023/3954
f 4145/1054/4055 4146/1097/4055 4202/1098/3994 4201/1095/3993
f 4203/1261/3980 4204/1099/3979 4149/1096/4056 4150/1260/4056
f 4129/1013/3896 4000/1014/3698 3944/1298/3698 3906/18/4057 4132/1107/3897
f 4443/1423/13 4412/1424/4058 4374/1425/4059 4387/1426/13
f 4470/1427/4060 4419/1428/4060 4458/1429/4061 4468/1430/4062
f 4387/1426/13 4374/1425/4059 4418/1431/4063 4450/1432/13
f 4445/1433/13 4443/1423/13 4387/1426/13 4386/1434/13
f 4373/1435/13 4385/1436/13 4453/1437/13 4417/1438/13
f 4459/1439/4064 4390/1425/4065 4381/1440/4066 4439/1441/4067
f 4422/1442/13 4377/1435/13 4379/1443/13 4431/1444/13
f 4410/1445/13 4448/1446/13 4385/1436/13 4373/1435/13
f 4418/1431/4063 4374/1425/4059 4390/1425/4065 4459/1439/4064
f 4375/1447/4068 4408/1448/4069 4421/1449/4070 4378/1450/4068
f 4460/1451/4071 4471/1452/4072 4466/1453/4073 4437/1454/4073
f 4430/1455/4074 4431/1456/4074 4379/1457/201 4380/1458/201 4428/1459/4074 4429/1460/4074
f 4424/1461/32 4378/1450/32 4380/1450/32 4433/1462/32
f 4378/1450/32 4421/1449/32 4428/1463/32 4380/1450/32
f 4390/1425/4065 4461/1464/4075 4436/1465/4076 4381/1440/4066
f 4381/1466/4077 4436/1467/4077 4437/1468/4077 4466/1469/4077 4465/1470/4077
f 4382/1471/4078 4371/1472/4078 4552/1472/4078 4545/1471/4078
f 4438/1473/4079 4439/1474/4080 4381/1466/4081 4465/1470/4081 4474/1475/4082
f 4409/1476/4083 4411/1477/4084 4423/1478/4084 4420/1479/4085
f 4441/1480/4086 4442/1481/4086 4444/1482/4086 4446/1483/4086
f 4384/1484/32 4475/1485/32 4462/1486/32 4478/1487/32
f 4414/1488/32 4482/1489/32 4383/1490/32 4375/1447/32
f 4493/1491/52 4491/1492/52 4522/1492/52 4535/1491/52
f 4385/1436/13 4386/1434/13 4452/1493/13 4453/1437/13
f 4373/1435/13 4417/1438/13 4427/1494/13 4377/1435/13
f 4454/1495/33 4451/1496/33 4456/1497/33 4457/1498/33
f 4451/1496/33 4449/1499/33 4455/1500/33 4456/1497/33
f 4375/1447/32 4383/1490/32 4476/1501/32 4408/1448/32
f 4504/1502/52 4500/1503/52 4528/1503/52 4542/1502/52
f 4503/1504/32 4512/1505/32 4383/1490/32 4482/1489/32
f 4448/1446/13 4445/1433/13 4386/1434/13 4385/1436/13
f 4386/1434/13 4387/1426/13 4450/1432/13 4452/1493/13
f 4410/1445/13 4373/1435/13 4377/1435/13 4422/1442/13
f 4485/1506/32 4507/1507/32 4479/1508/32 4475/1485/32
f 4376/1509/32 4369/1510/32 4462/1511/32 4475/1485/32
f 4414/1488/4087 4375/1447/4068 4378/1450/4068 4424/1461/4088
f 4440/1512/35 4441/1513/31 4446/1483/31 4447/1514/35
f 4376/1509/4089 4370/1515/4089 4557/1516/4090 4548/1509/4091
f 4468/1430/4062 4458/1429/4061 4438/1473/4079 4474/1475/4082
f 4426/1517/33 4425/1518/33 4432/1519/33 4435/1520/33
f 4379/1457/201 4434/1521/4092 4435/1520/4092 4432/1519/4092 4433/1522/4092 4380/1458/201
f 4413/1523/4093 4463/1524/4093 4471/1452/4072 4460/1451/4071
f 4416/1525/204 4415/1526/204 4425/1518/204 4426/1517/204
f 4377/1435/13 4427/1494/13 4434/1527/13 4379/1443/13
f 4497/1528/32 4501/1529/32 4481/1530/32 4480/1531/32
f 4416/1525/33 4454/1495/33 4457/1498/33 4415/1526/33
f 4395/1532/32 4391/1533/32 4549/1534/32 4556/1535/32
f 4449/1499/33 4419/1428/33 4470/1427/33 4455/1500/33
f 4442/1481/31 4463/1524/31 4413/1523/31 4444/1482/31
f 4396/1536/32 4392/1537/32 4555/1538/32 4558/1539/32
f 4374/1425/4059 4412/1424/4058 4461/1464/4075 4390/1425/4065
f 4420/1479/31 4423/1478/31 4430/1540/31 4429/1541/31
f 4369/1510/32 4389/1542/32 4472/1543/32 4462/1544/32
f 4382/1471/32 4372/1545/32 4473/1546/32 4464/1547/32
f 4372/1545/32 4388/1548/32 4469/1549/32 4473/1546/32
f 4388/1548/32 4370/1515/32 4479/1550/32 4469/1549/32
f 4389/1542/32 4371/1472/32 4467/1551/32 4472/1543/32
f 4370/1515/32 4376/1509/32 4475/1485/32 4479/1552/32
f 4371/1472/32 4382/1471/32 4464/1547/32 4467/1551/32
f 4393/1553/4094 4391/1533/4094 4401/1533/4094 4404/1553/4094
f 4395/1532/4095 4392/1537/4095 4403/1537/4095 4406/1532/4095
f 4391/1533/4089 4395/1532/4089 4406/1532/4089 4401/1533/4089
f 4392/1537/4096 4396/1536/4096 4407/1536/4096 4403/1537/4096
f 4393/1553/32 4398/1554/32 4547/1555/32 4550/1556/32
f 4397/1557/32 4396/1536/32 4558/1539/32 4544/1558/32
f 4370/1515/4095 4388/1548/4095 4554/1548/4097 4557/1516/4098
f 4369/1510/4094 4376/1509/4094 4548/1509/4099 4551/1510/4100
f 4388/1548/4096 4372/1545/4096 4559/1545/4096 4554/1548/4096
f 4372/1545/4101 4382/1471/4101 4545/1471/4101 4559/1545/4101
f 4371/1472/4102 4389/1542/4102 4546/1542/4102 4552/1472/4102
f 4391/1533/32 4393/1553/32 4550/1556/32 4549/1534/32
f 4398/1554/32 4394/1559/32 4553/1560/32 4547/1555/32
f 4392/1537/32 4395/1532/32 4556/1535/32 4555/1538/32
f 4389/1542/4103 4369/1510/4103 4551/1510/4104 4546/1542/4105
f 4399/1509/32 4403/1537/32 4407/1536/32 4400/1557/32
f 4402/1554/32 4399/1509/32 4400/1557/32 4405/1559/32
f 4404/1553/32 4401/1533/32 4399/1509/32 4402/1554/32
f 4401/1533/32 4406/1532/32 4403/1537/32 4399/1509/32
f 4398/1554/4103 4393/1553/4103 4404/1553/4103 4402/1554/4103
f 4396/1536/4101 4397/1557/4101 4400/1557/4101 4407/1536/4101
f 4394/1559/4102 4398/1554/4102 4402/1554/4102 4405/1559/4102
f 4397/1557/4078 4394/1559/4078 4405/1559/4078 4400/1557/4078
f 4478/1561/4106 4462/1562/4107 4463/1524/4108 4442/1481/4109
f 4448/1446/4110 4410/1445/4111 4411/1477/4111 4447/1514/4112
f 4454/1495/4113 4416/1525/4114 4417/1438/4114 4453/1437/4113
f 4482/1489/4115 4414/1488/4116 4415/1526/4116 4457/1498/4115
f 4414/1488/4087 4424/1461/4088 4425/1518/4117 4415/1526/4117
f 4427/1494/4118 4417/1438/4118 4416/1525/4118 4426/1517/4118
f 4409/1476/4083 4420/1479/4085 4421/90/4070 4408/90/4069
f 4423/1478/4119 4411/1477/4119 4410/1445/4119 4422/1442/4119
f 4420/29/4120 4429/29/4120 4428/1463/4120 4421/1449/4120
f 4432/1519/4121 4425/1518/4121 4424/1461/4121 4433/1462/4121
f 4426/1517/4122 4435/1520/4122 4434/1527/4122 4427/1494/4122
f 4430/1540/4123 4423/1478/4123 4422/1442/4123 4431/1444/4123
f 4465/1563/4124 4466/305/4125 4467/1551/4126 4464/1547/4127
f 4459/1439/4128 4439/1441/4080 4438/1473/4079 4458/1429/4061
f 4469/1549/4129 4479/1550/4130 4470/1427/4130 4468/1430/4131
f 4472/1543/4132 4467/1551/4126 4466/305/4125 4471/305/4133
f 4461/1464/4134 4412/1424/4135 4413/1523/4135 4460/1451/4136
f 4408/90/4137 4476/1564/4138 4440/1565/4139 4409/1476/4137
f 4476/1566/4138 4477/1567/4140 4441/1513/4141 4440/1512/4139
f 4477/1568/4140 4478/1561/4106 4442/1481/4109 4441/1480/4141
f 4412/1424/4142 4443/1423/4143 4444/1482/4144 4413/1523/4142
f 4443/1423/4143 4445/1433/4144 4446/1483/4145 4444/1482/4144
f 4445/1433/4144 4448/1446/4110 4447/1514/4112 4446/1483/4145
f 4419/1428/4146 4449/1499/4147 4450/1432/4147 4418/1431/4146
f 4449/1499/4147 4451/1496/4148 4452/1493/4148 4450/1432/4147
f 4451/1496/4148 4454/1495/4113 4453/1437/4113 4452/1493/4148
f 4479/1508/4149 4480/1531/4150 4455/1500/4150 4470/1427/4149
f 4480/1531/4150 4481/1530/4151 4456/1497/4151 4455/1500/4150
f 4481/1530/4151 4482/1489/4115 4457/1498/4115 4456/1497/4151
f 4474/3/4152 4465/1563/4124 4464/1547/4127 4473/1546/4153
f 4418/1431/4154 4459/1439/4128 4458/1429/4061 4419/1428/4154
f 4473/1546/4153 4469/1549/4129 4468/1430/4131 4474/1475/4152
f 4462/96/4107 4472/96/4132 4471/1452/4133 4463/1524/4108
f 4436/1465/4155 4461/1464/4134 4460/1451/4136 4437/1454/4155
f 4409/1476/37 4440/1565/35 4447/1514/35 4411/1477/37
f 4488/1569/32 4492/1570/32 4477/1571/32 4476/1501/32
f 4489/1572/52 4511/1573/52 4517/1573/52 4533/1572/52
f 4508/1574/52 4494/1575/52 4537/1575/52 4514/1574/52
f 4499/1576/52 4496/1577/52 4523/1577/52 4526/1576/52
f 4507/1507/32 4497/1528/32 4480/1531/32 4479/1508/32
f 4513/1578/52 4502/1579/52 4541/1579/52 4518/1578/52
f 4490/1580/52 4487/1581/52 4532/1581/52 4520/1580/52
f 4527/1582/32 4525/1583/32 4515/1584/32 4483/1585/32
f 4498/1586/52 4506/1587/52 4540/1587/52 4524/1586/52
f 4510/1588/32 4485/1506/32 4475/1485/32 4384/1484/32
f 4483/1585/32 4515/1589/32 4536/1590/32 4521/1591/32
f 4543/1592/32 4527/1582/32 4483/1585/32 4519/1593/32
f 4519/1593/32 4483/1585/32 4521/1591/32 4534/1594/32
f 4525/1583/32 4539/1595/32 4531/1596/32 4515/1597/32
f 4495/1598/32 4510/1588/32 4384/1484/32 4478/1487/32
f 4501/1529/32 4503/1504/32 4482/1489/32 4481/1530/32
f 4492/1570/32 4495/1598/32 4478/1487/32 4477/1571/32
f 4486/1599/52 4509/1600/52 4516/1600/52 4530/1599/52
f 4512/1505/32 4488/1569/32 4476/1501/32 4383/1490/32
f 4484/1601/4156 4485/1506/4156 4486/1599/4156
f 4487/1581/4157 4488/1569/4158 4489/1572/4159
f 4490/1580/4160 4491/1492/4161 4492/1570/4162
f 4493/1491/4163 4494/1575/4164 4495/1598/4165
f 4496/1577/4166 4497/1528/4167 4498/1586/4168
f 4499/1576/4169 4500/1503/4170 4501/1529/4171
f 4502/1579/4172 4503/1504/4173 4504/1502/4174
f 4505/1602/4175 4506/1587/4176 4507/1507/4177
f 4508/1574/4178 4509/1600/4178 4510/1588/4178
f 4511/1573/4179 4512/1505/4180 4513/1578/4181
f 4514/1574/4182 4515/1597/4182 4516/1600/4182
f 4517/1573/4183 4518/1578/4183 4519/1593/4183
f 4520/1580/4184 4521/1591/4185 4522/1492/4186
f 4523/1577/857 4524/1586/857 4525/1583/857
f 4526/1576/857 4527/1582/857 4528/1503/857
f 4529/1601/4187 4530/1599/4187 4531/1596/4187
f 4532/1581/4188 4533/1572/4188 4534/1594/4188
f 4535/1491/4189 4536/1590/4190 4537/1575/4191
f 4538/1602/4192 4539/1595/4192 4540/1587/4192
f 4541/1579/4193 4542/1502/4193 4543/1592/4193
f 4504/1502/52 4542/1502/52 4541/1579/52 4502/1579/52
f 4529/1601/52 4484/1601/52 4486/1599/52 4530/1599/52
f 4508/1574/52 4514/1574/52 4516/1600/52 4509/1600/52
f 4523/1577/52 4496/1577/52 4498/1586/52 4524/1586/52
f 4505/1602/52 4538/1602/52 4540/1587/52 4506/1587/52
f 4485/1506/4194 4510/1588/4194 4509/1600/4194 4486/1599/4194
f 4487/1581/4157 4490/1580/4160 4492/1570/4162 4488/1569/4158
f 4491/1492/4161 4493/1491/4163 4495/1598/4165 4492/1570/4162
f 4506/1587/4176 4498/1586/4168 4497/1528/4167 4507/1507/4177
f 4496/1577/4166 4499/1576/4169 4501/1529/4171 4497/1528/4167
f 4500/1503/4170 4504/1502/4174 4503/1504/4173 4501/1529/4171
f 4511/1573/4179 4489/1572/4195 4488/1569/4195 4512/1505/4180
f 4502/1579/4196 4513/1578/4181 4512/1505/4180 4503/1504/4196
f 4510/1588/4197 4495/1598/4165 4494/1575/4164 4508/1574/4197
f 4507/1507/4198 4485/1506/4198 4484/1601/4198 4505/1602/4198
f 4530/1599/854 4516/1600/854 4515/1597/854 4531/1596/854
f 4534/1594/4199 4521/1591/4185 4520/1580/4184 4532/1581/4199
f 4521/1591/4185 4536/1590/4190 4535/1491/4189 4522/1492/4186
f 4539/1595/857 4525/1583/857 4524/1586/857 4540/1587/857
f 4525/1583/857 4527/1582/857 4526/1576/857 4523/1577/857
f 4527/1582/857 4543/1592/857 4542/1502/857 4528/1503/857
f 4519/1593/4183 4534/1594/4183 4533/1572/4183 4517/1573/4183
f 4543/1592/4183 4519/1593/4183 4518/1578/4183 4541/1579/4183
f 4514/1574/4068 4537/1575/4191 4536/1590/4190 4515/1589/4068
f 4538/1602/4068 4529/1601/4068 4531/1596/4068 4539/1595/4068
f 4517/1573/52 4511/1573/52 4513/1578/52 4518/1578/52
f 4528/1503/52 4500/1503/52 4499/1576/52 4526/1576/52
f 4489/1572/52 4533/1572/52 4532/1581/52 4487/1581/52
f 4522/1492/52 4491/1492/52 4490/1580/52 4520/1580/52
f 4493/1491/52 4535/1491/52 4537/1575/52 4494/1575/52
f 4505/1602/52 4484/1601/52 4529/1601/52 4538/1602/52
f 4549/1534/4200 4550/1556/4200 4551/1510/4100 4548/1509/4099
f 4545/1471/4201 4552/1472/4202 4553/1560/4202 4544/1558/4203
f 4555/1538/4204 4556/1535/4204 4557/1516/4098 4554/1548/4097
f 4547/1555/4205 4553/1560/4205 4552/1472/4205 4546/1542/4205
f 4556/1535/4206 4549/1534/4206 4548/1509/4091 4557/1516/4090
f 4559/1545/4207 4545/1471/4201 4544/1558/4203 4558/1539/4207
f 4558/1539/4208 4555/1538/4208 4554/1548/4208 4559/1545/4208
f 4550/1556/4209 4547/1555/4209 4546/1542/4105 4551/1510/4104
f 4394/1559/32 4397/1557/32 4544/1558/32 4553/1560/32
