# Blender 4.5.1 LTS
# www.blender.org
mtllib T49.mtl
o Track_T-49
v 0.430000 0.060000 0.071104
v 0.430000 0.070128 0.069820
v 0.430000 0.090192 0.230179
v 0.430000 0.060000 0.228896
v 0.430000 0.029808 0.222890
v 0.430000 0.004212 0.205788
v 0.430000 -0.012890 0.180192
v 0.430000 -0.018896 0.150000
v 0.430000 -0.012890 0.119808
v 0.430000 0.004212 0.094212
v 0.430000 0.029808 0.077110
v 0.430000 0.140000 0.230000
v 0.430000 0.079936 0.066750
v 0.430000 0.089936 0.060250
v 0.000000 0.060000 0.071104
v 0.000000 0.070128 0.069820
v 0.000000 0.090192 0.230179
v 0.000000 0.060000 0.228896
v 0.000000 0.029808 0.222890
v 0.000000 0.004212 0.205788
v 0.000000 -0.012890 0.180192
v 0.000000 -0.018896 0.150000
v 0.000000 -0.012890 0.119808
v 0.000000 0.004212 0.094212
v 0.000000 0.029808 0.077110
v 0.430000 0.140000 0.000000
v 0.000000 0.140000 0.230000
v 0.000000 0.079936 0.066750
v 0.000000 0.089936 0.060250
v 0.430000 0.090000 0.000000
v 0.430000 0.140000 0.240000
v 0.430000 -0.030000 0.240000
v 0.430000 -0.060000 0.230000
v 0.430000 -0.060000 0.200000
v 0.430000 -0.030000 0.190000
v 0.430000 0.000000 0.000000
v 0.490000 0.140000 0.000000
v 0.490000 0.140000 0.240000
v 0.490000 -0.030000 0.240000
v 0.490000 -0.060000 0.230000
v 0.490000 -0.060000 0.200000
v 0.490000 -0.030000 0.190000
v 0.490000 0.000000 0.000000
v 0.490000 0.060000 0.099917
v 0.490000 0.079218 0.103739
v 0.490001 0.095526 0.114636
v 0.490002 0.106444 0.130977
v 0.490004 0.110289 0.150313
v 0.490014 0.106412 0.169710
v 0.490136 0.095415 0.186175
v 0.489979 0.078556 0.195430
v 0.489850 0.060000 0.197857
v 0.489979 0.041444 0.195430
v 0.490136 0.024585 0.186175
v 0.490014 0.013588 0.169710
v 0.490004 0.009711 0.150313
v 0.490002 0.013556 0.130977
v 0.490001 0.024474 0.114636
v 0.490000 0.040782 0.103739
v 0.545000 0.060000 0.100027
v 0.545000 0.079117 0.103830
v 0.545001 0.095331 0.114664
v 0.545005 0.106188 0.130913
v 0.545031 0.110028 0.150222
v 0.545238 0.106073 0.170007
v 0.548025 0.093921 0.188191
v 0.544355 0.078715 0.196465
v 0.542120 0.060000 0.198872
v 0.544355 0.041285 0.196465
v 0.548025 0.026079 0.188191
v 0.545238 0.013927 0.170007
v 0.545031 0.009972 0.150222
v 0.545005 0.013812 0.130913
v 0.545001 0.024669 0.114664
v 0.545000 0.040883 0.103830
v 0.555000 0.060000 0.100075
v 0.555000 0.079044 0.103864
v 0.554999 0.095156 0.114629
v 0.554994 0.105861 0.130650
v 0.554969 0.109569 0.149293
v 0.554820 0.105981 0.167352
v 0.553113 0.097005 0.181884
v 0.555000 0.079134 0.185000
v 0.555000 0.060000 0.185000
v 0.555000 0.040866 0.185000
v 0.553113 0.022995 0.181884
v 0.554820 0.014019 0.167352
v 0.554969 0.010431 0.149293
v 0.554994 0.014139 0.130650
v 0.554999 0.024844 0.114629
v 0.555000 0.040956 0.103864
v 0.650000 0.060000 0.100065
v 0.650000 0.079056 0.103855
v 0.650001 0.095181 0.114629
v 0.650004 0.105898 0.130669
v 0.650023 0.109614 0.149349
v 0.650001 0.106014 0.167466
v 0.652791 0.097126 0.181863
v 0.650000 0.079134 0.185000
v 0.650000 0.060000 0.185000
v 0.650000 0.040866 0.185000
v 0.652791 0.022874 0.181863
v 0.650001 0.013986 0.167466
v 0.650023 0.010386 0.149349
v 0.650004 0.014102 0.130669
v 0.650001 0.024819 0.114629
v 0.650000 0.040944 0.103855
v 0.660001 0.060000 0.100093
v 0.660001 0.079052 0.103883
v 0.660002 0.095202 0.114674
v 0.660001 0.106005 0.130841
v 0.659988 0.109823 0.150038
v 0.659789 0.105900 0.169751
v 0.656735 0.093589 0.188202
v 0.659905 0.079193 0.197594
v 0.662751 0.060000 0.201212
v 0.659905 0.040807 0.197594
v 0.656735 0.026411 0.188202
v 0.659789 0.014100 0.169751
v 0.659988 0.010177 0.150038
v 0.660001 0.013995 0.130841
v 0.660002 0.024798 0.114674
v 0.660001 0.040948 0.103883
v 0.680000 0.060000 0.100000
v 0.680000 0.079134 0.103806
v 0.680000 0.095355 0.114645
v 0.680000 0.106194 0.130866
v 0.680000 0.110000 0.150000
v 0.680000 0.106194 0.169134
v 0.680000 0.095355 0.185355
v 0.680000 0.079134 0.196194
v 0.680000 0.060000 0.200000
v 0.680000 0.040866 0.196194
v 0.680000 0.024645 0.185355
v 0.680000 0.013806 0.169134
v 0.680000 0.010000 0.150000
v 0.680000 0.013806 0.130866
v 0.680000 0.024645 0.114645
v 0.680000 0.040866 0.103806
v 0.430000 0.060000 -0.071104
v 0.430000 0.070128 -0.069820
v 0.430000 0.090192 -0.230179
v 0.430000 0.060000 -0.228896
v 0.430000 0.029808 -0.222890
v 0.430000 0.004212 -0.205788
v 0.430000 -0.012890 -0.180192
v 0.430000 -0.018896 -0.150000
v 0.430000 -0.012890 -0.119808
v 0.430000 0.004212 -0.094212
v 0.430000 0.029808 -0.077110
v 0.430000 0.140000 -0.230000
v 0.430000 0.079936 -0.066750
v 0.430000 0.089936 -0.060250
v 0.000000 0.060000 -0.071104
v 0.000000 0.070128 -0.069820
v 0.000000 0.090192 -0.230179
v 0.000000 0.060000 -0.228896
v 0.000000 0.029808 -0.222890
v 0.000000 0.004212 -0.205788
v 0.000000 -0.012890 -0.180192
v 0.000000 -0.018896 -0.150000
v 0.000000 -0.012890 -0.119808
v 0.000000 0.004212 -0.094212
v 0.000000 0.029808 -0.077110
v 0.000000 0.140000 -0.230000
v 0.000000 0.079936 -0.066750
v 0.000000 0.089936 -0.060250
v 0.430000 0.140000 -0.240000
v 0.430000 -0.030000 -0.240000
v 0.430000 -0.060000 -0.230000
v 0.430000 -0.060000 -0.200000
v 0.430000 -0.030000 -0.190000
v 0.490000 0.140000 -0.240000
v 0.490000 -0.030000 -0.240000
v 0.490000 -0.060000 -0.230000
v 0.490000 -0.060000 -0.200000
v 0.490000 -0.030000 -0.190000
v 0.490000 0.060000 -0.099917
v 0.490000 0.079218 -0.103739
v 0.490001 0.095526 -0.114636
v 0.490002 0.106444 -0.130977
v 0.490004 0.110289 -0.150313
v 0.490014 0.106412 -0.169710
v 0.490136 0.095415 -0.186175
v 0.489979 0.078556 -0.195430
v 0.489850 0.060000 -0.197857
v 0.489979 0.041444 -0.195430
v 0.490136 0.024585 -0.186175
v 0.490014 0.013588 -0.169710
v 0.490004 0.009711 -0.150313
v 0.490002 0.013556 -0.130977
v 0.490001 0.024474 -0.114636
v 0.490000 0.040782 -0.103739
v 0.545000 0.060000 -0.100027
v 0.545000 0.079117 -0.103830
v 0.545001 0.095331 -0.114664
v 0.545005 0.106188 -0.130913
v 0.545031 0.110028 -0.150222
v 0.545238 0.106073 -0.170007
v 0.548025 0.093921 -0.188191
v 0.544355 0.078715 -0.196465
v 0.542120 0.060000 -0.198872
v 0.544355 0.041285 -0.196465
v 0.548025 0.026079 -0.188191
v 0.545238 0.013927 -0.170007
v 0.545031 0.009972 -0.150222
v 0.545005 0.013812 -0.130913
v 0.545001 0.024669 -0.114664
v 0.545000 0.040883 -0.103830
v 0.555000 0.060000 -0.100075
v 0.555000 0.079044 -0.103864
v 0.554999 0.095156 -0.114629
v 0.554994 0.105861 -0.130650
v 0.554969 0.109569 -0.149293
v 0.554820 0.105981 -0.167352
v 0.553113 0.097005 -0.181884
v 0.555000 0.079134 -0.185000
v 0.555000 0.060000 -0.185000
v 0.555000 0.040866 -0.185000
v 0.553113 0.022995 -0.181884
v 0.554820 0.014019 -0.167352
v 0.554969 0.010431 -0.149293
v 0.554994 0.014139 -0.130650
v 0.554999 0.024844 -0.114629
v 0.555000 0.040956 -0.103864
v 0.650000 0.060000 -0.100065
v 0.650000 0.079056 -0.103855
v 0.650001 0.095181 -0.114629
v 0.650004 0.105898 -0.130669
v 0.650023 0.109614 -0.149349
v 0.650001 0.106014 -0.167466
v 0.652791 0.097126 -0.181863
v 0.650000 0.079134 -0.185000
v 0.650000 0.060000 -0.185000
v 0.650000 0.040866 -0.185000
v 0.652791 0.022874 -0.181863
v 0.650001 0.013986 -0.167466
v 0.650023 0.010386 -0.149349
v 0.650004 0.014102 -0.130669
v 0.650001 0.024819 -0.114629
v 0.650000 0.040944 -0.103855
v 0.660001 0.060000 -0.100093
v 0.660001 0.079052 -0.103883
v 0.660002 0.095202 -0.114674
v 0.660001 0.106005 -0.130841
v 0.659988 0.109823 -0.150038
v 0.659789 0.105900 -0.169751
v 0.656735 0.093589 -0.188202
v 0.659905 0.079193 -0.197594
v 0.662751 0.060000 -0.201212
v 0.659905 0.040807 -0.197594
v 0.656735 0.026411 -0.188202
v 0.659789 0.014100 -0.169751
v 0.659988 0.010177 -0.150038
v 0.660001 0.013995 -0.130841
v 0.660002 0.024798 -0.114674
v 0.660001 0.040948 -0.103883
v 0.680000 0.060000 -0.100000
v 0.680000 0.079134 -0.103806
v 0.680000 0.095355 -0.114645
v 0.680000 0.106194 -0.130866
v 0.680000 0.110000 -0.150000
v 0.680000 0.106194 -0.169134
v 0.680000 0.095355 -0.185355
v 0.680000 0.079134 -0.196194
v 0.680000 0.060000 -0.200000
v 0.680000 0.040866 -0.196194
v 0.680000 0.024645 -0.185355
v 0.680000 0.013806 -0.169134
v 0.680000 0.010000 -0.150000
v 0.680000 0.013806 -0.130866
v 0.680000 0.024645 -0.114645
v 0.680000 0.040866 -0.103806
v 0.215360 -0.090000 -0.208400
v 0.215360 0.010000 -0.208400
v 0.215360 -0.090000 -0.117600
v 0.215360 0.010000 -0.117600
v 0.197986 -0.090000 -0.121056
v 0.197986 0.010000 -0.121056
v 0.183257 -0.090000 -0.130898
v 0.183257 0.010000 -0.130898
v 0.173416 -0.090000 -0.145626
v 0.173416 0.010000 -0.145626
v 0.169960 -0.090000 -0.163000
v 0.169960 0.010000 -0.163000
v 0.173416 -0.090000 -0.180374
v 0.173416 0.010000 -0.180374
v 0.183257 -0.090000 -0.195102
v 0.183257 0.010000 -0.195102
v 0.197986 -0.090000 -0.204944
v 0.197986 0.010000 -0.204944
v 0.444640 -0.090000 -0.208400
v 0.444640 0.010000 -0.208400
v 0.462014 -0.090000 -0.204944
v 0.462014 0.010000 -0.204944
v 0.476742 -0.090000 -0.195102
v 0.476742 0.010000 -0.195102
v 0.486584 -0.090000 -0.180374
v 0.486584 0.010000 -0.180374
v 0.490040 -0.090000 -0.163000
v 0.490040 0.010000 -0.163000
v 0.486584 -0.090000 -0.145626
v 0.486584 0.010000 -0.145626
v 0.476742 -0.090000 -0.130898
v 0.476742 0.010000 -0.130898
v 0.462014 -0.090000 -0.121056
v 0.462014 0.010000 -0.121056
v 0.444640 -0.090000 -0.117600
v 0.444640 0.010000 -0.117600
v 0.000000 -0.090000 0.094600
v 0.000000 0.010000 0.094600
v 0.000000 -0.090000 0.185400
v 0.000000 0.010000 0.185400
v 0.114640 -0.090000 0.094600
v 0.114640 0.010000 0.094600
v 0.132014 -0.090000 0.098056
v 0.132014 0.010000 0.098056
v 0.146742 -0.090000 0.107898
v 0.146742 0.010000 0.107898
v 0.156584 -0.090000 0.122626
v 0.156584 0.010000 0.122626
v 0.160040 -0.090000 0.140000
v 0.160040 0.010000 0.140000
v 0.156584 -0.090000 0.157374
v 0.156584 0.010000 0.157374
v 0.146742 -0.090000 0.172102
v 0.146742 0.010000 0.172102
v 0.132014 -0.090000 0.181944
v 0.132014 0.010000 0.181944
v 0.114640 -0.090000 0.185400
v 0.114640 0.010000 0.185400
v -0.430000 0.060000 0.071104
v -0.430000 0.070128 0.069820
v -0.430000 0.090192 0.230179
v -0.430000 0.060000 0.228896
v -0.430000 0.029808 0.222890
v -0.430000 0.004212 0.205788
v -0.430000 -0.012890 0.180192
v -0.430000 -0.018896 0.150000
v -0.430000 -0.012890 0.119808
v -0.430000 0.004212 0.094212
v -0.430000 0.029808 0.077110
v -0.430000 0.140000 0.230000
v -0.430000 0.079936 0.066750
v -0.430000 0.089936 0.060250
v -0.430000 0.140000 0.000000
v -0.430000 0.090000 0.000000
v -0.430000 0.140000 0.240000
v -0.430000 -0.030000 0.240000
v -0.430000 -0.060000 0.230000
v -0.430000 -0.060000 0.200000
v -0.430000 -0.030000 0.190000
v -0.430000 0.000000 0.000000
v -0.490000 0.140000 0.000000
v -0.490000 0.140000 0.240000
v -0.490000 -0.030000 0.240000
v -0.490000 -0.060000 0.230000
v -0.490000 -0.060000 0.200000
v -0.490000 -0.030000 0.190000
v -0.490000 0.000000 0.000000
v -0.490000 0.060000 0.099917
v -0.490000 0.079218 0.103739
v -0.490001 0.095526 0.114636
v -0.490002 0.106444 0.130977
v -0.490004 0.110289 0.150313
v -0.490014 0.106412 0.169710
v -0.490136 0.095415 0.186175
v -0.489979 0.078556 0.195430
v -0.489850 0.060000 0.197857
v -0.489979 0.041444 0.195430
v -0.490136 0.024585 0.186175
v -0.490014 0.013588 0.169710
v -0.490004 0.009711 0.150313
v -0.490002 0.013556 0.130977
v -0.490001 0.024474 0.114636
v -0.490000 0.040782 0.103739
v -0.545000 0.060000 0.100027
v -0.545000 0.079117 0.103830
v -0.545001 0.095331 0.114664
v -0.545005 0.106188 0.130913
v -0.545031 0.110028 0.150222
v -0.545238 0.106073 0.170007
v -0.548025 0.093921 0.188191
v -0.544355 0.078715 0.196465
v -0.542120 0.060000 0.198872
v -0.544355 0.041285 0.196465
v -0.548025 0.026079 0.188191
v -0.545238 0.013927 0.170007
v -0.545031 0.009972 0.150222
v -0.545005 0.013812 0.130913
v -0.545001 0.024669 0.114664
v -0.545000 0.040883 0.103830
v -0.555000 0.060000 0.100075
v -0.555000 0.079044 0.103864
v -0.554999 0.095156 0.114629
v -0.554994 0.105861 0.130650
v -0.554969 0.109569 0.149293
v -0.554820 0.105981 0.167352
v -0.553113 0.097005 0.181884
v -0.555000 0.079134 0.185000
v -0.555000 0.060000 0.185000
v -0.555000 0.040866 0.185000
v -0.553113 0.022995 0.181884
v -0.554820 0.014019 0.167352
v -0.554969 0.010431 0.149293
v -0.554994 0.014139 0.130650
v -0.554999 0.024844 0.114629
v -0.555000 0.040956 0.103864
v -0.650000 0.060000 0.100065
v -0.650000 0.079056 0.103855
v -0.650001 0.095181 0.114629
v -0.650004 0.105898 0.130669
v -0.650023 0.109614 0.149349
v -0.650001 0.106014 0.167466
v -0.652791 0.097126 0.181863
v -0.650000 0.079134 0.185000
v -0.650000 0.060000 0.185000
v -0.650000 0.040866 0.185000
v -0.652791 0.022874 0.181863
v -0.650001 0.013986 0.167466
v -0.650023 0.010386 0.149349
v -0.650004 0.014102 0.130669
v -0.650001 0.024819 0.114629
v -0.650000 0.040944 0.103855
v -0.660001 0.060000 0.100093
v -0.660001 0.079052 0.103883
v -0.660002 0.095202 0.114674
v -0.660001 0.106005 0.130841
v -0.659988 0.109823 0.150038
v -0.659789 0.105900 0.169751
v -0.656735 0.093589 0.188202
v -0.659905 0.079193 0.197594
v -0.662751 0.060000 0.201212
v -0.659905 0.040807 0.197594
v -0.656735 0.026411 0.188202
v -0.659789 0.014100 0.169751
v -0.659988 0.010177 0.150038
v -0.660001 0.013995 0.130841
v -0.660002 0.024798 0.114674
v -0.660001 0.040948 0.103883
v -0.680000 0.060000 0.100000
v -0.680000 0.079134 0.103806
v -0.680000 0.095355 0.114645
v -0.680000 0.106194 0.130866
v -0.680000 0.110000 0.150000
v -0.680000 0.106194 0.169134
v -0.680000 0.095355 0.185355
v -0.680000 0.079134 0.196194
v -0.680000 0.060000 0.200000
v -0.680000 0.040866 0.196194
v -0.680000 0.024645 0.185355
v -0.680000 0.013806 0.169134
v -0.680000 0.010000 0.150000
v -0.680000 0.013806 0.130866
v -0.680000 0.024645 0.114645
v -0.680000 0.040866 0.103806
v -0.430000 0.060000 -0.071104
v -0.430000 0.070128 -0.069820
v -0.430000 0.090192 -0.230179
v -0.430000 0.060000 -0.228896
v -0.430000 0.029808 -0.222890
v -0.430000 0.004212 -0.205788
v -0.430000 -0.012890 -0.180192
v -0.430000 -0.018896 -0.150000
v -0.430000 -0.012890 -0.119808
v -0.430000 0.004212 -0.094212
v -0.430000 0.029808 -0.077110
v -0.430000 0.140000 -0.230000
v -0.430000 0.079936 -0.066750
v -0.430000 0.089936 -0.060250
v -0.430000 0.140000 -0.240000
v -0.430000 -0.030000 -0.240000
v -0.430000 -0.060000 -0.230000
v -0.430000 -0.060000 -0.200000
v -0.430000 -0.030000 -0.190000
v -0.490000 0.140000 -0.240000
v -0.490000 -0.030000 -0.240000
v -0.490000 -0.060000 -0.230000
v -0.490000 -0.060000 -0.200000
v -0.490000 -0.030000 -0.190000
v -0.490000 0.060000 -0.099917
v -0.490000 0.079218 -0.103739
v -0.490001 0.095526 -0.114636
v -0.490002 0.106444 -0.130977
v -0.490004 0.110289 -0.150313
v -0.490014 0.106412 -0.169710
v -0.490136 0.095415 -0.186175
v -0.489979 0.078556 -0.195430
v -0.489850 0.060000 -0.197857
v -0.489979 0.041444 -0.195430
v -0.490136 0.024585 -0.186175
v -0.490014 0.013588 -0.169710
v -0.490004 0.009711 -0.150313
v -0.490002 0.013556 -0.130977
v -0.490001 0.024474 -0.114636
v -0.490000 0.040782 -0.103739
v -0.545000 0.060000 -0.100027
v -0.545000 0.079117 -0.103830
v -0.545001 0.095331 -0.114664
v -0.545005 0.106188 -0.130913
v -0.545031 0.110028 -0.150222
v -0.545238 0.106073 -0.170007
v -0.548025 0.093921 -0.188191
v -0.544355 0.078715 -0.196465
v -0.542120 0.060000 -0.198872
v -0.544355 0.041285 -0.196465
v -0.548025 0.026079 -0.188191
v -0.545238 0.013927 -0.170007
v -0.545031 0.009972 -0.150222
v -0.545005 0.013812 -0.130913
v -0.545001 0.024669 -0.114664
v -0.545000 0.040883 -0.103830
v -0.555000 0.060000 -0.100075
v -0.555000 0.079044 -0.103864
v -0.554999 0.095156 -0.114629
v -0.554994 0.105861 -0.130650
v -0.554969 0.109569 -0.149293
v -0.554820 0.105981 -0.167352
v -0.553113 0.097005 -0.181884
v -0.555000 0.079134 -0.185000
v -0.555000 0.060000 -0.185000
v -0.555000 0.040866 -0.185000
v -0.553113 0.022995 -0.181884
v -0.554820 0.014019 -0.167352
v -0.554969 0.010431 -0.149293
v -0.554994 0.014139 -0.130650
v -0.554999 0.024844 -0.114629
v -0.555000 0.040956 -0.103864
v -0.650000 0.060000 -0.100065
v -0.650000 0.079056 -0.103855
v -0.650001 0.095181 -0.114629
v -0.650004 0.105898 -0.130669
v -0.650023 0.109614 -0.149349
v -0.650001 0.106014 -0.167466
v -0.652791 0.097126 -0.181863
v -0.650000 0.079134 -0.185000
v -0.650000 0.060000 -0.185000
v -0.650000 0.040866 -0.185000
v -0.652791 0.022874 -0.181863
v -0.650001 0.013986 -0.167466
v -0.650023 0.010386 -0.149349
v -0.650004 0.014102 -0.130669
v -0.650001 0.024819 -0.114629
v -0.650000 0.040944 -0.103855
v -0.660001 0.060000 -0.100093
v -0.660001 0.079052 -0.103883
v -0.660002 0.095202 -0.114674
v -0.660001 0.106005 -0.130841
v -0.659988 0.109823 -0.150038
v -0.659789 0.105900 -0.169751
v -0.656735 0.093589 -0.188202
v -0.659905 0.079193 -0.197594
v -0.662751 0.060000 -0.201212
v -0.659905 0.040807 -0.197594
v -0.656735 0.026411 -0.188202
v -0.659789 0.014100 -0.169751
v -0.659988 0.010177 -0.150038
v -0.660001 0.013995 -0.130841
v -0.660002 0.024798 -0.114674
v -0.660001 0.040948 -0.103883
v -0.680000 0.060000 -0.100000
v -0.680000 0.079134 -0.103806
v -0.680000 0.095355 -0.114645
v -0.680000 0.106194 -0.130866
v -0.680000 0.110000 -0.150000
v -0.680000 0.106194 -0.169134
v -0.680000 0.095355 -0.185355
v -0.680000 0.079134 -0.196194
v -0.680000 0.060000 -0.200000
v -0.680000 0.040866 -0.196194
v -0.680000 0.024645 -0.185355
v -0.680000 0.013806 -0.169134
v -0.680000 0.010000 -0.150000
v -0.680000 0.013806 -0.130866
v -0.680000 0.024645 -0.114645
v -0.680000 0.040866 -0.103806
v -0.215360 -0.090000 -0.208400
v -0.215360 0.010000 -0.208400
v -0.215360 -0.090000 -0.117600
v -0.215360 0.010000 -0.117600
v -0.197986 -0.090000 -0.121056
v -0.197986 0.010000 -0.121056
v -0.183257 -0.090000 -0.130898
v -0.183257 0.010000 -0.130898
v -0.173416 -0.090000 -0.145626
v -0.173416 0.010000 -0.145626
v -0.169960 -0.090000 -0.163000
v -0.169960 0.010000 -0.163000
v -0.173416 -0.090000 -0.180374
v -0.173416 0.010000 -0.180374
v -0.183257 -0.090000 -0.195102
v -0.183257 0.010000 -0.195102
v -0.197986 -0.090000 -0.204944
v -0.197986 0.010000 -0.204944
v -0.444640 -0.090000 -0.208400
v -0.444640 0.010000 -0.208400
v -0.462014 -0.090000 -0.204944
v -0.462014 0.010000 -0.204944
v -0.476742 -0.090000 -0.195102
v -0.476742 0.010000 -0.195102
v -0.486584 -0.090000 -0.180374
v -0.486584 0.010000 -0.180374
v -0.490040 -0.090000 -0.163000
v -0.490040 0.010000 -0.163000
v -0.486584 -0.090000 -0.145626
v -0.486584 0.010000 -0.145626
v -0.476742 -0.090000 -0.130898
v -0.476742 0.010000 -0.130898
v -0.462014 -0.090000 -0.121056
v -0.462014 0.010000 -0.121056
v -0.444640 -0.090000 -0.117600
v -0.444640 0.010000 -0.117600
v -0.114640 -0.090000 0.094600
v -0.114640 0.010000 0.094600
v -0.132014 -0.090000 0.098056
v -0.132014 0.010000 0.098056
v -0.146742 -0.090000 0.107898
v -0.146742 0.010000 0.107898
v -0.156584 -0.090000 0.122626
v -0.156584 0.010000 0.122626
v -0.160040 -0.090000 0.140000
v -0.160040 0.010000 0.140000
v -0.156584 -0.090000 0.157374
v -0.156584 0.010000 0.157374
v -0.146742 -0.090000 0.172102
v -0.146742 0.010000 0.172102
v -0.132014 -0.090000 0.181944
v -0.132014 0.010000 0.181944
v -0.114640 -0.090000 0.185400
v -0.114640 0.010000 0.185400
v 0.560000 0.137782 -0.072218
v 0.560000 0.160000 -0.100000
v 0.560000 0.040000 -0.220000
v 0.560000 0.030000 -0.240000
v 0.560000 0.116000 -0.153000
v 0.560000 0.098000 -0.187000
v 0.560000 0.160001 -0.199999
v 0.560000 0.102095 -0.048373
v 0.560000 0.060000 -0.040000
v 0.560000 0.017905 -0.048373
v 0.560000 -0.017782 -0.072218
v 0.560000 -0.041627 -0.107905
v 0.560000 -0.050000 -0.150000
v 0.560000 -0.041627 -0.192095
v 0.560000 -0.017782 -0.227782
v 0.560000 0.010000 -0.240000
v 0.560000 0.098891 -0.111109
v 0.560000 0.110813 -0.128952
v 0.560000 0.180002 -0.209999
v 0.560000 0.190003 -0.220000
v 0.448025 0.462524 -0.212985
v 0.596179 0.210742 -0.131147
v 0.560000 0.081048 -0.099187
v 0.560000 0.060000 -0.095000
v 0.560000 0.038952 -0.099187
v 0.560000 0.021109 -0.111109
v 0.560000 0.009187 -0.128952
v 0.560000 0.005000 -0.150000
v 0.560000 0.009187 -0.171048
v 0.560000 0.021109 -0.188891
v 0.560000 0.038952 -0.200813
v 0.560000 0.098000 -0.250000
v 0.560000 0.130000 -0.190000
v 0.560000 0.111000 -0.179000
v 0.650000 0.137782 -0.072218
v 0.650000 0.160000 -0.100000
v 0.650000 0.040000 -0.220000
v 0.650000 0.030000 -0.240000
v 0.650000 0.116000 -0.153000
v 0.650000 0.098000 -0.187000
v 0.650000 0.160001 -0.200000
v 0.650000 0.102095 -0.048373
v 0.650000 0.060000 -0.040000
v 0.650000 0.017905 -0.048373
v 0.650000 -0.017782 -0.072218
v 0.650000 -0.041627 -0.107905
v 0.650000 -0.050000 -0.150000
v 0.650000 -0.041627 -0.192095
v 0.650000 -0.017782 -0.227782
v 0.650000 0.010000 -0.240000
v 0.650000 0.098891 -0.111109
v 0.650000 0.110813 -0.128952
v 0.650000 0.081048 -0.099187
v 0.650000 0.060000 -0.095000
v 0.650000 0.038952 -0.099187
v 0.650000 0.021109 -0.111109
v 0.650000 0.009187 -0.128952
v 0.650000 0.005000 -0.150000
v 0.650000 0.009187 -0.171048
v 0.650000 0.021109 -0.188891
v 0.650000 0.038952 -0.200813
v 0.650000 0.130000 -0.250000
v 0.650000 0.130000 -0.190000
v 0.650000 0.111000 -0.179000
v 0.610000 0.160000 -0.100000
v 0.610000 0.159998 -0.200002
v 0.610000 0.179998 -0.210001
v 0.610000 0.189997 -0.220000
v 0.448038 0.462378 -0.249998
v 0.426429 0.480000 -0.200000
v 0.426429 0.480000 -0.250000
v 0.560000 0.200000 -0.250000
v 0.560000 0.200000 -0.109264
v 0.416429 0.433333 -0.250000
v 0.426429 0.386667 -0.250000
v 0.436429 0.340000 -0.250000
v 0.466429 0.293333 -0.250000
v 0.496429 0.246667 -0.250000
v 0.496429 0.246667 -0.124387
v 0.466429 0.293333 -0.139509
v 0.436429 0.340000 -0.154632
v 0.426429 0.386667 -0.169755
v 0.416429 0.433333 -0.184877
v 0.480000 0.340000 -0.154632
v 0.510000 0.293333 -0.139509
v 0.560000 0.137782 -0.427800
v 0.560000 0.160000 -0.400018
v 0.560000 0.040000 -0.280018
v 0.560000 0.030000 -0.260018
v 0.560000 0.116000 -0.347018
v 0.560000 0.098000 -0.313018
v 0.560000 0.159999 -0.300017
v 0.560000 0.102095 -0.451645
v 0.560000 0.060000 -0.460018
v 0.560000 0.017905 -0.451645
v 0.560000 -0.017782 -0.427800
v 0.560000 -0.041627 -0.392114
v 0.560000 -0.050000 -0.350018
v 0.560000 -0.041627 -0.307923
v 0.560000 -0.017782 -0.272237
v 0.560000 0.010000 -0.260018
v 0.560000 0.098891 -0.388909
v 0.560000 0.110813 -0.371066
v 0.560000 0.179998 -0.290018
v 0.560000 0.189997 -0.280018
v 0.448024 0.462526 -0.287021
v 0.560000 0.081048 -0.400832
v 0.560000 0.060000 -0.405018
v 0.560000 0.038952 -0.400832
v 0.560000 0.021109 -0.388909
v 0.560000 0.009187 -0.371066
v 0.560000 0.005000 -0.350018
v 0.560000 0.009187 -0.328971
v 0.560000 0.021109 -0.311128
v 0.560000 0.038952 -0.299205
v 0.560000 0.130000 -0.250018
v 0.560000 0.130000 -0.310018
v 0.560000 0.111000 -0.321018
v 0.650000 0.137782 -0.427800
v 0.650000 0.160000 -0.400018
v 0.650000 0.040000 -0.280018
v 0.650000 0.030000 -0.260018
v 0.650000 0.116000 -0.347018
v 0.650000 0.098000 -0.313018
v 0.650000 0.159999 -0.300018
v 0.650000 0.102095 -0.451645
v 0.650000 0.060000 -0.460018
v 0.650000 0.017905 -0.451645
v 0.650000 -0.017782 -0.427800
v 0.650000 -0.041627 -0.392114
v 0.650000 -0.050000 -0.350018
v 0.650000 -0.041627 -0.307923
v 0.650000 -0.017782 -0.272237
v 0.650000 0.010000 -0.260018
v 0.650000 0.098891 -0.388909
v 0.650000 0.110813 -0.371066
v 0.650000 0.081048 -0.400832
v 0.650000 0.060000 -0.405018
v 0.650000 0.038952 -0.400832
v 0.650000 0.021109 -0.388909
v 0.650000 0.009187 -0.371066
v 0.650000 0.005000 -0.350018
v 0.650000 0.009187 -0.328971
v 0.650000 0.021109 -0.311128
v 0.650000 0.038952 -0.299205
v 0.650000 0.098000 -0.250018
v 0.650000 0.130000 -0.310019
v 0.650000 0.111000 -0.321018
v 0.560000 0.200000 -0.390018
v 0.610000 0.160000 -0.400018
v 0.610000 0.160002 -0.300020
v 0.610000 0.180002 -0.290019
v 0.610000 0.190003 -0.280019
v 0.596230 0.210702 -0.250019
v 0.596107 0.210798 -0.368384
v 0.426429 0.480000 -0.300018
v 0.496429 0.246667 -0.375632
v 0.466429 0.293333 -0.360509
v 0.436429 0.340000 -0.345386
v 0.426429 0.386667 -0.330264
v 0.416429 0.433333 -0.315141
v 0.446429 0.433333 -0.315141
v 0.460000 0.386667 -0.330264
v 0.480000 0.340000 -0.345386
v 0.560000 0.246667 -0.375632
v 0.561713 0.242942 -0.141309
v 0.448001 0.429373 -0.201966
v 0.461577 0.382693 -0.186864
v 0.511202 0.290045 -0.343233
v 0.446429 0.433333 -0.184877
v 0.460000 0.386667 -0.169755
v 0.446429 0.480000 -0.250000
v 0.446429 0.480000 -0.200000
v 0.481433 0.336363 -0.171837
v 0.511198 0.290064 -0.156797
v 0.610000 0.200000 -0.250018
v 0.610000 0.200000 -0.390018
v 0.446429 0.480000 -0.300018
v 0.448000 0.429375 -0.298045
v 0.461582 0.382675 -0.313154
v 0.481442 0.336336 -0.328187
v 0.610000 0.200000 -0.109264
v 0.561527 0.243104 -0.358683
v 0.560000 0.246667 -0.124387
v 0.510000 0.293333 -0.360509
v 0.498190 0.291157 -0.250001
v 0.498178 0.291084 -0.156761
v 0.468185 0.337132 -0.250019
v 0.468205 0.337179 -0.328322
v 0.468166 0.337086 -0.171691
v 0.550386 0.246344 -0.266765
v 0.550365 0.246443 -0.357841
v 0.448105 0.383400 -0.250001
v 0.448125 0.383429 -0.313325
v 0.434210 0.429637 -0.250002
v 0.434226 0.429655 -0.298384
v 0.550415 0.246208 -0.142140
v 0.448086 0.383372 -0.186696
v 0.434193 0.429619 -0.201645
v 0.498202 0.291229 -0.343241
v 0.434158 0.462507 -0.250003
v 0.434145 0.462655 -0.212624
v 0.583193 0.212052 -0.250018
v 0.583211 0.212133 -0.368227
v 0.434171 0.462657 -0.287412
v 0.583049 0.212102 -0.131276
v -0.560000 0.137782 -0.072218
v -0.560000 0.160000 -0.100000
v -0.560000 0.040000 -0.220000
v -0.560000 0.030000 -0.240000
v -0.560000 0.116000 -0.153000
v -0.560000 0.098000 -0.187000
v -0.560000 0.160001 -0.199999
v -0.560000 0.102095 -0.048373
v -0.560000 0.060000 -0.040000
v -0.560000 0.017905 -0.048373
v -0.560000 -0.017782 -0.072218
v -0.560000 -0.041627 -0.107905
v -0.560000 -0.050000 -0.150000
v -0.560000 -0.041627 -0.192095
v -0.560000 -0.017782 -0.227782
v -0.560000 0.010000 -0.240000
v -0.560000 0.098891 -0.111109
v -0.560000 0.110813 -0.128952
v -0.560000 0.180002 -0.209999
v -0.560000 0.190003 -0.220000
v -0.448046 0.462531 -0.212951
v -0.596207 0.210762 -0.131116
v -0.560000 0.081048 -0.099187
v -0.560000 0.060000 -0.095000
v -0.560000 0.038952 -0.099187
v -0.560000 0.021109 -0.111109
v -0.560000 0.009187 -0.128952
v -0.560000 0.005000 -0.150000
v -0.560000 0.009187 -0.171048
v -0.560000 0.021109 -0.188891
v -0.560000 0.038952 -0.200813
v -0.560000 0.098000 -0.250000
v -0.560000 0.130000 -0.190000
v -0.560000 0.111000 -0.179000
v -0.650000 0.137782 -0.072218
v -0.650000 0.160000 -0.100000
v -0.650000 0.040000 -0.220000
v -0.650000 0.030000 -0.240000
v -0.650000 0.116000 -0.153000
v -0.650000 0.098000 -0.187000
v -0.650000 0.160001 -0.200000
v -0.650000 0.102095 -0.048373
v -0.650000 0.060000 -0.040000
v -0.650000 0.017905 -0.048373
v -0.650000 -0.017782 -0.072218
v -0.650000 -0.041627 -0.107905
v -0.650000 -0.050000 -0.150000
v -0.650000 -0.041627 -0.192095
v -0.650000 -0.017782 -0.227782
v -0.650000 0.010000 -0.240000
v -0.650000 0.098891 -0.111109
v -0.650000 0.110813 -0.128952
v -0.650000 0.081048 -0.099187
v -0.650000 0.060000 -0.095000
v -0.650000 0.038952 -0.099187
v -0.650000 0.021109 -0.111109
v -0.650000 0.009187 -0.128952
v -0.650000 0.005000 -0.150000
v -0.650000 0.009187 -0.171048
v -0.650000 0.021109 -0.188891
v -0.650000 0.038952 -0.200813
v -0.650000 0.130000 -0.250000
v -0.650000 0.130000 -0.190000
v -0.650000 0.111000 -0.179000
v -0.610000 0.160000 -0.100000
v -0.610000 0.159998 -0.200002
v -0.610000 0.179998 -0.210001
v -0.610000 0.189997 -0.220000
v -0.448059 0.462387 -0.250000
v -0.426429 0.480000 -0.200000
v -0.426429 0.480000 -0.250000
v -0.560000 0.200000 -0.250000
v -0.560000 0.200000 -0.109264
v -0.416429 0.433333 -0.250000
v -0.426429 0.386667 -0.250000
v -0.436429 0.340000 -0.250000
v -0.466429 0.293333 -0.250000
v -0.496429 0.246667 -0.250000
v -0.496429 0.246667 -0.124387
v -0.466429 0.293333 -0.139509
v -0.436429 0.340000 -0.154632
v -0.426429 0.386667 -0.169755
v -0.416429 0.433333 -0.184877
v -0.480000 0.340000 -0.154632
v -0.510000 0.293333 -0.139509
v -0.560000 0.137782 -0.427800
v -0.560000 0.160000 -0.400018
v -0.560000 0.040000 -0.280018
v -0.560000 0.030000 -0.260018
v -0.560000 0.116000 -0.347018
v -0.560000 0.098000 -0.313018
v -0.560000 0.159999 -0.300017
v -0.560000 0.102095 -0.451645
v -0.560000 0.060000 -0.460018
v -0.560000 0.017905 -0.451645
v -0.560000 -0.017782 -0.427800
v -0.560000 -0.041627 -0.392114
v -0.560000 -0.050000 -0.350018
v -0.560000 -0.041627 -0.307923
v -0.560000 -0.017782 -0.272237
v -0.560000 0.010000 -0.260018
v -0.560000 0.098891 -0.388909
v -0.560000 0.110813 -0.371066
v -0.560000 0.179998 -0.290018
v -0.560000 0.189997 -0.280018
v -0.448046 0.462531 -0.287068
v -0.560000 0.081048 -0.400832
v -0.560000 0.060000 -0.405018
v -0.560000 0.038952 -0.400832
v -0.560000 0.021109 -0.388909
v -0.560000 0.009187 -0.371066
v -0.560000 0.005000 -0.350018
v -0.560000 0.009187 -0.328971
v -0.560000 0.021109 -0.311128
v -0.560000 0.038952 -0.299205
v -0.560000 0.130000 -0.250018
v -0.560000 0.130000 -0.310018
v -0.560000 0.111000 -0.321018
v -0.650000 0.137782 -0.427800
v -0.650000 0.160000 -0.400018
v -0.650000 0.040000 -0.280018
v -0.650000 0.030000 -0.260018
v -0.650000 0.116000 -0.347018
v -0.650000 0.098000 -0.313018
v -0.650000 0.159999 -0.300018
v -0.650000 0.102095 -0.451645
v -0.650000 0.060000 -0.460018
v -0.650000 0.017905 -0.451645
v -0.650000 -0.017782 -0.427800
v -0.650000 -0.041627 -0.392114
v -0.650000 -0.050000 -0.350018
v -0.650000 -0.041627 -0.307923
v -0.650000 -0.017782 -0.272237
v -0.650000 0.010000 -0.260018
v -0.650000 0.098891 -0.388909
v -0.650000 0.110813 -0.371066
v -0.650000 0.081048 -0.400832
v -0.650000 0.060000 -0.405018
v -0.650000 0.038952 -0.400832
v -0.650000 0.021109 -0.388909
v -0.650000 0.009187 -0.371066
v -0.650000 0.005000 -0.350018
v -0.650000 0.009187 -0.328971
v -0.650000 0.021109 -0.311128
v -0.650000 0.038952 -0.299205
v -0.650000 0.098000 -0.250018
v -0.650000 0.130000 -0.310019
v -0.650000 0.111000 -0.321018
v -0.560000 0.200000 -0.390018
v -0.610000 0.160000 -0.400018
v -0.610000 0.160002 -0.300020
v -0.610000 0.180002 -0.290019
v -0.610000 0.190003 -0.280019
v -0.596251 0.210727 -0.250018
v -0.596208 0.210761 -0.368396
v -0.426429 0.480000 -0.300018
v -0.496429 0.246667 -0.375632
v -0.466429 0.293333 -0.360509
v -0.436429 0.340000 -0.345386
v -0.426429 0.386667 -0.330264
v -0.416429 0.433333 -0.315141
v -0.446429 0.433333 -0.315141
v -0.460000 0.386667 -0.330264
v -0.480000 0.340000 -0.345386
v -0.560000 0.246667 -0.375632
v -0.561918 0.242760 -0.141522
v -0.448022 0.429403 -0.201942
v -0.461599 0.382720 -0.186841
v -0.511226 0.290083 -0.343246
v -0.446429 0.433333 -0.184877
v -0.460000 0.386667 -0.169755
v -0.446429 0.480000 -0.250000
v -0.446429 0.480000 -0.200000
v -0.481453 0.336395 -0.171816
v -0.511226 0.290083 -0.156773
v -0.610000 0.200000 -0.250018
v -0.610000 0.200000 -0.390018
v -0.446429 0.480000 -0.300018
v -0.448022 0.429403 -0.298076
v -0.461599 0.382720 -0.313177
v -0.481452 0.336395 -0.328202
v -0.610000 0.200000 -0.109264
v -0.561852 0.242822 -0.358476
v -0.560000 0.246667 -0.124387
v -0.510000 0.293333 -0.360509
v -0.498233 0.291173 -0.250000
v -0.498233 0.291173 -0.156830
v -0.468191 0.337120 -0.250018
v -0.468191 0.337120 -0.328276
v -0.468191 0.337119 -0.171742
v -0.546458 0.246400 -0.250000
v -0.548866 0.244165 -0.358331
v -0.448114 0.383388 -0.250000
v -0.448114 0.383388 -0.313275
v -0.434219 0.429624 -0.250000
v -0.434219 0.429624 -0.298329
v -0.548932 0.244104 -0.141667
v -0.448114 0.383388 -0.186743
v -0.434219 0.429625 -0.201689
v -0.498233 0.291173 -0.343188
v -0.434170 0.462498 -0.250000
v -0.434169 0.462643 -0.212660
v -0.583321 0.212176 -0.250018
v -0.583285 0.212209 -0.368214
v -0.434169 0.462643 -0.287359
v -0.583285 0.212210 -0.131299
vn -0.0000 -0.3827 -0.9239
vn -0.0000 -0.7071 -0.7071
vn -0.0000 -0.1605 -0.9870
vn -0.0000 -0.0194 0.9998
vn -0.0000 0.0036 1.0000
vn -0.0000 -0.1191 0.9929
vn -0.0000 -0.3827 0.9239
vn -0.0000 -0.7071 0.7071
vn -0.0000 -0.9239 0.3827
vn -0.0000 -1.0000 -0.0000
vn -1.0000 -0.0000 -0.0000
vn -0.0000 -0.9239 -0.3827
vn -0.0000 -0.4258 -0.9048
vn -0.0000 -0.2131 -0.9770
vn -0.0000 -0.3162 -0.9487
vn -0.0000 -0.1602 0.9871
vn -0.0000 -0.3162 0.9487
vn -0.0000 -0.9878 -0.1560
vn -0.0000 -0.0000 1.0000
vn 0.0047 1.0000 0.0006
vn 0.0258 0.9996 0.0059
vn 0.0121 0.9246 -0.3807
vn 0.0039 0.9240 -0.3823
vn 0.0047 -1.0000 0.0006
vn 0.0258 -0.9996 0.0059
vn 0.0578 -0.9184 0.3915
vn 0.0036 -0.9242 0.3818
vn 0.0036 0.9242 0.3818
vn 0.0578 0.9184 0.3915
vn 0.0039 -0.9240 -0.3823
vn 0.0121 -0.9246 -0.3807
vn -0.0080 0.6804 0.7328
vn 0.0279 0.7158 0.6977
vn 0.0029 -0.7073 -0.7069
vn 0.0064 -0.7076 -0.7065
vn -0.0190 0.3104 0.9504
vn -0.0189 0.3286 0.9443
vn 0.0022 -0.3828 -0.9238
vn 0.0041 -0.3829 -0.9238
vn -0.0194 -0.0000 0.9998
vn 0.0022 0.3828 -0.9238
vn 0.0041 0.3829 -0.9238
vn 0.0034 -0.0000 -1.0000
vn 0.0020 -0.0000 -1.0000
vn -0.0190 -0.3104 0.9504
vn -0.0189 -0.3286 0.9443
vn 0.0029 0.7073 -0.7069
vn 0.0064 0.7076 -0.7065
vn -0.0080 -0.6804 0.7328
vn 0.0279 -0.7158 0.6977
vn 0.0099 0.9229 -0.3848
vn 0.0049 0.7064 -0.7078
vn 0.0497 -0.9335 0.3552
vn 0.0993 -0.8413 0.5313
vn 0.0223 0.9997 -0.0059
vn 0.0223 -0.9997 -0.0059
vn 0.0497 0.9335 0.3552
vn 0.0099 -0.9229 -0.3848
vn 0.0993 0.8413 0.5313
vn 0.0049 -0.7064 -0.7078
vn 0.7297 0.0715 0.6801
vn 0.7273 0.1000 0.6790
vn 0.7156 0.1926 0.6714
vn 0.0029 -0.3824 -0.9240
vn 0.7328 -0.0000 0.6804
vn 0.0029 0.3824 -0.9240
vn 0.0024 -0.0000 -1.0000
vn 0.7297 -0.0715 0.6801
vn 0.7273 -0.1000 0.6790
vn 0.7156 -0.1926 0.6714
vn -0.0000 0.0902 0.9959
vn -0.0000 0.0889 0.9960
vn 0.0013 0.3826 -0.9239
vn 0.0014 -0.0000 -1.0000
vn 0.0013 -0.3826 -0.9239
vn -0.0000 -0.0889 0.9960
vn -0.0000 -0.0902 0.9959
vn 0.0007 0.7069 -0.7073
vn -0.0000 -0.1718 0.9851
vn -0.0017 0.9234 -0.3838
vn -0.0328 -0.9333 0.3576
vn -0.0776 -0.8416 0.5346
vn -0.0104 0.9999 -0.0044
vn -0.0104 -0.9999 -0.0044
vn -0.0328 0.9333 0.3576
vn -0.0017 -0.9234 -0.3838
vn -0.0776 0.8416 0.5346
vn 0.0007 -0.7069 -0.7073
vn -0.0000 0.1718 0.9851
vn -0.0058 -0.9242 -0.3818
vn -0.0151 -0.9999 0.0043
vn 0.0067 0.7258 0.6879
vn -0.0390 0.9190 0.3924
vn -0.0024 -0.7071 -0.7071
vn -0.7812 0.1138 0.6139
vn -0.7836 0.0809 0.6159
vn -0.7666 0.2239 0.6019
vn -0.0012 -0.3826 -0.9239
vn -0.7860 -0.0000 0.6182
vn -0.0012 0.3826 -0.9239
vn -0.0009 -0.0000 -1.0000
vn -0.7812 -0.1138 0.6139
vn -0.7836 -0.0809 0.6159
vn -0.0024 0.7071 -0.7071
vn -0.7666 -0.2239 0.6019
vn -0.0058 0.9242 -0.3818
vn -0.0390 -0.9190 0.3924
vn 0.0067 -0.7258 0.6879
vn -0.0151 0.9999 0.0043
vn -0.0083 0.9241 -0.3821
vn -0.0065 0.7075 -0.7067
vn -0.0019 -0.9255 0.3788
vn 0.0304 -0.7190 0.6944
vn -0.0089 1.0000 -0.0002
vn -0.0089 -1.0000 -0.0002
vn -0.0019 0.9255 0.3788
vn -0.0083 -0.9241 -0.3821
vn 0.0304 0.7190 0.6944
vn -0.0065 -0.7075 -0.7067
vn 0.0649 0.3982 0.9150
vn 0.0653 0.3846 0.9208
vn -0.0051 -0.3829 -0.9238
vn 0.0701 -0.0000 0.9975
vn -0.0051 0.3829 -0.9238
vn -0.0047 -0.0000 -1.0000
vn 0.0649 -0.3982 0.9150
vn 0.0653 -0.3846 0.9208
vn 1.0000 -0.0000 -0.0000
vn -0.0000 -0.4258 0.9048
vn -0.0000 -0.2131 0.9770
vn -0.0000 -0.1191 -0.9929
vn -0.0000 -0.0194 -0.9998
vn -0.0000 -0.1605 0.9870
vn -0.0000 -0.5450 0.8384
vn -0.0000 -0.1602 -0.9871
vn -0.0000 -0.9878 0.1560
vn -0.0000 -0.0000 -1.0000
vn 0.0047 1.0000 -0.0006
vn 0.0039 0.9240 0.3823
vn 0.0121 0.9246 0.3807
vn 0.0258 0.9996 -0.0059
vn 0.0047 -1.0000 -0.0006
vn 0.0036 -0.9242 -0.3818
vn 0.0578 -0.9184 -0.3915
vn 0.0258 -0.9996 -0.0059
vn 0.0036 0.9242 -0.3818
vn 0.0578 0.9184 -0.3915
vn 0.0039 -0.9240 0.3823
vn 0.0121 -0.9246 0.3807
vn -0.0080 0.6804 -0.7328
vn 0.0279 0.7158 -0.6977
vn 0.0029 -0.7073 0.7069
vn 0.0064 -0.7076 0.7065
vn -0.0190 0.3104 -0.9504
vn -0.0189 0.3286 -0.9443
vn 0.0022 -0.3828 0.9238
vn 0.0041 -0.3829 0.9238
vn -0.0194 -0.0000 -0.9998
vn 0.0022 0.3828 0.9238
vn 0.0020 -0.0000 1.0000
vn 0.0034 -0.0000 1.0000
vn 0.0041 0.3829 0.9238
vn -0.0190 -0.3104 -0.9504
vn -0.0189 -0.3286 -0.9443
vn 0.0029 0.7073 0.7069
vn 0.0064 0.7076 0.7065
vn -0.0080 -0.6804 -0.7328
vn 0.0279 -0.7158 -0.6977
vn 0.0049 0.7064 0.7078
vn 0.0099 0.9229 0.3848
vn 0.0993 -0.8413 -0.5313
vn 0.0497 -0.9335 -0.3552
vn 0.0223 0.9997 0.0059
vn 0.0223 -0.9997 0.0059
vn 0.0497 0.9335 -0.3552
vn 0.0099 -0.9229 0.3848
vn 0.0993 0.8413 -0.5313
vn 0.0049 -0.7064 0.7078
vn 0.7297 0.0715 -0.6801
vn 0.7156 0.1926 -0.6714
vn 0.7273 0.1000 -0.6790
vn 0.0029 -0.3824 0.9240
vn 0.7328 -0.0000 -0.6804
vn 0.0024 -0.0000 1.0000
vn 0.0029 0.3824 0.9240
vn 0.7297 -0.0715 -0.6801
vn 0.7273 -0.1000 -0.6790
vn 0.7156 -0.1926 -0.6714
vn -0.0000 0.0889 -0.9960
vn -0.0000 0.0902 -0.9959
vn 0.0014 -0.0000 1.0000
vn 0.0013 0.3826 0.9239
vn 0.0013 -0.3826 0.9239
vn -0.0000 -0.0889 -0.9960
vn -0.0000 -0.0902 -0.9959
vn 0.0007 0.7069 0.7073
vn -0.0000 -0.1718 -0.9851
vn -0.0017 0.9234 0.3838
vn -0.0776 -0.8416 -0.5346
vn -0.0328 -0.9333 -0.3576
vn -0.0104 0.9999 0.0044
vn -0.0104 -0.9999 0.0044
vn -0.0328 0.9333 -0.3576
vn -0.0017 -0.9234 0.3838
vn -0.0776 0.8416 -0.5346
vn 0.0007 -0.7069 0.7073
vn -0.0000 0.1718 -0.9851
vn -0.0151 -0.9999 -0.0043
vn -0.0058 -0.9242 0.3818
vn -0.0390 0.9190 -0.3924
vn 0.0067 0.7258 -0.6879
vn -0.0024 -0.7071 0.7071
vn -0.7812 0.1138 -0.6139
vn -0.7666 0.2239 -0.6019
vn -0.7836 0.0809 -0.6159
vn -0.0012 -0.3826 0.9239
vn -0.7860 -0.0000 -0.6182
vn -0.0009 -0.0000 1.0000
vn -0.0012 0.3826 0.9239
vn -0.7812 -0.1138 -0.6139
vn -0.7836 -0.0809 -0.6159
vn -0.0024 0.7071 0.7071
vn -0.7666 -0.2239 -0.6019
vn -0.0058 0.9242 0.3818
vn 0.0067 -0.7258 -0.6879
vn -0.0390 -0.9190 -0.3924
vn -0.0151 0.9999 -0.0043
vn -0.0065 0.7075 0.7067
vn -0.0083 0.9241 0.3821
vn 0.0304 -0.7190 -0.6944
vn -0.0019 -0.9255 -0.3788
vn -0.0089 1.0000 0.0002
vn -0.0089 -1.0000 0.0002
vn -0.0019 0.9255 -0.3788
vn -0.0083 -0.9241 0.3821
vn 0.0304 0.7190 -0.6944
vn -0.0065 -0.7075 0.7067
vn 0.0649 0.3982 -0.9150
vn 0.0653 0.3846 -0.9208
vn -0.0051 -0.3829 0.9238
vn 0.0701 -0.0000 -0.9975
vn -0.0047 -0.0000 1.0000
vn -0.0051 0.3829 0.9238
vn 0.0649 -0.3982 -0.9150
vn 0.0653 -0.3846 -0.9208
vn -0.0980 -0.0000 -0.9952
vn 0.0980 -0.0000 -0.9952
vn -0.0980 -0.0000 0.9952
vn 0.0980 -0.0000 0.9952
vn -0.3827 -0.0000 0.9239
vn -0.7071 -0.0000 0.7071
vn -0.9239 -0.0000 0.3827
vn -0.9239 -0.0000 -0.3827
vn -0.7071 -0.0000 -0.7071
vn -0.3827 -0.0000 -0.9239
vn 0.3827 -0.0000 -0.9239
vn 0.7071 -0.0000 -0.7071
vn 0.9239 -0.0000 -0.3827
vn 0.9239 -0.0000 0.3827
vn 0.7071 -0.0000 0.7071
vn 0.3827 -0.0000 0.9239
vn -0.0000 -0.5450 -0.8384
vn -0.0000 1.0000 -0.0000
vn -0.0047 1.0000 0.0006
vn -0.0039 0.9240 -0.3823
vn -0.0121 0.9246 -0.3807
vn -0.0258 0.9996 0.0059
vn -0.0047 -1.0000 0.0006
vn -0.0036 -0.9242 0.3818
vn -0.0578 -0.9184 0.3915
vn -0.0258 -0.9996 0.0059
vn -0.0036 0.9242 0.3818
vn -0.0578 0.9184 0.3915
vn -0.0039 -0.9240 -0.3823
vn -0.0121 -0.9246 -0.3807
vn 0.0080 0.6804 0.7328
vn -0.0279 0.7158 0.6977
vn -0.0029 -0.7073 -0.7069
vn -0.0064 -0.7076 -0.7065
vn 0.0190 0.3104 0.9504
vn 0.0189 0.3286 0.9443
vn -0.0022 -0.3828 -0.9238
vn -0.0041 -0.3829 -0.9238
vn 0.0194 -0.0000 0.9998
vn -0.0022 0.3828 -0.9238
vn -0.0020 -0.0000 -1.0000
vn -0.0034 -0.0000 -1.0000
vn -0.0041 0.3829 -0.9238
vn 0.0190 -0.3104 0.9504
vn 0.0189 -0.3286 0.9443
vn -0.0029 0.7073 -0.7069
vn -0.0064 0.7076 -0.7065
vn 0.0080 -0.6804 0.7328
vn -0.0279 -0.7158 0.6977
vn -0.0049 0.7064 -0.7078
vn -0.0099 0.9229 -0.3848
vn -0.0993 -0.8413 0.5313
vn -0.0497 -0.9335 0.3552
vn -0.0223 0.9997 -0.0059
vn -0.0223 -0.9997 -0.0059
vn -0.0497 0.9335 0.3552
vn -0.0099 -0.9229 -0.3848
vn -0.0993 0.8413 0.5313
vn -0.0049 -0.7064 -0.7078
vn -0.7297 0.0715 0.6801
vn -0.7156 0.1926 0.6714
vn -0.7273 0.1000 0.6790
vn -0.0029 -0.3824 -0.9240
vn -0.7328 -0.0000 0.6804
vn -0.0024 -0.0000 -1.0000
vn -0.0029 0.3824 -0.9240
vn -0.7297 -0.0715 0.6801
vn -0.7273 -0.1000 0.6790
vn -0.7156 -0.1926 0.6714
vn -0.0014 -0.0000 -1.0000
vn -0.0013 0.3826 -0.9239
vn -0.0013 -0.3826 -0.9239
vn -0.0007 0.7069 -0.7073
vn 0.0017 0.9234 -0.3838
vn 0.0776 -0.8416 0.5346
vn 0.0328 -0.9333 0.3576
vn 0.0104 0.9999 -0.0044
vn 0.0104 -0.9999 -0.0044
vn 0.0328 0.9333 0.3576
vn 0.0017 -0.9234 -0.3838
vn 0.0776 0.8416 0.5346
vn -0.0007 -0.7069 -0.7073
vn 0.0151 -0.9999 0.0043
vn 0.0058 -0.9242 -0.3818
vn 0.0390 0.9190 0.3924
vn -0.0067 0.7258 0.6879
vn 0.0024 -0.7071 -0.7071
vn 0.7812 0.1138 0.6139
vn 0.7666 0.2239 0.6019
vn 0.7836 0.0809 0.6159
vn 0.0012 -0.3826 -0.9239
vn 0.7860 -0.0000 0.6182
vn 0.0009 -0.0000 -1.0000
vn 0.0012 0.3826 -0.9239
vn 0.7812 -0.1138 0.6139
vn 0.7836 -0.0809 0.6159
vn 0.0024 0.7071 -0.7071
vn 0.7666 -0.2239 0.6019
vn 0.0058 0.9242 -0.3818
vn -0.0067 -0.7258 0.6879
vn 0.0390 -0.9190 0.3924
vn 0.0151 0.9999 0.0043
vn 0.0065 0.7075 -0.7067
vn 0.0083 0.9241 -0.3821
vn -0.0304 -0.7190 0.6944
vn 0.0019 -0.9255 0.3788
vn 0.0089 1.0000 -0.0002
vn 0.0089 -1.0000 -0.0002
vn 0.0019 0.9255 0.3788
vn 0.0083 -0.9241 -0.3821
vn -0.0304 0.7190 0.6944
vn 0.0065 -0.7075 -0.7067
vn -0.0649 0.3982 0.9150
vn -0.0653 0.3846 0.9208
vn 0.0051 -0.3829 -0.9238
vn -0.0701 -0.0000 0.9975
vn 0.0047 -0.0000 -1.0000
vn 0.0051 0.3829 -0.9238
vn -0.0649 -0.3982 0.9150
vn -0.0653 -0.3846 0.9208
vn -0.0047 1.0000 -0.0006
vn -0.0258 0.9996 -0.0059
vn -0.0121 0.9246 0.3807
vn -0.0039 0.9240 0.3823
vn -0.0047 -1.0000 -0.0006
vn -0.0258 -0.9996 -0.0059
vn -0.0578 -0.9184 -0.3915
vn -0.0036 -0.9242 -0.3818
vn -0.0036 0.9242 -0.3818
vn -0.0578 0.9184 -0.3915
vn -0.0039 -0.9240 0.3823
vn -0.0121 -0.9246 0.3807
vn 0.0080 0.6804 -0.7328
vn -0.0279 0.7158 -0.6977
vn -0.0029 -0.7073 0.7069
vn -0.0064 -0.7076 0.7065
vn 0.0190 0.3104 -0.9504
vn 0.0189 0.3286 -0.9443
vn -0.0022 -0.3828 0.9238
vn -0.0041 -0.3829 0.9238
vn 0.0194 -0.0000 -0.9998
vn -0.0022 0.3828 0.9238
vn -0.0041 0.3829 0.9238
vn -0.0034 -0.0000 1.0000
vn -0.0020 -0.0000 1.0000
vn 0.0190 -0.3104 -0.9504
vn 0.0189 -0.3286 -0.9443
vn -0.0029 0.7073 0.7069
vn -0.0064 0.7076 0.7065
vn 0.0080 -0.6804 -0.7328
vn -0.0279 -0.7158 -0.6977
vn -0.0099 0.9229 0.3848
vn -0.0049 0.7064 0.7078
vn -0.0497 -0.9335 -0.3552
vn -0.0993 -0.8413 -0.5313
vn -0.0223 0.9997 0.0059
vn -0.0223 -0.9997 0.0059
vn -0.0497 0.9335 -0.3552
vn -0.0099 -0.9229 0.3848
vn -0.0993 0.8413 -0.5313
vn -0.0049 -0.7064 0.7078
vn -0.7297 0.0715 -0.6801
vn -0.7273 0.1000 -0.6790
vn -0.7156 0.1926 -0.6714
vn -0.0029 -0.3824 0.9240
vn -0.7328 -0.0000 -0.6804
vn -0.0029 0.3824 0.9240
vn -0.0024 -0.0000 1.0000
vn -0.7297 -0.0715 -0.6801
vn -0.7273 -0.1000 -0.6790
vn -0.7156 -0.1926 -0.6714
vn -0.0013 0.3826 0.9239
vn -0.0014 -0.0000 1.0000
vn -0.0013 -0.3826 0.9239
vn -0.0007 0.7069 0.7073
vn 0.0017 0.9234 0.3838
vn 0.0328 -0.9333 -0.3576
vn 0.0776 -0.8416 -0.5346
vn 0.0104 0.9999 0.0044
vn 0.0104 -0.9999 0.0044
vn 0.0328 0.9333 -0.3576
vn 0.0017 -0.9234 0.3838
vn 0.0776 0.8416 -0.5346
vn -0.0007 -0.7069 0.7073
vn 0.0058 -0.9242 0.3818
vn 0.0151 -0.9999 -0.0043
vn -0.0067 0.7258 -0.6879
vn 0.0390 0.9190 -0.3924
vn 0.0024 -0.7071 0.7071
vn 0.7812 0.1138 -0.6139
vn 0.7836 0.0809 -0.6159
vn 0.7666 0.2239 -0.6019
vn 0.0012 -0.3826 0.9239
vn 0.7860 -0.0000 -0.6182
vn 0.0012 0.3826 0.9239
vn 0.0009 -0.0000 1.0000
vn 0.7812 -0.1138 -0.6139
vn 0.7836 -0.0809 -0.6159
vn 0.0024 0.7071 0.7071
vn 0.7666 -0.2239 -0.6019
vn 0.0058 0.9242 0.3818
vn 0.0390 -0.9190 -0.3924
vn -0.0067 -0.7258 -0.6879
vn 0.0151 0.9999 -0.0043
vn 0.0083 0.9241 0.3821
vn 0.0065 0.7075 0.7067
vn 0.0019 -0.9255 -0.3788
vn -0.0304 -0.7190 -0.6944
vn 0.0089 1.0000 0.0002
vn 0.0089 -1.0000 0.0002
vn 0.0019 0.9255 -0.3788
vn 0.0083 -0.9241 0.3821
vn -0.0304 0.7190 -0.6944
vn 0.0065 -0.7075 0.7067
vn -0.0649 0.3982 -0.9150
vn -0.0653 0.3846 -0.9208
vn 0.0051 -0.3829 0.9238
vn -0.0701 -0.0000 -0.9975
vn 0.0051 0.3829 0.9238
vn 0.0047 -0.0000 1.0000
vn -0.0649 -0.3982 -0.9150
vn -0.0653 -0.3846 -0.9208
vn -0.0000 0.0036 -1.0000
vn -0.0000 -0.9208 -0.3901
vn -0.0000 -0.9999 -0.0112
vn -0.0000 -0.2057 -0.9786
vn -0.0000 -0.5241 0.8517
vn -0.0000 0.3827 0.9239
vn -0.0000 0.7071 -0.7071
vn -0.0000 0.3827 -0.9239
vn -0.0000 -0.8315 -0.5556
vn -0.0000 -0.4026 -0.9154
vn -0.0000 0.9239 0.3827
vn -0.0000 0.7071 0.7071
vn -0.0000 0.9239 -0.3827
vn -0.0000 0.6762 0.7367
vn -0.0000 0.5556 0.8315
vn -0.0000 0.7810 0.6246
vn -0.0000 0.9792 -0.2031
vn -0.0000 0.9985 0.0545
vn -0.0000 -0.9820 0.1888
vn -0.0000 0.8944 -0.4472
vn -0.0000 0.2765 0.9610
vn -0.0000 0.2256 0.9742
vn -0.0000 0.2532 0.9674
vn -0.0001 -0.8507 -0.5257
vn -0.0001 -0.9487 -0.3161
vn -0.0001 -0.5847 -0.8112
vn -0.0001 -0.5847 -0.8113
vn -0.0001 -0.4472 -0.8944
vn -0.9778 -0.2095 -0.0000
vn -0.9991 -0.0418 -0.0000
vn -0.0000 0.3083 0.9513
vn -0.9778 0.2095 -0.0000
vn -0.5918 -0.8061 -0.0000
vn -0.7095 -0.7047 -0.0000
vn -0.7286 -0.6849 -0.0000
vn -0.7099 -0.7043 -0.0000
vn -0.8412 -0.5408 -0.0000
vn -0.9111 -0.4122 -0.0000
vn -0.9244 -0.3813 -0.0000
vn -0.0000 -0.9208 0.3901
vn -0.0000 -0.9999 0.0112
vn -0.0000 -0.3163 0.9487
vn -0.0000 -0.2057 0.9786
vn -0.0000 -0.5241 -0.8517
vn -0.0000 -0.8315 0.5556
vn -0.0000 -0.4026 0.9154
vn -0.0000 0.6762 -0.7367
vn -0.0000 0.5556 -0.8315
vn -0.0000 0.7810 -0.6246
vn -0.0000 0.9792 0.2031
vn -0.0000 0.9985 -0.0545
vn -0.0000 -0.9820 -0.1888
vn -0.0000 0.8944 0.4472
vn -0.0000 0.2745 -0.9616
vn -0.0000 0.2598 -0.9657
vn -0.0000 0.2425 -0.9701
vn 0.0001 -0.8507 0.5257
vn 0.0001 -0.9487 0.3161
vn 0.0001 -0.5847 0.8112
vn 0.0001 -0.4472 0.8944
vn -0.0000 0.3083 -0.9513
vn -0.0276 -0.3153 -0.9486
vn -0.0276 -0.3151 -0.9487
vn -0.0276 -0.3151 -0.9486
vn 0.1030 0.9947 0.0002
vn 0.1030 0.9947 0.0007
vn -0.0251 -0.3269 -0.9447
vn -0.0243 -0.3244 -0.9456
vn -0.0285 -0.3377 -0.9408
vn -0.0280 -0.3231 -0.9460
vn -0.0290 -0.3361 -0.9414
vn -0.0284 -0.3287 -0.9440
vn -0.0279 -0.3211 -0.9466
vn -0.0202 -0.3074 0.9514
vn -0.0220 -0.3128 0.9495
vn -0.0300 -0.3373 0.9409
vn -0.0093 -1.0000 -0.0000
vn -0.0093 -0.9999 0.0040
vn -0.0000 0.3051 -0.9523
vn -0.0000 0.2980 -0.9546
vn 0.9412 0.3378 0.0083
vn 0.9868 0.1519 0.0556
vn 0.9850 0.1641 0.0526
vn 0.9399 0.3413 0.0074
vn 0.9973 0.0596 0.0424
vn 0.9959 0.0909 -0.0000
vn 0.9973 0.0590 0.0431
vn 0.7787 0.6241 -0.0641
vn 0.8874 0.4604 -0.0234
vn 0.8847 0.4654 -0.0247
vn 0.7731 0.6308 -0.0657
vn 0.6549 0.7544 0.0440
vn 0.6137 0.7896 -0.0000
vn 0.6550 0.7543 0.0442
vn 0.9973 0.0596 -0.0423
vn 0.9868 0.1519 -0.0556
vn 0.9850 0.1641 -0.0526
vn 0.9973 0.0590 -0.0431
vn 0.9412 0.3378 -0.0082
vn 0.9400 0.3412 -0.0073
vn 0.8874 0.4604 0.0237
vn 0.8848 0.4653 0.0250
vn 0.6552 0.7542 -0.0436
vn 0.6555 0.7539 -0.0439
vn 0.6934 0.7152 0.0879
vn 0.6937 0.7150 -0.0871
vn 0.7787 0.6241 0.0646
vn 0.7732 0.6307 0.0662
vn 0.7520 0.6592 0.0006
vn 0.7373 0.6755 0.0006
vn 0.6927 0.7212 0.0006
vn 0.6878 0.7259 0.0006
vn 0.6926 0.7214 0.0006
vn 0.7374 0.6754 0.0006
vn 0.8805 0.4740 0.0005
vn 0.8733 0.4872 0.0005
vn 0.9391 0.3436 0.0004
vn 0.9353 0.3539 0.0005
vn 0.9893 0.1462 0.0004
vn 0.9846 0.1750 0.0004
vn 0.9846 0.1749 0.0004
vn 1.0000 0.0016 0.0003
vn 0.7224 0.6914 0.0006
vn -0.0298 -0.3155 0.9485
vn -0.0298 -0.3154 0.9485
vn -0.0277 -0.3175 -0.9478
vn -0.0277 -0.3165 -0.9482
vn -0.0299 -0.3183 0.9475
vn -0.0299 -0.3172 0.9479
vn -0.0303 -0.3244 0.9455
vn -0.0301 -0.3222 0.9462
vn -0.0315 -0.3386 0.9404
vn -0.0307 -0.3304 0.9434
vn 0.1030 0.9947 -0.0003
vn -0.0093 -0.9999 -0.0040
vn 0.0001 -0.8507 -0.5257
vn 0.0001 -0.9487 -0.3161
vn 0.0001 -0.5847 -0.8112
vn 0.0001 -0.5847 -0.8113
vn 0.0001 -0.4472 -0.8944
vn 0.9778 -0.2095 -0.0000
vn 0.9991 -0.0418 -0.0000
vn 0.9778 0.2095 -0.0000
vn 0.5918 -0.8061 -0.0000
vn 0.7099 -0.7043 -0.0000
vn 0.7286 -0.6849 -0.0000
vn 0.7095 -0.7047 -0.0000
vn 0.8412 -0.5408 -0.0000
vn 0.9111 -0.4122 -0.0000
vn 0.9244 -0.3813 -0.0000
vn -0.0001 -0.8507 0.5257
vn -0.0001 -0.9487 0.3161
vn -0.0001 -0.5847 0.8112
vn -0.0001 -0.4472 0.8944
vn 0.0225 -0.3153 -0.9487
vn 0.0225 -0.3145 -0.9490
vn 0.0225 -0.3144 -0.9490
vn -0.1114 0.9938 -0.0000
vn -0.1114 0.9938 0.0002
vn 0.0237 -0.3315 -0.9431
vn 0.0236 -0.3300 -0.9437
vn 0.0238 -0.3321 -0.9429
vn 0.0228 -0.3204 -0.9470
vn 0.0227 -0.3188 -0.9476
vn 0.0230 -0.3239 -0.9458
vn 0.0233 -0.3274 -0.9446
vn 0.0222 -0.3171 0.9481
vn 0.0232 -0.3267 0.9448
vn 0.0225 -0.3197 0.9472
vn 0.0080 -1.0000 -0.0000
vn 0.0080 -1.0000 0.0039
vn -0.9410 0.3382 0.0099
vn -0.9397 0.3418 0.0090
vn -0.9849 0.1646 0.0540
vn -0.9867 0.1523 0.0571
vn -0.9972 0.0604 0.0430
vn -0.9972 0.0599 0.0438
vn -0.9957 0.0922 -0.0000
vn -0.7784 0.6247 -0.0623
vn -0.7730 0.6312 -0.0640
vn -0.8845 0.4659 -0.0230
vn -0.8872 0.4609 -0.0217
vn -0.6555 0.7540 0.0429
vn -0.6557 0.7538 0.0431
vn -0.6151 0.7884 -0.0000
vn -0.9972 0.0604 -0.0430
vn -0.9972 0.0599 -0.0438
vn -0.9849 0.1646 -0.0540
vn -0.9867 0.1523 -0.0571
vn -0.9397 0.3418 -0.0090
vn -0.9410 0.3382 -0.0099
vn -0.8845 0.4659 0.0230
vn -0.8872 0.4609 0.0217
vn -0.6561 0.7535 -0.0430
vn -0.6558 0.7537 -0.0428
vn -0.6932 0.7157 0.0855
vn -0.6935 0.7154 -0.0854
vn -0.7730 0.6312 0.0639
vn -0.7784 0.6247 0.0623
vn -0.7643 0.6448 -0.0000
vn -0.7519 0.6592 -0.0000
vn -0.6804 0.7329 -0.0000
vn -0.8803 0.4744 -0.0000
vn -0.8731 0.4876 -0.0000
vn -0.9391 0.3435 -0.0000
vn -0.9353 0.3539 -0.0000
vn -0.9893 0.1462 -0.0000
vn -0.9846 0.1749 -0.0000
vn -1.0000 0.0015 -0.0000
vn 0.0224 -0.3144 0.9490
vn 0.0224 -0.3145 0.9490
vn 0.0225 -0.3153 0.9487
vn 0.0226 -0.3158 -0.9486
vn 0.0225 -0.3149 -0.9488
vn 0.0225 -0.3158 0.9486
vn 0.0225 -0.3149 0.9488
vn 0.0228 -0.3204 0.9470
vn 0.0227 -0.3188 0.9476
vn 0.0233 -0.3273 0.9446
vn 0.0230 -0.3238 0.9458
vn -0.1114 0.9938 -0.0002
vn 0.0080 -1.0000 -0.0039
vt 0.807907 0.000000
vt 0.823128 0.000000
vt 0.823128 0.218247
vt 0.823128 0.436495
vt 0.807907 0.436495
vt 0.807907 0.218247
vt 0.761909 0.436495
vt 0.777259 0.436495
vt 0.777259 0.654742
vt 0.777259 0.872989
vt 0.761909 0.872989
vt 0.761909 0.654742
vt 0.659972 0.436495
vt 0.634693 0.436495
vt 0.634693 0.218247
vt 0.634694 -0.000000
vt 0.659972 -0.000000
vt 0.659972 0.218247
vt 0.675301 0.436495
vt 0.675301 -0.000000
vt 0.675301 0.218247
vt 0.690653 0.436495
vt 0.690653 -0.000000
vt 0.690653 0.218247
vt 0.415018 0.872989
vt 0.400578 0.872989
vt 0.400578 0.654742
vt 0.400578 0.436495
vt 0.415018 0.436495
vt 0.415018 0.654742
vt 0.430643 0.872989
vt 0.430643 0.436495
vt 0.430643 0.654742
vt 0.761937 0.436495
vt 0.746611 0.436495
vt 0.746611 0.218247
vt 0.746611 0.000000
vt 0.761938 0.000000
vt 0.761937 0.218247
vt 0.604240 0.365437
vt 0.619467 0.461872
vt 0.634693 0.466948
vt 0.634693 0.482174
vt 0.619467 0.487250
vt 0.533183 0.487250
vt 0.533183 0.365437
vt 0.533183 0.243625
vt 0.619467 0.243625
vt 0.634693 0.248700
vt 0.634693 0.263927
vt 0.619467 0.269002
vt 0.777259 0.436495
vt 0.777259 -0.000000
vt 0.777259 0.218247
vt 0.751771 0.436495
vt 0.756763 0.436495
vt 0.756763 0.654742
vt 0.756763 0.872989
vt 0.751771 0.872989
vt 0.751771 0.654742
vt 0.838540 0.000000
vt 0.838540 0.218247
vt 0.838540 0.436495
vt 0.713371 0.980600
vt 0.698100 0.980600
vt 0.698100 0.950147
vt 0.713371 0.950147
vt 0.208902 0.860185
vt 0.208902 0.875458
vt 0.178449 0.875458
vt 0.178449 0.860185
vt 0.883972 0.704510
vt 0.883973 0.800932
vt 0.853520 0.800932
vt 0.853519 0.704510
vt 0.967221 0.755267
vt 0.982448 0.755267
vt 0.982448 0.785720
vt 0.967221 0.785720
vt 0.208902 0.773905
vt 0.178449 0.773905
vt 0.573787 0.237989
vt 0.589111 0.234941
vt 0.619467 0.243625
vt 0.533183 0.243625
vt 0.533183 0.238549
vt 0.558463 0.238640
vt 0.602102 0.226261
vt 0.610783 0.213269
vt 0.619467 0.218247
vt 0.634693 0.223323
vt 0.634693 0.238549
vt 0.613831 0.197945
vt 0.610783 0.182621
vt 0.602102 0.169630
vt 0.604240 0.121812
vt 0.573787 0.157901
vt 0.568647 0.157250
vt 0.563669 0.155692
vt 0.558593 0.152392
vt 0.558561 0.121812
vt 0.589111 0.160950
vt 0.917479 0.704527
vt 0.917463 0.732456
vt 0.927265 0.732465
vt 0.927294 0.704548
vt 0.314165 0.923642
vt 0.314149 0.895713
vt 0.304109 0.895629
vt 0.304322 0.923659
vt 0.907635 0.704510
vt 0.907422 0.732539
vt 0.323981 0.923621
vt 0.323951 0.895704
vt 0.907720 0.096616
vt 0.906581 0.126003
vt 0.917525 0.124541
vt 0.917633 0.096511
vt 0.948617 0.096435
vt 0.948659 0.068519
vt 0.938740 0.068518
vt 0.938641 0.096434
vt 0.898439 0.096576
vt 0.898229 0.124176
vt 0.957817 0.096435
vt 0.957807 0.068519
vt 0.878666 0.400916
vt 0.878661 0.427446
vt 0.888171 0.428580
vt 0.888094 0.400982
vt 0.938638 0.096511
vt 0.938689 0.124427
vt 0.948409 0.124427
vt 0.948410 0.096511
vt 0.958093 0.124427
vt 0.958145 0.096511
vt 0.869259 0.400982
vt 0.869173 0.428580
vt 0.953765 0.436495
vt 0.953807 0.464410
vt 0.962955 0.464410
vt 0.962966 0.436495
vt 0.907695 0.096406
vt 0.906557 0.067019
vt 0.898229 0.068845
vt 0.898440 0.096445
vt 0.943790 0.436495
vt 0.943889 0.464412
vt 0.917621 0.096511
vt 0.917516 0.068481
vt 0.944092 0.469482
vt 0.953871 0.469485
vt 0.918496 0.063622
vt 0.909982 0.064451
vt 0.917923 0.737502
vt 0.927387 0.737535
vt 0.314610 0.890667
vt 0.305445 0.890763
vt 0.908759 0.737405
vt 0.324074 0.890633
vt 0.909997 0.128571
vt 0.918497 0.129401
vt 0.948723 0.063445
vt 0.938943 0.063447
vt 0.688107 0.958495
vt 0.696023 0.958312
vt 0.696671 0.949171
vt 0.692558 0.950732
vt 0.957813 0.063444
vt 0.686446 0.967977
vt 0.696023 0.968013
vt 0.938725 0.129502
vt 0.948409 0.129502
vt 0.958057 0.129502
vt 0.688107 0.977472
vt 0.696023 0.977714
vt 0.962961 0.469485
vt 0.692558 0.985128
vt 0.696671 0.986694
vt 0.628139 0.880923
vt 0.628139 0.929140
vt 0.637851 0.929140
vt 0.637851 0.880923
vt 0.938719 0.177720
vt 0.948409 0.177720
vt 0.958062 0.177720
vt 0.618428 0.880923
vt 0.618428 0.929140
vt 0.953864 0.517703
vt 0.962961 0.517703
vt 0.609372 0.879965
vt 0.609311 0.930557
vt 0.944072 0.517704
vt 0.918677 0.015313
vt 0.910253 0.013860
vt 0.917787 0.785746
vt 0.927269 0.785758
vt 0.314473 0.842423
vt 0.305280 0.842454
vt 0.908593 0.785714
vt 0.323956 0.842411
vt 0.910264 0.179162
vt 0.918673 0.177709
vt 0.948715 0.015226
vt 0.938924 0.015225
vt 0.646996 0.930557
vt 0.646934 0.879965
vt 0.957812 0.015226
vt 0.323857 0.837337
vt 0.314112 0.837366
vt 0.906699 0.181179
vt 0.917809 0.182681
vt 0.948690 0.010150
vt 0.938821 0.010151
vt 0.353677 0.606779
vt 0.361809 0.606749
vt 0.357071 0.599372
vt 0.353305 0.597559
vt 0.957802 0.010151
vt 0.353677 0.616480
vt 0.364145 0.616480
vt 0.938721 0.182795
vt 0.948409 0.182795
vt 0.958060 0.182795
vt 0.353677 0.626181
vt 0.361809 0.626211
vt 0.953838 0.522779
vt 0.962950 0.522779
vt 0.353305 0.635205
vt 0.357071 0.633431
vt 0.943970 0.522779
vt 0.917807 0.010342
vt 0.906680 0.011843
vt 0.917426 0.790803
vt 0.927171 0.790832
vt 0.304109 0.837489
vt 0.907422 0.790680
vt 0.943905 0.532929
vt 0.953807 0.532929
vt 0.918183 0.000085
vt 0.908401 0.000042
vt 0.917422 0.800960
vt 0.927135 0.800982
vt 0.314109 0.827209
vt 0.304399 0.827230
vt 0.907712 0.800939
vt 0.323822 0.827187
vt 0.908416 0.192980
vt 0.918184 0.192938
vt 0.948659 0.000000
vt 0.938757 0.000000
vt 0.898229 0.182824
vt 0.898770 0.193021
vt 0.957811 -0.000000
vt 0.948362 0.790410
vt 0.957117 0.790404
vt 0.957117 0.780676
vt 0.946918 0.780652
vt 0.938680 0.192946
vt 0.948409 0.192946
vt 0.958102 0.192946
vt 0.946918 0.800135
vt 0.957117 0.800099
vt 0.962959 0.532929
vt 0.898776 0.000000
vt 0.898229 0.010197
vt 0.673683 0.482485
vt 0.680684 0.475484
vt 0.684473 0.466336
vt 0.684473 0.456434
vt 0.680684 0.447286
vt 0.673683 0.440284
vt 0.664534 0.436495
vt 0.654633 0.436495
vt 0.645484 0.440284
vt 0.638483 0.447286
vt 0.634694 0.456434
vt 0.634694 0.466336
vt 0.638483 0.475484
vt 0.645484 0.482485
vt 0.654633 0.486275
vt 0.664534 0.486275
vt 0.370513 0.436495
vt 0.370513 0.218247
vt 0.370513 -0.000000
vt 0.401093 -0.000000
vt 0.431673 -0.000000
vt 0.431673 0.218247
vt 0.431673 0.436495
vt 0.401093 0.436495
vt 0.777259 0.872989
vt 0.777259 0.654742
vt 0.777259 0.436495
vt 0.782251 0.436495
vt 0.782251 0.654742
vt 0.782251 0.872989
vt 0.746611 -0.000000
vt 0.746611 0.218247
vt 0.746611 0.436495
vt 0.731261 0.436495
vt 0.731261 0.218247
vt 0.731261 -0.000000
vt 0.853761 -0.000000
vt 0.853761 0.218247
vt 0.853761 0.436495
vt 0.838540 0.436495
vt 0.838540 0.218247
vt 0.838540 -0.000000
vt 0.869173 -0.000000
vt 0.869173 0.218247
vt 0.869173 0.436495
vt 0.792586 0.436495
vt 0.792586 0.218247
vt 0.792586 0.000000
vt 0.807907 -0.000000
vt 0.807907 0.218247
vt 0.807907 0.436495
vt 0.777259 0.436495
vt 0.777259 0.218247
vt 0.777259 -0.000000
vt 0.384953 0.872989
vt 0.384953 0.654742
vt 0.384953 0.436495
vt 0.400578 0.436495
vt 0.400578 0.654742
vt 0.400578 0.872989
vt 0.715931 0.436495
vt 0.715931 0.218247
vt 0.715931 -0.000000
vt 0.370513 0.872989
vt 0.370513 0.654742
vt 0.370513 0.436495
vt 0.787398 0.872989
vt 0.787398 0.654742
vt 0.787398 0.436495
vt 0.802750 0.436495
vt 0.802750 0.654742
vt 0.802750 0.872989
vt 0.892664 0.436495
vt 0.892664 0.218247
vt 0.892664 -0.000000
vt 0.898229 -0.000000
vt 0.898229 0.218247
vt 0.898229 0.436495
vt 0.802706 0.949123
vt 0.802706 0.979576
vt 0.787433 0.979576
vt 0.787433 0.949123
vt 0.431673 0.883529
vt 0.462126 0.883529
vt 0.462126 0.898800
vt 0.431673 0.898800
vt 0.883972 0.897380
vt 0.853519 0.897380
vt 0.899199 0.952955
vt 0.899199 0.983408
vt 0.883973 0.983408
vt 0.883973 0.952955
vt 0.431673 0.797249
vt 0.462126 0.797249
vt 0.573787 0.005636
vt 0.558463 0.004984
vt 0.533183 0.005076
vt 0.533183 -0.000000
vt 0.619467 0.000000
vt 0.589111 0.008684
vt 0.602103 0.017364
vt 0.634693 0.005076
vt 0.634693 0.020302
vt 0.619467 0.025378
vt 0.610783 0.030356
vt 0.602103 0.073995
vt 0.610783 0.061004
vt 0.613831 0.045680
vt 0.573787 0.085723
vt 0.589111 0.082675
vt 0.558593 0.091232
vt 0.563669 0.087933
vt 0.568647 0.086375
vt 0.928578 0.096528
vt 0.918765 0.096549
vt 0.918795 0.124466
vt 0.928594 0.124457
vt 0.928577 0.289476
vt 0.938424 0.289493
vt 0.938638 0.261464
vt 0.928594 0.261547
vt 0.938424 0.096511
vt 0.938638 0.124540
vt 0.918765 0.289455
vt 0.918795 0.261538
vt 0.011355 0.826838
vt 0.001306 0.826718
vt 0.001364 0.854748
vt 0.012457 0.856227
vt 0.933930 0.629405
vt 0.943784 0.629408
vt 0.943683 0.601492
vt 0.933885 0.601490
vt 0.020019 0.826809
vt 0.020251 0.854409
vt 0.924253 0.629401
vt 0.924263 0.601486
vt 0.913793 0.675118
vt 0.904364 0.675183
vt 0.904288 0.702782
vt 0.913798 0.701648
vt 0.946211 0.856684
vt 0.936440 0.856684
vt 0.936441 0.884599
vt 0.946160 0.884599
vt 0.926704 0.856684
vt 0.926755 0.884599
vt 0.923199 0.675183
vt 0.923285 0.702782
vt 0.029948 0.826722
vt 0.020251 0.826726
vt 0.020261 0.854641
vt 0.029903 0.854637
vt 0.909584 0.385946
vt 0.918249 0.385975
vt 0.918480 0.358375
vt 0.910686 0.356557
vt 0.039788 0.826718
vt 0.039687 0.854635
vt 0.899535 0.386067
vt 0.899594 0.358036
vt 0.029831 0.859711
vt 0.039478 0.859705
vt 0.907140 0.353996
vt 0.898472 0.353180
vt 0.918673 0.129536
vt 0.928134 0.129503
vt 0.937301 0.256597
vt 0.928133 0.256502
vt 0.937301 0.129407
vt 0.918673 0.256467
vt 0.000242 0.859605
vt 0.008911 0.858789
vt 0.943474 0.596421
vt 0.933814 0.596415
vt 0.237782 0.745665
vt 0.233331 0.737903
vt 0.229219 0.736341
vt 0.229867 0.745482
vt 0.924253 0.596411
vt 0.239444 0.755147
vt 0.229867 0.755183
vt 0.936441 0.889674
vt 0.946124 0.889674
vt 0.926792 0.889674
vt 0.237782 0.764642
vt 0.229867 0.764884
vt 0.020251 0.859716
vt 0.233331 0.772298
vt 0.229219 0.773864
vt 0.865115 0.947014
vt 0.874827 0.947014
vt 0.874827 0.898797
vt 0.865115 0.898797
vt 0.936441 0.937892
vt 0.946129 0.937892
vt 0.926786 0.937892
vt 0.855404 0.947014
vt 0.855404 0.898797
vt 0.020272 0.907934
vt 0.029861 0.907930
vt 0.846349 0.947972
vt 0.846288 0.897380
vt 0.039519 0.907927
vt 0.906803 0.303405
vt 0.898229 0.304871
vt 0.918791 0.177759
vt 0.928270 0.177747
vt 0.937467 0.208288
vt 0.928270 0.208257
vt 0.937467 0.177715
vt 0.918791 0.208245
vt 0.000000 0.907913
vt 0.008574 0.909379
vt 0.943514 0.548199
vt 0.933841 0.548196
vt 0.883911 0.947972
vt 0.883973 0.897380
vt 0.924273 0.548193
vt 0.928630 0.203200
vt 0.918889 0.203171
vt 0.000967 0.912887
vt 0.012234 0.911403
vt 0.943616 0.543125
vt 0.933867 0.543121
vt 0.323702 0.932878
vt 0.324074 0.923658
vt 0.320308 0.925471
vt 0.315569 0.932849
vt 0.924284 0.543117
vt 0.323702 0.942579
vt 0.313233 0.942580
vt 0.936441 0.942968
vt 0.946127 0.942968
vt 0.926788 0.942968
vt 0.323702 0.952280
vt 0.315569 0.952311
vt 0.020283 0.913010
vt 0.029887 0.913006
vt 0.324074 0.961304
vt 0.320308 0.959531
vt 0.039622 0.913002
vt 0.910463 0.301382
vt 0.899197 0.299898
vt 0.918889 0.182833
vt 0.928631 0.182804
vt 0.938638 0.203323
vt 0.938638 0.182681
vt 0.029934 0.923156
vt 0.039701 0.923152
vt 0.908695 0.289584
vt 0.898794 0.289641
vt 0.918924 0.192983
vt 0.928634 0.192961
vt 0.938347 0.193064
vt 0.928634 0.193043
vt 0.938347 0.192940
vt 0.918924 0.193021
vt 0.000564 0.923143
vt 0.010466 0.923200
vt 0.943695 0.532974
vt 0.933913 0.532970
vt 0.020251 0.913058
vt 0.019618 0.923254
vt 0.924287 0.532967
vt 0.966707 0.375431
vt 0.968151 0.365673
vt 0.957952 0.365696
vt 0.957952 0.375425
vt 0.936441 0.953119
vt 0.946169 0.953119
vt 0.926746 0.953119
vt 0.968151 0.385155
vt 0.957952 0.385118
vt 0.020288 0.923160
vt 0.918480 0.299726
vt 0.917847 0.289531
vt 0.678161 0.853711
vt 0.668259 0.853711
vt 0.659111 0.857500
vt 0.652110 0.864502
vt 0.648320 0.873650
vt 0.648320 0.883552
vt 0.652110 0.892700
vt 0.659111 0.899702
vt 0.668259 0.903491
vt 0.678161 0.903491
vt 0.687309 0.899702
vt 0.694311 0.892700
vt 0.698100 0.883552
vt 0.698100 0.873650
vt 0.694311 0.864502
vt 0.687309 0.857501
vt 0.853503 0.829700
vt 0.802750 0.829700
vt 0.802750 0.713328
vt 0.853503 0.713328
vt 0.178449 0.648715
vt 0.229202 0.648715
vt 0.229202 0.765087
vt 0.178449 0.765087
vt 0.178466 0.639897
vt 0.229219 0.639897
vt 0.863803 0.998801
vt 0.863803 0.948101
vt 0.872356 0.947972
vt 0.872356 0.998672
vt 0.881318 0.948005
vt 0.881318 0.998705
vt 0.630675 0.981312
vt 0.630675 0.930557
vt 0.639494 0.930559
vt 0.639494 0.981314
vt 0.648312 0.930557
vt 0.648312 0.981312
vt 0.497993 0.995213
vt 0.497993 0.944512
vt 0.506956 0.944479
vt 0.506956 0.995179
vt 0.515509 0.944608
vt 0.515509 0.995309
vt 0.853518 0.838518
vt 0.802765 0.838518
vt 0.802765 0.704510
vt 0.853518 0.704510
vt 0.480478 0.995309
vt 0.480478 0.944608
vt 0.489031 0.944479
vt 0.489031 0.995179
vt 0.431673 0.995234
vt 0.431673 0.944479
vt 0.440491 0.944481
vt 0.440491 0.995236
vt 0.449309 0.944479
vt 0.449309 0.995234
vt 0.978447 0.147245
vt 0.978447 0.096544
vt 0.987410 0.096511
vt 0.987410 0.147211
vt 0.995962 0.096640
vt 0.995962 0.147340
vt 0.229219 0.773905
vt 0.178466 0.773905
vt 0.132364 0.779311
vt 0.130610 0.788130
vt 0.125615 0.795605
vt 0.118140 0.800600
vt 0.109322 0.802354
vt 0.100503 0.800600
vt 0.093028 0.795605
vt 0.088033 0.788130
vt 0.086279 0.779311
vt 0.086279 0.662940
vt 0.088033 0.654122
vt 0.093028 0.646646
vt 0.100503 0.641651
vt 0.109322 0.639897
vt 0.118140 0.641651
vt 0.125615 0.646646
vt 0.130610 0.654122
vt 0.132364 0.662940
vt 0.853503 0.637506
vt 0.853503 0.695692
vt 0.802750 0.695692
vt 0.802750 0.637506
vt 0.802750 0.579321
vt 0.853503 0.579321
vt 0.904272 0.445313
vt 0.853519 0.445313
vt 0.853535 0.436495
vt 0.904288 0.436495
vt 0.648320 1.000000
vt 0.648320 0.949300
vt 0.656873 0.949171
vt 0.656873 0.999871
vt 0.665835 0.949204
vt 0.665835 0.999904
vt 0.967571 0.680193
vt 0.967571 0.629438
vt 0.976389 0.629440
vt 0.976389 0.680195
vt 0.985207 0.629438
vt 0.985207 0.680193
vt 0.978447 0.198074
vt 0.978447 0.147374
vt 0.987410 0.147340
vt 0.987410 0.198041
vt 0.995962 0.147470
vt 0.995962 0.198170
vt 0.853519 0.704510
vt 0.802766 0.704510
vt 0.364634 0.426362
vt 0.370513 0.426362
vt 0.370513 0.644610
vt 0.370513 0.862857
vt 0.364634 0.862857
vt 0.364634 0.644610
vt 0.728641 0.950147
vt 0.728641 0.980600
vt 0.713371 0.980600
vt 0.713371 0.950147
vt 0.005076 0.030453
vt -0.000000 0.030453
vt 0.000000 -0.000000
vt 0.121812 0.000000
vt 0.243625 0.000000
vt 0.243625 0.030453
vt 0.238549 0.030453
vt 0.121812 0.030453
vt 0.239356 0.860185
vt 0.239356 0.875458
vt 0.502725 0.700431
vt 0.533178 0.700431
vt 0.533179 0.796853
vt 0.502726 0.796853
vt 0.899199 0.983408
vt 0.899199 0.952955
vt 0.914426 0.952955
vt 0.914426 0.983408
vt 0.239356 0.773905
vt 0.472277 0.005636
vt 0.456953 0.004984
vt 0.431673 0.005076
vt 0.431673 -0.000000
vt 0.517957 -0.000000
vt 0.487601 0.008684
vt 0.500592 0.017364
vt 0.533183 0.020302
vt 0.517957 0.025378
vt 0.509273 0.030356
vt 0.502730 0.121812
vt 0.500592 0.073995
vt 0.509273 0.061004
vt 0.512321 0.045680
vt 0.472277 0.085723
vt 0.487601 0.082675
vt 0.457050 0.121812
vt 0.457083 0.091232
vt 0.462158 0.087933
vt 0.467136 0.086375
vt 0.914344 0.629421
vt 0.924160 0.629400
vt 0.924130 0.601484
vt 0.914328 0.601492
vt 0.914344 0.436512
vt 0.904501 0.436495
vt 0.904288 0.464524
vt 0.914328 0.464441
vt 0.904501 0.629438
vt 0.904288 0.601409
vt 0.924160 0.436533
vt 0.924130 0.464449
vt 0.909182 0.193125
vt 0.899270 0.193021
vt 0.899377 0.221051
vt 0.910321 0.222513
vt 0.953759 0.532967
vt 0.943784 0.532967
vt 0.943883 0.560884
vt 0.953802 0.560882
vt 0.918464 0.193086
vt 0.918673 0.220685
vt 0.962960 0.532966
vt 0.962950 0.560882
vt 0.230685 0.875458
vt 0.221257 0.875524
vt 0.221180 0.903122
vt 0.230690 0.901988
vt 0.958145 0.193021
vt 0.948373 0.193021
vt 0.948374 0.220936
vt 0.958094 0.220936
vt 0.938638 0.193021
vt 0.938690 0.220936
vt 0.240092 0.875524
vt 0.240178 0.903122
vt 0.955411 0.856684
vt 0.946211 0.856684
vt 0.946220 0.884599
vt 0.955368 0.884599
vt 0.880156 0.400811
vt 0.889410 0.400850
vt 0.889621 0.373250
vt 0.881293 0.371423
vt 0.965387 0.856684
vt 0.965287 0.884601
vt 0.870229 0.400916
vt 0.870334 0.372886
vt 0.955304 0.889674
vt 0.965084 0.889672
vt 0.877868 0.368856
vt 0.869354 0.368027
vt 0.924252 0.596413
vt 0.914789 0.596447
vt 0.905625 0.469390
vt 0.914789 0.469487
vt 0.905624 0.596543
vt 0.924253 0.469520
vt 0.898406 0.225910
vt 0.906905 0.225080
vt 0.944086 0.565954
vt 0.953866 0.565957
vt 0.986683 0.060153
vt 0.982233 0.052391
vt 0.978120 0.050829
vt 0.978768 0.059970
vt 0.962956 0.565957
vt 0.988345 0.069635
vt 0.978768 0.069671
vt 0.948374 0.226012
vt 0.958058 0.226012
vt 0.938726 0.226012
vt 0.986683 0.079130
vt 0.978768 0.079372
vt 0.946214 0.889674
vt 0.982233 0.086787
vt 0.978120 0.088352
vt 0.926251 0.850616
vt 0.935962 0.850616
vt 0.935962 0.802399
vt 0.926251 0.802399
vt 0.948374 0.274229
vt 0.958063 0.274229
vt 0.938720 0.274229
vt 0.916539 0.850616
vt 0.916539 0.802399
vt 0.946214 0.937892
vt 0.955311 0.937892
vt 0.907484 0.851574
vt 0.907422 0.800982
vt 0.965103 0.937894
vt 0.877597 0.318265
vt 0.869173 0.319718
vt 0.924135 0.548191
vt 0.914653 0.548202
vt 0.905459 0.517699
vt 0.914653 0.517731
vt 0.905459 0.548234
vt 0.924135 0.517742
vt 0.898229 0.274219
vt 0.906638 0.275671
vt 0.944068 0.614177
vt 0.953859 0.614175
vt 0.945046 0.851574
vt 0.945107 0.800982
vt 0.962957 0.614175
vt 0.914291 0.522788
vt 0.924037 0.522816
vt 0.899093 0.279191
vt 0.910204 0.277688
vt 0.943965 0.619251
vt 0.953834 0.619251
vt 0.086323 0.926289
vt 0.086695 0.917070
vt 0.082930 0.918883
vt 0.078191 0.926260
vt 0.962946 0.619251
vt 0.086323 0.935990
vt 0.075855 0.935991
vt 0.948374 0.279305
vt 0.958062 0.279305
vt 0.938723 0.279305
vt 0.086323 0.945692
vt 0.078191 0.945722
vt 0.946225 0.942968
vt 0.955336 0.942968
vt 0.086695 0.954716
vt 0.082930 0.952942
vt 0.965205 0.942968
vt 0.881170 0.316248
vt 0.870044 0.314746
vt 0.924036 0.543117
vt 0.914292 0.543145
vt 0.904288 0.522664
vt 0.904288 0.543269
vt 0.955367 0.953119
vt 0.965269 0.953119
vt 0.879449 0.304447
vt 0.869667 0.304490
vt 0.924001 0.532966
vt 0.914288 0.532988
vt 0.904578 0.532923
vt 0.914288 0.532945
vt 0.904578 0.533010
vt 0.924001 0.532966
vt 0.898719 0.289447
vt 0.908486 0.289489
vt 0.943901 0.629401
vt 0.953803 0.629401
vt 0.918673 0.279334
vt 0.918132 0.289531
vt 0.962955 0.629401
vt 0.966572 0.085900
vt 0.968016 0.076142
vt 0.957817 0.076166
vt 0.957817 0.085894
vt 0.948374 0.289456
vt 0.958103 0.289456
vt 0.938681 0.289456
vt 0.968016 0.095625
vt 0.957817 0.095588
vt 0.946215 0.953119
vt 0.889621 0.314602
vt 0.889075 0.304405
vt 0.688263 0.475484
vt 0.695264 0.482485
vt 0.704413 0.486275
vt 0.714314 0.486275
vt 0.723462 0.482485
vt 0.730464 0.475484
vt 0.734253 0.466336
vt 0.734253 0.456434
vt 0.730464 0.447286
vt 0.723463 0.440284
vt 0.714314 0.436495
vt 0.704413 0.436495
vt 0.695264 0.440284
vt 0.688263 0.447286
vt 0.684474 0.456434
vt 0.684474 0.466336
vt 0.005076 0.466948
vt 0.121812 0.466948
vt 0.238549 0.466948
vt 0.243625 0.466948
vt 0.243625 0.497401
vt 0.121812 0.497401
vt 0.000000 0.497401
vt 0.000000 0.466948
vt 0.787433 0.918670
vt 0.802706 0.918670
vt 0.492579 0.883529
vt 0.492579 0.898800
vt 0.462126 0.898800
vt 0.462126 0.883529
vt 0.502725 0.893301
vt 0.533178 0.893301
vt 0.743868 0.980600
vt 0.728641 0.980600
vt 0.743868 0.950147
vt 0.492579 0.797249
vt 0.462126 0.797249
vt 0.472277 0.237989
vt 0.487601 0.234941
vt 0.517957 0.243625
vt 0.431673 0.243625
vt 0.431673 0.238549
vt 0.456953 0.238640
vt 0.500592 0.226261
vt 0.509273 0.213269
vt 0.517957 0.218247
vt 0.533183 0.223323
vt 0.533183 0.238549
vt 0.512321 0.197945
vt 0.509273 0.182621
vt 0.500592 0.169630
vt 0.472277 0.157901
vt 0.467136 0.157250
vt 0.462158 0.155692
vt 0.457083 0.152392
vt 0.487601 0.160950
vt 0.928384 0.385985
vt 0.928401 0.358056
vt 0.918602 0.358048
vt 0.918572 0.385965
vt 0.928581 0.000017
vt 0.928597 0.027946
vt 0.938641 0.028029
vt 0.938428 0.000000
vt 0.938231 0.386002
vt 0.938445 0.357973
vt 0.918769 0.000038
vt 0.918799 0.027955
vt 0.292754 0.827307
vt 0.291652 0.856696
vt 0.302744 0.855217
vt 0.302803 0.827187
vt 0.937241 0.800949
vt 0.937286 0.773033
vt 0.927488 0.773035
vt 0.927387 0.800952
vt 0.284090 0.827278
vt 0.283858 0.854878
vt 0.946918 0.800945
vt 0.946908 0.773030
vt 0.932777 0.675118
vt 0.932772 0.701648
vt 0.942282 0.702782
vt 0.942206 0.675183
vt 0.938445 0.289531
vt 0.938495 0.317446
vt 0.948215 0.317446
vt 0.948215 0.289531
vt 0.957900 0.317446
vt 0.957952 0.289531
vt 0.923371 0.675183
vt 0.923285 0.702782
vt 0.934093 0.436499
vt 0.934138 0.464414
vt 0.943780 0.464418
vt 0.943790 0.436502
vt 0.592834 0.920993
vt 0.591733 0.891604
vt 0.583939 0.893422
vt 0.584170 0.921022
vt 0.924253 0.436495
vt 0.924353 0.464412
vt 0.602883 0.921113
vt 0.602825 0.893083
vt 0.924562 0.469482
vt 0.934209 0.469488
vt 0.603947 0.888226
vt 0.595279 0.889042
vt 0.927940 0.353011
vt 0.918480 0.352977
vt 0.928137 0.032992
vt 0.937305 0.032895
vt 0.937108 0.353107
vt 0.918677 0.033025
vt 0.295198 0.859258
vt 0.303866 0.860074
vt 0.937357 0.767959
vt 0.927696 0.767965
vt 0.471915 0.953803
vt 0.479831 0.953620
vt 0.480478 0.944479
vt 0.476366 0.946041
vt 0.946918 0.767954
vt 0.470253 0.963286
vt 0.479831 0.963321
vt 0.938532 0.322521
vt 0.948215 0.322521
vt 0.957863 0.322521
vt 0.471915 0.972780
vt 0.479831 0.973022
vt 0.943790 0.469493
vt 0.476366 0.980437
vt 0.480478 0.982002
vt 0.902800 0.903321
vt 0.902800 0.951538
vt 0.912511 0.951538
vt 0.912511 0.903321
vt 0.938526 0.370739
vt 0.948215 0.370739
vt 0.957869 0.370739
vt 0.893089 0.903321
vt 0.893089 0.951538
vt 0.934180 0.517707
vt 0.943768 0.517711
vt 0.884034 0.902363
vt 0.883973 0.952955
vt 0.924521 0.517704
vt 0.604189 0.839918
vt 0.595616 0.838452
vt 0.928076 0.304766
vt 0.918597 0.304755
vt 0.928273 0.081236
vt 0.937470 0.081204
vt 0.937273 0.304798
vt 0.918794 0.081247
vt 0.295535 0.909848
vt 0.304109 0.908382
vt 0.937329 0.719740
vt 0.927657 0.719743
vt 0.921658 0.952955
vt 0.921596 0.902363
vt 0.946898 0.719737
vt 0.918893 0.086321
vt 0.928634 0.086293
vt 0.291875 0.911871
vt 0.303142 0.913356
vt 0.937303 0.714664
vt 0.927554 0.714668
vt 0.417652 0.932964
vt 0.425784 0.932935
vt 0.421046 0.925557
vt 0.417280 0.923744
vt 0.946887 0.714661
vt 0.417652 0.942665
vt 0.428120 0.942666
vt 0.938528 0.375815
vt 0.948214 0.375815
vt 0.957867 0.375815
vt 0.417652 0.952366
vt 0.425784 0.952397
vt 0.934154 0.522783
vt 0.943757 0.522787
vt 0.417280 0.961390
vt 0.421046 0.959617
vt 0.924419 0.522779
vt 0.603222 0.834944
vt 0.591955 0.836428
vt 0.928437 0.299709
vt 0.918696 0.299681
vt 0.938641 0.086169
vt 0.938445 0.299833
vt 0.924339 0.532929
vt 0.934107 0.532933
vt 0.603625 0.824688
vt 0.593723 0.824630
vt 0.928441 0.289552
vt 0.918731 0.289531
vt 0.928638 0.096450
vt 0.938351 0.096428
vt 0.938154 0.289574
vt 0.918928 0.096472
vt 0.293643 0.923669
vt 0.303544 0.923612
vt 0.937257 0.704514
vt 0.927476 0.704518
vt 0.283858 0.913527
vt 0.284491 0.923723
vt 0.946883 0.704510
vt 0.959589 0.182402
vt 0.968344 0.182397
vt 0.968344 0.172667
vt 0.958145 0.172644
vt 0.938487 0.385965
vt 0.948215 0.385965
vt 0.957909 0.385965
vt 0.958145 0.192126
vt 0.968344 0.192090
vt 0.943753 0.532937
vt 0.584572 0.824577
vt 0.583939 0.834773
vt 0.848741 0.877507
vt 0.852530 0.868359
vt 0.852530 0.858457
vt 0.848740 0.849309
vt 0.841739 0.842307
vt 0.832591 0.838518
vt 0.822689 0.838518
vt 0.813541 0.842307
vt 0.806539 0.849309
vt 0.802750 0.858457
vt 0.802750 0.868359
vt 0.806539 0.877507
vt 0.813541 0.884509
vt 0.822689 0.888298
vt 0.832591 0.888298
vt 0.841739 0.884509
vt 0.904272 0.579321
vt 0.904272 0.695692
vt 0.853519 0.695692
vt 0.853519 0.579321
vt 0.802750 0.561684
vt 0.802750 0.445313
vt 0.853503 0.445313
vt 0.853503 0.561684
vt 0.853519 0.570502
vt 0.802766 0.570502
vt 0.982902 0.998872
vt 0.974349 0.998743
vt 0.974349 0.948043
vt 0.982902 0.948172
vt 0.965387 0.998776
vt 0.965387 0.948076
vt 0.466945 0.995234
vt 0.458127 0.995236
vt 0.458127 0.944481
vt 0.466945 0.944479
vt 0.449309 0.995234
vt 0.449309 0.944479
vt 0.995635 0.050733
vt 0.986673 0.050700
vt 0.986673 0.000000
vt 0.995635 0.000033
vt 0.978120 0.050829
vt 0.978120 0.000129
vt 0.904288 0.570503
vt 0.853535 0.570503
vt 0.904288 0.704510
vt 0.853535 0.704510
vt 0.995770 0.340360
vt 0.987217 0.340231
vt 0.987217 0.289531
vt 0.995770 0.289660
vt 0.978254 0.340264
vt 0.978254 0.289564
vt 0.984109 0.851737
vt 0.975291 0.851739
vt 0.975291 0.800984
vt 0.984109 0.800982
vt 0.966473 0.851737
vt 0.966473 0.800982
vt 0.995962 0.248903
vt 0.987000 0.248870
vt 0.987000 0.198170
vt 0.995962 0.198203
vt 0.978447 0.248999
vt 0.978447 0.198299
vt 0.853519 0.436495
vt 0.802766 0.436495
vt 0.086279 0.662940
vt 0.086279 0.779311
vt 0.084525 0.788129
vt 0.079530 0.795605
vt 0.072054 0.800600
vt 0.063236 0.802354
vt 0.054418 0.800600
vt 0.046943 0.795605
vt 0.041948 0.788129
vt 0.040194 0.779311
vt 0.040194 0.662940
vt 0.041948 0.654122
vt 0.046943 0.646646
vt 0.054418 0.641651
vt 0.063236 0.639897
vt 0.072054 0.641651
vt 0.079530 0.646646
vt 0.084525 0.654122
vt 0.904272 0.561684
vt 0.904288 0.570502
vt 0.853535 0.570502
vt 0.853519 0.561684
vt 0.683351 1.000000
vt 0.674798 0.999871
vt 0.674798 0.949171
vt 0.683351 0.949300
vt 0.665836 0.999904
vt 0.665836 0.949204
vt 0.984857 0.755265
vt 0.976039 0.755267
vt 0.976039 0.704512
vt 0.984857 0.704510
vt 0.967221 0.755265
vt 0.967221 0.704510
vt 0.863803 0.998705
vt 0.854841 0.998672
vt 0.854841 0.947972
vt 0.863803 0.948005
vt 0.846288 0.998801
vt 0.846288 0.948101
vt 0.853519 0.570503
vt 0.802766 0.570503
vt 0.178449 0.721126
vt 0.178449 0.779311
vt 0.176695 0.788130
vt 0.171700 0.795605
vt 0.164225 0.800600
vt 0.155407 0.802354
vt 0.146589 0.800600
vt 0.139113 0.795605
vt 0.134118 0.788130
vt 0.132364 0.779311
vt 0.132364 0.721126
vt 0.132364 0.662940
vt 0.134118 0.654122
vt 0.139113 0.646646
vt 0.146589 0.641651
vt 0.155407 0.639897
vt 0.164225 0.641651
vt 0.171700 0.646646
vt 0.176695 0.654122
vt 0.178449 0.662940
vt 0.005076 0.248700
vt 0.238549 0.248700
vt 0.853519 0.503499
vt 0.904272 0.503499
vt 0.690653 0.436495
vt 0.690653 0.218247
vt 0.690653 -0.000000
vt 0.431673 0.365437
vt 0.431673 0.243625
vt 0.533183 0.248700
vt 0.533183 0.263927
vt 0.517957 0.269003
vt 0.502730 0.365437
vt 0.517957 0.461872
vt 0.533183 0.466948
vt 0.533183 0.482174
vt 0.517957 0.487250
vt 0.431673 0.487250
vt 0.085873 0.802354
vt 0.085873 0.834330
vt 0.085873 0.866315
vt 0.040194 0.866315
vt 0.040194 0.834339
vt 0.040194 0.802354
vt 0.283858 0.923723
vt 0.296061 0.923723
vt 0.296061 0.969402
vt 0.283858 0.969402
vt 0.734253 0.440595
vt 0.749524 0.440595
vt 0.749524 0.486275
vt 0.734253 0.486275
vt 0.751078 0.669968
vt 0.740928 0.669968
vt 0.740928 0.624288
vt 0.751078 0.624288
vt 0.978254 0.340360
vt 0.985299 0.340360
vt 0.985299 0.386039
vt 0.978254 0.386039
vt 0.473591 0.898800
vt 0.493725 0.898800
vt 0.493725 0.944479
vt 0.473591 0.944479
vt 0.580988 0.931172
vt 0.559663 0.931172
vt 0.559663 0.885493
vt 0.580988 0.885493
vt 0.199819 0.875458
vt 0.221180 0.875458
vt 0.221180 0.921138
vt 0.199819 0.921138
vt 0.273072 0.982767
vt 0.262484 0.982767
vt 0.262484 0.937088
vt 0.273072 0.937088
vt 0.075855 0.962749
vt 0.054366 0.962749
vt 0.054366 0.917070
vt 0.075855 0.917070
vt 0.178449 0.875458
vt 0.178449 0.921138
vt 0.620012 0.976237
vt 0.609311 0.976237
vt 0.609311 0.930557
vt 0.620012 0.930557
vt 0.040194 0.962749
vt 0.040194 0.917070
vt 0.515509 0.898800
vt 0.515509 0.944479
vt 0.966473 0.846661
vt 0.955788 0.846662
vt 0.955788 0.800982
vt 0.538259 0.931172
vt 0.538259 0.885493
vt 0.973033 0.482174
vt 0.983925 0.482174
vt 0.983925 0.527854
vt 0.973033 0.527854
vt 0.945107 0.846661
vt 0.945107 0.800982
vt 0.666311 0.903491
vt 0.686446 0.903491
vt 0.686446 0.949171
vt 0.666311 0.949171
vt 0.962966 0.482174
vt 0.962966 0.527854
vt 0.283832 0.982767
vt 0.283832 0.937088
vt 0.648320 0.903491
vt 0.648320 0.949171
vt 0.630676 0.976237
vt 0.630676 0.930557
vt 0.750666 0.761327
vt 0.740928 0.761328
vt 0.740928 0.715648
vt 0.750666 0.715648
vt 0.085873 0.866315
vt 0.085873 0.917070
vt 0.040194 0.917070
vt 0.040194 0.866315
vt 0.366847 0.981994
vt 0.356237 0.981994
vt 0.356237 0.936314
vt 0.366847 0.936314
vt 0.309260 0.923723
vt 0.309260 0.969402
vt 0.243625 0.583713
vt 0.247875 0.562347
vt 0.259977 0.544235
vt 0.274078 0.538033
vt 0.284229 0.538033
vt 0.289304 0.548184
vt 0.288773 0.557922
vt 0.279716 0.563974
vt 0.273665 0.573030
vt 0.271540 0.583713
vt 0.273665 0.594396
vt 0.279716 0.603452
vt 0.288773 0.609503
vt 0.299455 0.611628
vt 0.310138 0.609503
vt 0.319195 0.603452
vt 0.325246 0.594396
vt 0.327878 0.582190
vt 0.325341 0.568994
vt 0.318742 0.564933
vt 0.318742 0.532948
vt 0.318742 0.500973
vt 0.325341 0.496912
vt 0.327878 0.483716
vt 0.325246 0.471510
vt 0.319195 0.462454
vt 0.310138 0.456403
vt 0.299455 0.454278
vt 0.288773 0.456403
vt 0.279716 0.462454
vt 0.273665 0.471510
vt 0.271540 0.482193
vt 0.273665 0.492876
vt 0.279716 0.501932
vt 0.288773 0.507984
vt 0.289304 0.517722
vt 0.284229 0.527873
vt 0.274078 0.527873
vt 0.259977 0.521671
vt 0.247875 0.503559
vt 0.243625 0.482193
vt 0.247875 0.460828
vt 0.259977 0.442715
vt 0.278090 0.430612
vt 0.299456 0.426362
vt 0.320821 0.430612
vt 0.338934 0.442715
vt 0.350211 0.456816
vt 0.350210 0.507571
vt 0.334984 0.502495
vt 0.334984 0.532958
vt 0.334984 0.563411
vt 0.350211 0.558336
vt 0.350211 0.609091
vt 0.338934 0.623191
vt 0.320821 0.635294
vt 0.299455 0.639544
vt 0.278090 0.635294
vt 0.259977 0.623191
vt 0.247875 0.605078
vt 0.345492 0.981994
vt 0.345492 0.936314
vt 0.240121 0.736341
vt 0.229219 0.736341
vt 0.229219 0.690662
vt 0.240121 0.690662
vt 0.346033 0.796056
vt 0.356274 0.813534
vt 0.334379 0.826364
vt 0.324137 0.808886
vt 0.957070 0.760341
vt 0.951995 0.765417
vt 0.946918 0.709212
vt 0.967220 0.704510
vt 0.967221 0.755266
vt 0.146784 0.959705
vt 0.162006 0.959705
vt 0.162015 0.985083
vt 0.146783 0.985083
vt 0.952931 0.675118
vt 0.960106 0.675118
vt 0.960104 0.700495
vt 0.952930 0.700495
vt 0.942282 0.675118
vt 0.942282 0.700495
vt 0.585630 0.816902
vt 0.561950 0.809226
vt 0.561950 0.776173
vt 0.561950 0.743110
vt 0.585630 0.735435
vt 0.585630 0.776173
vt 0.336075 0.665049
vt 0.324137 0.644676
vt 0.332895 0.639544
vt 0.349213 0.657350
vt 0.248699 0.335003
vt 0.253775 0.340079
vt 0.263926 0.345155
vt 0.263927 0.395909
vt 0.243625 0.391207
vt 0.243625 0.319776
vt 0.538259 0.801550
vt 0.538259 0.776173
vt 0.538259 0.750786
vt 0.334094 0.775683
vt 0.361933 0.759370
vt 0.344052 0.742480
vt 0.363132 0.731299
vt 0.345251 0.714409
vt 0.364331 0.703228
vt 0.342071 0.688904
vt 0.356772 0.680289
vt 0.648320 0.487250
vt 0.688347 0.494925
vt 0.688347 0.558681
vt 0.688347 0.622445
vt 0.648320 0.629747
vt 0.648320 0.558681
vt 0.714637 0.502601
vt 0.714637 0.558681
vt 0.714637 0.614770
vt 0.740928 0.510276
vt 0.740928 0.558681
vt 0.740928 0.607094
vt 0.609311 0.824577
vt 0.609311 0.727759
vt 0.609311 0.776173
vt 0.965549 0.431747
vt 0.965549 0.386067
vt 0.953346 0.386066
vt 0.953346 0.431746
vt 0.632806 0.773439
vt 0.632806 0.819118
vt 0.647987 0.819118
vt 0.647987 0.773439
vt 0.751078 0.532929
vt 0.751078 0.487250
vt 0.740928 0.487250
vt 0.740928 0.532929
vt 0.743780 0.853711
vt 0.743780 0.899391
vt 0.750825 0.899391
vt 0.750825 0.853711
vt 0.473591 0.944479
vt 0.473591 0.898800
vt 0.453457 0.898800
vt 0.453457 0.944479
vt 0.283858 0.937088
vt 0.283858 0.891408
vt 0.262454 0.891408
vt 0.262454 0.937088
vt 0.773133 0.918670
vt 0.773133 0.872991
vt 0.751771 0.872990
vt 0.751771 0.918669
vt 0.834725 0.979657
vt 0.834725 0.933977
vt 0.824115 0.933977
vt 0.824115 0.979657
vt 0.214088 0.966818
vt 0.214088 0.921138
vt 0.192568 0.921138
vt 0.192568 0.966818
vt 0.794502 0.918669
vt 0.794502 0.872990
vt 0.570287 0.976852
vt 0.570287 0.931172
vt 0.559624 0.931172
vt 0.559624 0.976852
vt 0.178449 0.921138
vt 0.178449 0.966818
vt 0.431673 0.898800
vt 0.431673 0.944479
vt 0.395914 0.923744
vt 0.395914 0.969424
vt 0.406599 0.969424
vt 0.406599 0.923744
vt 0.241129 0.891408
vt 0.241129 0.937088
vt 0.975453 0.902363
vt 0.975453 0.948043
vt 0.986345 0.948043
vt 0.986345 0.902363
vt 0.417280 0.969424
vt 0.417280 0.923744
vt 0.108955 0.957675
vt 0.108955 0.911996
vt 0.088822 0.911996
vt 0.088822 0.957675
vt 0.965387 0.902363
vt 0.965387 0.948043
vt 0.845469 0.979657
vt 0.845469 0.933977
vt 0.126946 0.957675
vt 0.126946 0.911996
vt 0.580988 0.976852
vt 0.580988 0.931172
vt 0.492579 0.842928
vt 0.492579 0.888608
vt 0.502318 0.888608
vt 0.502318 0.842928
vt 0.177232 0.863270
vt 0.131553 0.863270
vt 0.131553 0.914026
vt 0.177232 0.914026
vt 0.984308 0.624326
vt 0.984308 0.578646
vt 0.973719 0.578646
vt 0.973719 0.624326
vt 0.940147 0.386067
vt 0.940147 0.431747
vt 0.962960 0.578646
vt 0.962960 0.624326
vt 0.697320 0.949171
vt 0.697320 0.903491
vt 0.686446 0.903491
vt 0.686446 0.949171
vt 0.370513 0.370532
vt 0.366263 0.391897
vt 0.354160 0.410010
vt 0.336048 0.422112
vt 0.314682 0.426362
vt 0.293316 0.422112
vt 0.275204 0.410010
vt 0.279153 0.350230
vt 0.279153 0.319767
vt 0.279153 0.289314
vt 0.263927 0.294390
vt 0.263927 0.243634
vt 0.275204 0.229534
vt 0.293317 0.217431
vt 0.314682 0.213181
vt 0.336048 0.217431
vt 0.354160 0.229534
vt 0.366263 0.247646
vt 0.370513 0.269012
vt 0.366263 0.290377
vt 0.354160 0.308490
vt 0.340060 0.314692
vt 0.329909 0.314692
vt 0.324833 0.304541
vt 0.325365 0.294802
vt 0.334421 0.288751
vt 0.340472 0.279695
vt 0.342597 0.269012
vt 0.340472 0.258329
vt 0.334421 0.249273
vt 0.325365 0.243222
vt 0.314682 0.241097
vt 0.303999 0.243222
vt 0.294943 0.249273
vt 0.288892 0.258329
vt 0.286259 0.270535
vt 0.288797 0.283731
vt 0.295395 0.287791
vt 0.295395 0.319776
vt 0.295395 0.351752
vt 0.288797 0.355813
vt 0.286259 0.369009
vt 0.288892 0.381214
vt 0.294943 0.390271
vt 0.303999 0.396322
vt 0.314682 0.398447
vt 0.325365 0.396322
vt 0.334421 0.390271
vt 0.340472 0.381214
vt 0.342597 0.370532
vt 0.340472 0.359849
vt 0.334421 0.350792
vt 0.325365 0.344741
vt 0.324833 0.335003
vt 0.329909 0.324852
vt 0.340060 0.324852
vt 0.354160 0.331053
vt 0.366263 0.349166
vt 0.265554 0.796831
vt 0.243625 0.809603
vt 0.253866 0.827187
vt 0.275795 0.814414
vt 0.968295 0.248851
vt 0.978446 0.243775
vt 0.978447 0.193021
vt 0.958145 0.198096
vt 0.958145 0.269154
vt 0.963219 0.253927
vt 0.177246 0.985083
vt 0.177244 0.959705
vt 0.162022 0.959705
vt 0.162015 0.985083
vt 0.099435 0.957675
vt 0.099436 0.983053
vt 0.106608 0.983053
vt 0.106606 0.957675
vt 0.088822 0.957675
vt 0.088822 0.983053
vt 0.255582 0.665181
vt 0.268739 0.657517
vt 0.252396 0.639543
vt 0.243625 0.644653
vt 0.973043 0.060906
vt 0.978120 0.076142
vt 0.978120 0.005076
vt 0.957818 0.000000
vt 0.957817 0.050756
vt 0.967968 0.055831
vt 0.632806 0.731380
vt 0.624256 0.745928
vt 0.618274 0.742275
vt 0.626764 0.727759
vt 0.350211 0.486439
vt 0.350299 0.426362
vt 0.356845 0.426444
vt 0.356828 0.486441
vt 0.626012 0.856978
vt 0.632806 0.879965
vt 0.627408 0.875997
vt 0.621907 0.852643
vt 0.614933 0.795346
vt 0.616037 0.823316
vt 0.610599 0.819525
vt 0.609311 0.791622
vt 0.883973 0.856684
vt 0.890794 0.833622
vt 0.894821 0.829290
vt 0.889276 0.852787
vt 0.169677 0.932997
vt 0.169678 0.914211
vt 0.176722 0.914026
vt 0.176722 0.932997
vt 0.281480 0.760066
vt 0.253599 0.776305
vt 0.282680 0.731874
vt 0.263571 0.743005
vt 0.283881 0.703682
vt 0.264771 0.714813
vt 0.276310 0.680600
vt 0.261586 0.689176
vt 0.177232 0.832807
vt 0.177232 0.863270
vt 0.131553 0.863270
vt 0.131553 0.832817
vt 0.131553 0.802354
vt 0.177232 0.802354
vt 0.363456 0.572182
vt 0.363456 0.597559
vt 0.353305 0.597559
vt 0.353305 0.572182
vt 0.353305 0.546795
vt 0.363456 0.546795
vt 0.697724 0.780929
vt 0.674024 0.788590
vt 0.672014 0.779917
vt 0.695708 0.772245
vt 0.657197 0.794181
vt 0.657269 0.812967
vt 0.648324 0.812966
vt 0.648328 0.787589
vt 0.053151 0.521540
vt 0.025814 0.529151
vt 0.023989 0.520416
vt 0.051543 0.512763
vt 0.112058 0.628921
vt 0.112137 0.568845
vt 0.120912 0.568840
vt 0.120912 0.639897
vt 0.657191 0.831758
vt 0.674016 0.837355
vt 0.672005 0.846032
vt 0.648320 0.838353
vt 0.697724 0.845027
vt 0.695696 0.853711
vt 0.002006 0.600840
vt 0.025827 0.608506
vt 0.023989 0.617233
vt 0.000000 0.609521
vt 0.112104 0.508512
vt 0.120912 0.497401
vt 0.088059 0.624001
vt 0.086228 0.632601
vt 0.088184 0.513674
vt 0.086228 0.505082
vt 0.001998 0.536742
vt -0.000000 0.528055
vt 0.053160 0.616165
vt 0.051543 0.624931
vt 0.589439 0.547524
vt 0.589456 0.500200
vt 0.624290 0.492765
vt 0.624237 0.556018
vt 0.624199 0.602243
vt 0.589422 0.594848
vt 0.562133 0.547515
vt 0.562138 0.507760
vt 0.562127 0.587257
vt 0.538259 0.547472
vt 0.538259 0.515342
vt 0.538259 0.579612
vt 0.347612 0.858493
vt 0.347614 0.883037
vt 0.324137 0.890635
vt 0.324137 0.858504
vt 0.324137 0.826364
vt 0.347609 0.833937
vt 0.364295 0.858485
vt 0.364379 0.877457
vt 0.364362 0.839498
vt 0.648245 0.487250
vt 0.648320 0.547517
vt 0.648304 0.607514
vt 0.892522 0.722675
vt 0.883973 0.708123
vt 0.890005 0.704510
vt 0.898481 0.719017
vt 0.618175 0.769907
vt 0.612443 0.766145
vt 0.898603 0.746669
vt 0.904302 0.742884
vt 0.901843 0.772117
vt 0.907422 0.768349
vt 0.900736 0.800086
vt 0.906124 0.796229
vt 0.350211 0.546773
vt 0.356875 0.546709
vt 0.169691 0.951788
vt 0.176722 0.951984
vt 0.085873 0.802354
vt 0.131553 0.802354
vt 0.131553 0.834339
vt 0.131553 0.866315
vt 0.085873 0.866315
vt 0.085873 0.834330
vt 0.370513 0.969424
vt 0.370513 0.923744
vt 0.382716 0.923744
vt 0.382716 0.969424
vt 0.632806 0.773439
vt 0.632806 0.727759
vt 0.648077 0.727759
vt 0.648077 0.773439
vt 0.751078 0.578609
vt 0.740928 0.578609
vt 0.982448 0.800947
vt 0.982448 0.755267
vt 0.989492 0.755267
vt 0.989492 0.800947
vt 0.946205 0.629438
vt 0.946205 0.675118
vt 0.926072 0.675118
vt 0.926072 0.629438
vt 0.845479 0.888298
vt 0.845479 0.933977
vt 0.824154 0.933977
vt 0.824154 0.888298
vt 0.905342 0.902363
vt 0.905342 0.856684
vt 0.926704 0.856684
vt 0.926704 0.902363
vt 0.973548 0.532967
vt 0.973548 0.578646
vt 0.962960 0.578646
vt 0.787433 0.918670
vt 0.787433 0.964350
vt 0.765944 0.964350
vt 0.765944 0.918670
vt 0.883973 0.902363
vt 0.883973 0.856684
vt 0.548960 0.931172
vt 0.548960 0.976852
vt 0.538259 0.976852
vt 0.538259 0.931172
vt 0.751771 0.964350
vt 0.751771 0.918670
vt 0.904288 0.675118
vt 0.904288 0.629438
vt 0.605304 0.921113
vt 0.605304 0.966793
vt 0.594619 0.966793
vt 0.594619 0.921114
vt 0.802750 0.933977
vt 0.802750 0.888298
vt 0.975454 0.902363
vt 0.975454 0.856684
vt 0.986346 0.856684
vt 0.986346 0.902363
vt 0.583939 0.966793
vt 0.583939 0.921113
vt 0.718235 0.904467
vt 0.718235 0.950147
vt 0.698100 0.904467
vt 0.965387 0.902363
vt 0.965387 0.856684
vt 0.984308 0.532967
vt 0.984308 0.578646
vt 0.736226 0.904467
vt 0.736225 0.950147
vt 0.559624 0.976852
vt 0.750666 0.669968
vt 0.750666 0.715648
vt 0.740928 0.715648
vt 0.740928 0.669968
vt 0.370513 0.872990
vt 0.416192 0.872989
vt 0.416192 0.923744
vt 0.262484 0.937088
vt 0.262484 0.982767
vt 0.251874 0.982767
vt 0.251874 0.937088
vt 0.395914 0.969424
vt 0.431673 0.543081
vt 0.435923 0.521715
vt 0.448025 0.503602
vt 0.466138 0.491500
vt 0.487503 0.487250
vt 0.508869 0.491500
vt 0.526982 0.503602
vt 0.538258 0.517703
vt 0.538259 0.568458
vt 0.523032 0.563383
vt 0.523032 0.593836
vt 0.523032 0.624298
vt 0.538258 0.619222
vt 0.538259 0.669978
vt 0.526982 0.684079
vt 0.508869 0.696181
vt 0.487503 0.700431
vt 0.466138 0.696181
vt 0.448025 0.684079
vt 0.435923 0.665966
vt 0.431673 0.644600
vt 0.435923 0.623235
vt 0.448025 0.605122
vt 0.462126 0.598921
vt 0.472277 0.598921
vt 0.477352 0.609072
vt 0.476821 0.618810
vt 0.467764 0.624861
vt 0.461713 0.633918
vt 0.459588 0.644600
vt 0.461713 0.655283
vt 0.467764 0.664339
vt 0.476821 0.670391
vt 0.487503 0.672516
vt 0.498186 0.670391
vt 0.507243 0.664339
vt 0.513294 0.655283
vt 0.515926 0.643078
vt 0.513389 0.629881
vt 0.506790 0.625821
vt 0.506790 0.593845
vt 0.506790 0.561860
vt 0.513389 0.557800
vt 0.515926 0.544603
vt 0.513294 0.532398
vt 0.507243 0.523341
vt 0.498186 0.517290
vt 0.487503 0.515165
vt 0.476821 0.517290
vt 0.467764 0.523341
vt 0.461713 0.532398
vt 0.459588 0.543081
vt 0.461713 0.553763
vt 0.467764 0.562820
vt 0.476821 0.568871
vt 0.477352 0.578609
vt 0.472277 0.588760
vt 0.462126 0.588760
vt 0.448025 0.582559
vt 0.435923 0.564446
vt 0.241129 0.982767
vt 0.241129 0.937088
vt 0.427095 0.872989
vt 0.427095 0.918669
vt 0.416192 0.918669
vt 0.416192 0.872989
vt 0.018298 0.796410
vt 0.040194 0.809240
vt 0.029952 0.826718
vt 0.008057 0.813887
vt 0.525661 0.919111
vt 0.535812 0.924186
vt 0.535811 0.974942
vt 0.515509 0.970240
vt 0.515509 0.898800
vt 0.520586 0.914036
vt 0.106608 0.983053
vt 0.106608 0.957675
vt 0.121840 0.957675
vt 0.121831 0.983053
vt 0.937353 0.978496
vt 0.937351 0.953119
vt 0.944525 0.953119
vt 0.944527 0.978496
vt 0.926704 0.978496
vt 0.926704 0.953119
vt 0.479044 0.708107
vt 0.479044 0.748835
vt 0.479044 0.789573
vt 0.455363 0.781898
vt 0.455363 0.748835
vt 0.455363 0.715782
vt 0.028255 0.665402
vt 0.015118 0.657704
vt 0.031435 0.639897
vt 0.040194 0.645029
vt 0.248699 0.091359
vt 0.243625 0.106586
vt 0.243625 0.035155
vt 0.263927 0.030453
vt 0.263926 0.081208
vt 0.253775 0.086283
vt 0.431673 0.774222
vt 0.431673 0.748835
vt 0.431673 0.723458
vt 0.002398 0.759724
vt 0.030236 0.776037
vt 0.001199 0.731653
vt 0.020279 0.742834
vt -0.000000 0.703582
vt 0.019080 0.714763
vt 0.007559 0.680643
vt 0.022260 0.689258
vt 0.740928 0.629747
vt 0.740928 0.701178
vt 0.740928 0.772245
vt 0.700901 0.764943
vt 0.700902 0.701178
vt 0.700902 0.637423
vt 0.674611 0.757267
vt 0.674611 0.701178
vt 0.674611 0.645098
vt 0.648320 0.749591
vt 0.648320 0.701178
vt 0.648320 0.652774
vt 0.502725 0.700431
vt 0.502725 0.748835
vt 0.502725 0.797249
vt 0.239489 0.921139
vt 0.227287 0.921138
vt 0.227287 0.966817
vt 0.239489 0.966818
vt 0.632806 0.864798
vt 0.647987 0.864798
vt 0.647987 0.819118
vt 0.632806 0.819118
vt 0.740928 0.578609
vt 0.751078 0.578609
vt 0.794502 0.918669
vt 0.801547 0.918669
vt 0.801547 0.872989
vt 0.794502 0.872989
vt 0.940147 0.386067
vt 0.920013 0.386067
vt 0.920013 0.431746
vt 0.940147 0.431746
vt 0.366866 0.890635
vt 0.345462 0.890635
vt 0.345462 0.936314
vt 0.366866 0.936314
vt 0.110183 0.866316
vt 0.088822 0.866315
vt 0.088822 0.911995
vt 0.110183 0.911996
vt 0.334748 0.936314
vt 0.324137 0.936314
vt 0.324137 0.981994
vt 0.334748 0.981994
vt 0.035638 0.923254
vt 0.014119 0.923254
vt 0.014119 0.968933
vt 0.035638 0.968933
vt 0.131553 0.866315
vt 0.131553 0.911995
vt 0.813414 0.933977
vt 0.802750 0.979657
vt 0.813414 0.979657
vt 0.000000 0.923254
vt -0.000000 0.968933
vt 0.898229 0.386067
vt 0.898229 0.431746
vt 0.946206 0.675118
vt 0.956890 0.675118
vt 0.956890 0.629438
vt 0.946206 0.629438
vt 0.324137 0.890635
vt 0.324137 0.936314
vt 0.975616 0.431746
vt 0.986508 0.431746
vt 0.986508 0.386067
vt 0.975616 0.386067
vt 0.967571 0.675118
vt 0.967571 0.629438
vt 0.149544 0.959705
vt 0.169677 0.959705
vt 0.169677 0.914026
vt 0.149544 0.914026
vt 0.965549 0.431746
vt 0.965549 0.386067
vt 0.345492 0.936314
vt 0.345492 0.981994
vt 0.131553 0.959705
vt 0.131553 0.914026
vt 0.824115 0.933977
vt 0.824115 0.979657
vt 0.502318 0.842928
vt 0.502318 0.797249
vt 0.492579 0.797249
vt 0.698100 0.853711
vt 0.698100 0.904467
vt 0.743780 0.904467
vt 0.743780 0.853712
vt 0.984314 0.436495
vt 0.973725 0.436495
vt 0.973725 0.482174
vt 0.984314 0.482174
vt 0.214088 0.921139
vt 0.214088 0.966818
vt 0.962966 0.436495
vt 0.962966 0.482174
vt 0.747100 0.904467
vt 0.736226 0.904467
vt 0.736226 0.950147
vt 0.747100 0.950147
vt 0.370513 0.055831
vt 0.366263 0.077196
vt 0.354160 0.095309
vt 0.340060 0.101510
vt 0.329909 0.101510
vt 0.324833 0.091359
vt 0.325365 0.081621
vt 0.334421 0.075570
vt 0.340472 0.066513
vt 0.342597 0.055831
vt 0.340472 0.045148
vt 0.334421 0.036092
vt 0.325365 0.030040
vt 0.314682 0.027915
vt 0.303999 0.030040
vt 0.294943 0.036092
vt 0.288892 0.045148
vt 0.286259 0.057353
vt 0.288797 0.070550
vt 0.295395 0.074610
vt 0.295395 0.106586
vt 0.295395 0.138571
vt 0.288797 0.142631
vt 0.286259 0.155828
vt 0.288892 0.168033
vt 0.294943 0.177090
vt 0.303999 0.183141
vt 0.314682 0.185266
vt 0.325365 0.183141
vt 0.334421 0.177090
vt 0.340472 0.168033
vt 0.342597 0.157350
vt 0.340472 0.146668
vt 0.334421 0.137611
vt 0.325365 0.131560
vt 0.324833 0.121822
vt 0.329909 0.111671
vt 0.340060 0.111671
vt 0.354160 0.117872
vt 0.366263 0.135985
vt 0.370513 0.157350
vt 0.366263 0.178716
vt 0.354160 0.196829
vt 0.336048 0.208931
vt 0.314682 0.213181
vt 0.293317 0.208931
vt 0.275204 0.196829
vt 0.263927 0.182728
vt 0.263927 0.131972
vt 0.279153 0.137048
vt 0.279153 0.106595
vt 0.279153 0.076133
vt 0.275204 0.016352
vt 0.293317 0.004250
vt 0.314682 0.000000
vt 0.336048 0.004250
vt 0.354160 0.016352
vt 0.366263 0.034465
vt 0.302208 0.796831
vt 0.291967 0.814414
vt 0.313896 0.827187
vt 0.324137 0.809603
vt 0.968295 0.116814
vt 0.963219 0.111738
vt 0.958145 0.096511
vt 0.958145 0.167569
vt 0.978447 0.172644
vt 0.978446 0.121890
vt 0.146783 0.959707
vt 0.131553 0.959705
vt 0.131562 0.985083
vt 0.146783 0.985084
vt 0.955140 0.978496
vt 0.962312 0.978496
vt 0.962314 0.953119
vt 0.955141 0.953119
vt 0.944528 0.978496
vt 0.944527 0.953119
vt 0.312180 0.665181
vt 0.324137 0.644653
vt 0.315366 0.639544
vt 0.299023 0.657517
vt 0.963029 0.350437
vt 0.968104 0.345362
vt 0.978254 0.340286
vt 0.978254 0.289531
vt 0.957952 0.294606
vt 0.957952 0.365673
vt 0.869173 0.155823
vt 0.875220 0.152211
vt 0.883704 0.166719
vt 0.877718 0.170361
vt 0.363456 0.486445
vt 0.356893 0.486444
vt 0.356875 0.426454
vt 0.363434 0.426362
vt 0.875940 0.281550
vt 0.881280 0.277625
vt 0.874458 0.300451
vt 0.869173 0.304405
vt 0.887043 0.219777
vt 0.892662 0.216053
vt 0.891348 0.243940
vt 0.885940 0.247755
vt 0.892664 0.152211
vt 0.887379 0.148257
vt 0.880543 0.125388
vt 0.885883 0.129312
vt 0.985497 0.267951
vt 0.978447 0.267951
vt 0.978447 0.248999
vt 0.985490 0.249147
vt 0.314163 0.776306
vt 0.286282 0.760066
vt 0.304191 0.743005
vt 0.285082 0.731874
vt 0.302991 0.714813
vt 0.283881 0.703682
vt 0.306176 0.689176
vt 0.291452 0.680600
vt 0.538259 0.855030
vt 0.538259 0.824578
vt 0.583938 0.824577
vt 0.583938 0.855040
vt 0.583938 0.885493
vt 0.538259 0.885493
vt 0.229219 0.665284
vt 0.229219 0.639897
vt 0.239370 0.639897
vt 0.239370 0.665284
vt 0.239370 0.690662
vt 0.229219 0.690662
vt 0.747107 0.845039
vt 0.745103 0.853711
vt 0.721410 0.846036
vt 0.723406 0.837374
vt 0.706592 0.831787
vt 0.697724 0.838360
vt 0.697724 0.812983
vt 0.706665 0.812983
vt 0.188676 0.521528
vt 0.190286 0.512763
vt 0.217829 0.520415
vt 0.216010 0.529139
vt 0.129719 0.628927
vt 0.120912 0.639897
vt 0.120912 0.568840
vt 0.129691 0.568845
vt 0.706592 0.794169
vt 0.697724 0.787596
vt 0.721410 0.779920
vt 0.723406 0.788581
vt 0.745103 0.772245
vt 0.747107 0.780917
vt 0.239805 0.600849
vt 0.241799 0.609518
vt 0.217829 0.617232
vt 0.216010 0.608513
vt 0.120912 0.497401
vt 0.129719 0.508496
vt 0.153551 0.623896
vt 0.155599 0.632601
vt 0.155599 0.505082
vt 0.153505 0.513781
vt 0.241799 0.528052
vt 0.239805 0.536728
vt 0.190286 0.624931
vt 0.188676 0.616171
vt 0.597137 0.667770
vt 0.597137 0.715067
vt 0.562101 0.722747
vt 0.563767 0.667764
vt 0.562055 0.612780
vt 0.597137 0.620481
vt 0.624435 0.667757
vt 0.624435 0.707476
vt 0.624435 0.628028
vt 0.648289 0.667710
vt 0.648289 0.699825
vt 0.648289 0.635604
vt 0.267100 0.859293
vt 0.267100 0.883822
vt 0.243625 0.891408
vt 0.243625 0.859293
vt 0.243625 0.827187
vt 0.267100 0.834772
vt 0.283785 0.859293
vt 0.283858 0.878254
vt 0.283858 0.840341
vt 0.538284 0.727759
vt 0.538259 0.667769
vt 0.538284 0.607514
vt 0.884119 0.018152
vt 0.878133 0.014511
vt 0.886618 0.000000
vt 0.892664 0.003612
vt 0.883801 0.194341
vt 0.889532 0.190585
vt 0.878036 0.042137
vt 0.872304 0.038381
vt 0.874793 0.067576
vt 0.869173 0.063853
vt 0.875896 0.095558
vt 0.870488 0.091743
vt 0.363434 0.546795
vt 0.356875 0.546700
vt 0.985490 0.286765
vt 0.978447 0.286913
s 1
usemtl Material.001
f 11/1/1 10/2/2 24/3/2 341/4/2 342/5/1 25/6/1
f 1/7/3 11/8/1 25/9/1 342/10/1 332/11/3 15/12/3
f 3/13/4 12/14/5 27/15/5 343/16/5 334/17/4 17/18/4
f 4/19/6 3/13/4 17/18/4 334/17/4 335/20/6 18/21/6
f 5/22/7 4/19/6 18/21/6 335/20/6 336/23/7 19/24/7
f 6/25/8 5/26/7 19/27/7 336/28/7 337/29/8 20/30/8
f 7/31/9 6/25/8 20/30/8 337/29/8 338/32/9 21/33/9
f 8/34/10 7/35/9 21/36/9 338/37/9 339/38/10 22/39/10
f 360/40/11 359/41/11 358/42/11 357/43/11 356/44/11 355/45/11 354/46/11 476/47/11 477/48/11 478/49/11 479/50/11 480/51/11
f 9/52/12 8/34/10 22/39/10 339/38/10 340/53/12 23/54/12
f 13/55/13 2/56/14 16/57/14 333/58/14 344/59/13 28/60/13
f 10/2/2 9/61/12 23/62/12 340/63/12 341/4/2 24/3/2
f 2/56/14 1/7/3 15/12/3 332/11/3 333/58/14 16/57/14
f 34/64/15 35/65/15 42/66/15 41/67/15
f 32/68/16 33/69/17 40/70/17 39/71/16
f 35/72/18 36/73/10 43/74/10 42/75/18
f 33/76/10 34/77/10 41/78/10 40/79/10
f 31/80/19 32/68/16 39/71/16 38/81/19
f 4/82/11 5/83/11 32/84/11 31/85/11 12/86/11 3/87/11
f 6/88/11 7/89/11 35/90/11 34/91/11 33/92/11 32/84/11 5/83/11
f 7/89/11 8/93/11 9/94/11 10/95/11 36/96/11 35/90/11
f 1/97/11 2/98/11 13/99/11 14/100/11 30/101/11 36/96/11 10/95/11 11/102/11
f 48/103/20 64/104/21 63/105/22 47/106/23
f 56/107/24 72/108/25 71/109/26 55/110/27
f 49/111/28 65/112/29 64/104/21 48/103/20
f 57/113/30 73/114/31 72/108/25 56/107/24
f 50/115/32 66/116/33 65/117/29 49/118/28
f 58/119/34 74/120/35 73/121/31 57/122/30
f 51/123/36 67/124/37 66/116/33 50/115/32
f 59/125/38 75/126/39 74/120/35 58/119/34
f 52/127/40 68/128/40 67/129/37 51/130/36
f 45/131/41 61/132/42 60/133/43 44/134/44
f 44/134/44 60/133/43 75/135/39 59/136/38
f 53/137/45 69/138/46 68/128/40 52/127/40
f 46/139/47 62/140/48 61/141/42 45/142/41
f 54/143/49 70/144/50 69/145/46 53/146/45
f 47/147/23 63/148/22 62/140/48 46/139/47
f 55/149/27 71/150/26 70/144/50 54/143/49
f 63/148/22 79/151/51 78/152/52 62/140/48
f 71/150/26 87/153/53 86/154/54 70/144/50
f 64/104/21 80/155/55 79/156/51 63/105/22
f 72/108/25 88/157/56 87/158/53 71/109/26
f 65/112/29 81/159/57 80/155/55 64/104/21
f 73/114/31 89/160/58 88/157/56 72/108/25
f 66/116/33 82/161/59 81/162/57 65/117/29
f 74/120/35 90/163/60 89/164/58 73/121/31
f 67/165/61 83/166/62 82/167/63 66/168/63
f 75/126/39 91/169/64 90/163/60 74/120/35
f 68/170/65 84/171/65 83/166/62 67/165/61
f 61/132/42 77/172/66 76/173/67 60/133/43
f 60/133/43 76/173/67 91/174/64 75/135/39
f 69/175/68 85/176/69 84/171/65 68/170/65
f 62/140/48 78/152/52 77/177/66 61/141/42
f 70/178/70 86/179/70 85/176/69 69/175/68
f 84/180/19 100/181/19 99/182/71 83/183/72
f 77/172/66 93/184/73 92/185/74 76/173/67
f 76/173/67 92/185/74 107/186/75 91/174/64
f 85/187/76 101/188/77 100/181/19 84/180/19
f 78/152/52 94/189/78 93/190/73 77/177/66
f 86/191/79 102/192/79 101/188/77 85/187/76
f 79/151/51 95/193/80 94/189/78 78/152/52
f 87/153/53 103/194/81 102/195/82 86/154/54
f 80/155/55 96/196/83 95/197/80 79/156/51
f 88/157/56 104/198/84 103/199/81 87/158/53
f 81/159/57 97/200/85 96/196/83 80/155/55
f 89/160/58 105/201/86 104/198/84 88/157/56
f 82/161/59 98/202/87 97/203/85 81/162/57
f 90/163/60 106/204/88 105/205/86 89/164/58
f 83/183/72 99/182/71 98/206/89 82/207/89
f 91/169/64 107/208/75 106/204/88 90/163/60
f 105/201/86 121/209/90 120/210/91 104/198/84
f 98/202/87 114/211/92 113/212/93 97/203/85
f 106/204/88 122/213/94 121/214/90 105/205/86
f 99/215/95 115/216/96 114/217/97 98/218/97
f 107/208/75 123/219/98 122/213/94 106/204/88
f 100/220/99 116/221/99 115/216/96 99/215/95
f 93/184/73 109/222/100 108/223/101 92/185/74
f 92/185/74 108/223/101 123/224/98 107/186/75
f 101/225/102 117/226/103 116/221/99 100/220/99
f 94/189/78 110/227/104 109/228/100 93/190/73
f 102/229/105 118/230/105 117/226/103 101/225/102
f 95/193/80 111/231/106 110/227/104 94/189/78
f 103/194/81 119/232/107 118/233/108 102/195/82
f 96/196/83 112/234/109 111/235/106 95/197/80
f 104/198/84 120/210/91 119/236/107 103/199/81
f 97/200/85 113/237/93 112/234/109 96/196/83
f 111/231/106 127/238/110 126/239/111 110/227/104
f 119/232/107 135/240/112 134/241/113 118/233/108
f 112/234/109 128/242/114 127/243/110 111/235/106
f 120/210/91 136/244/115 135/245/112 119/236/107
f 113/237/93 129/246/116 128/242/114 112/234/109
f 121/209/90 137/247/117 136/244/115 120/210/91
f 114/211/92 130/248/118 129/249/116 113/212/93
f 122/213/94 138/250/119 137/251/117 121/214/90
f 115/252/120 131/253/121 130/248/118 114/211/92
f 123/219/98 139/254/122 138/250/119 122/213/94
f 116/255/123 132/256/123 131/257/121 115/258/120
f 109/222/100 125/259/124 124/260/125 108/223/101
f 108/223/101 124/260/125 139/261/122 123/224/98
f 117/262/126 133/263/127 132/256/123 116/255/123
f 110/227/104 126/239/111 125/264/124 109/228/100
f 118/233/108 134/241/113 133/265/127 117/266/126
f 125/267/128 126/268/128 127/269/128 128/270/128 129/271/128 130/272/128 131/273/128 132/274/128 133/275/128 134/276/128 135/277/128 136/278/128 137/279/128 138/280/128 139/281/128 124/282/128
f 14/283/10 29/284/10 345/285/10 347/286/10 470/287/10 167/288/10 153/289/10 30/290/10
f 152/291/129 166/292/129 469/293/129 458/294/130 155/295/130 141/296/130
f 144/297/1 158/298/1 461/299/1 460/300/131 157/301/131 143/302/131
f 145/303/2 159/304/2 462/305/2 461/306/1 158/307/1 144/308/1
f 146/309/12 160/310/12 463/311/12 462/305/2 159/304/2 145/303/2
f 147/312/10 161/313/10 464/314/10 463/315/12 160/316/12 146/317/12
f 148/318/9 162/319/9 465/320/9 464/314/10 161/313/10 147/312/10
f 149/321/8 163/322/8 466/323/8 465/324/9 162/325/9 148/326/9
f 143/302/131 157/301/131 460/300/131 459/327/132 156/328/132 142/329/132
f 150/330/7 164/331/7 467/332/7 466/323/8 163/322/8 149/321/8
f 140/333/133 154/334/133 457/335/133 467/336/7 164/337/7 150/338/7
f 141/296/130 155/295/130 458/294/130 457/335/133 154/334/133 140/333/133
f 153/339/134 167/340/134 470/341/134 469/342/129 166/343/129 152/344/129
f 171/345/17 176/346/17 177/347/17 172/348/17
f 169/349/135 174/350/135 175/351/15 170/352/15
f 172/353/136 177/354/136 43/74/10 36/73/10
f 170/355/10 175/356/10 176/357/10 171/358/10
f 168/359/137 173/360/137 174/350/135 169/349/135
f 143/361/11 142/362/11 151/363/11 168/364/11 169/365/11 144/366/11
f 145/367/11 144/366/11 169/365/11 170/368/11 171/369/11 172/370/11 146/371/11
f 146/371/11 172/370/11 36/96/11 149/372/11 148/373/11 147/374/11
f 140/375/11 150/376/11 149/372/11 36/96/11 30/101/11 153/377/11 152/378/11 141/379/11
f 182/380/138 181/381/139 197/382/140 198/383/141
f 190/384/142 189/385/143 205/386/144 206/387/145
f 183/388/146 182/380/138 198/383/141 199/389/147
f 191/390/148 190/384/142 206/387/145 207/391/149
f 184/392/150 183/393/146 199/394/147 200/395/151
f 192/396/152 191/397/148 207/398/149 208/399/153
f 185/400/154 184/392/150 200/395/151 201/401/155
f 193/402/156 192/396/152 208/399/153 209/403/157
f 186/404/158 185/405/154 201/406/155 202/407/158
f 179/408/159 178/409/160 194/410/161 195/411/162
f 178/409/160 193/412/156 209/413/157 194/410/161
f 187/414/163 186/404/158 202/407/158 203/415/164
f 180/416/165 179/417/159 195/418/162 196/419/166
f 188/420/167 187/421/163 203/422/164 204/423/168
f 181/424/139 180/416/165 196/419/166 197/425/140
f 189/426/143 188/420/167 204/423/168 205/427/144
f 197/425/140 196/419/166 212/428/169 213/429/170
f 205/427/144 204/423/168 220/430/171 221/431/172
f 198/383/141 197/382/140 213/432/170 214/433/173
f 206/387/145 205/386/144 221/434/172 222/435/174
f 199/389/147 198/383/141 214/433/173 215/436/175
f 207/391/149 206/387/145 222/435/174 223/437/176
f 200/395/151 199/394/147 215/438/175 216/439/177
f 208/399/153 207/398/149 223/440/176 224/441/178
f 201/442/179 200/443/180 216/444/180 217/445/181
f 209/403/157 208/399/153 224/441/178 225/446/182
f 202/447/183 201/442/179 217/445/181 218/448/183
f 195/411/162 194/410/161 210/449/184 211/450/185
f 194/410/161 209/413/157 225/451/182 210/449/184
f 203/452/186 202/447/183 218/448/183 219/453/187
f 196/419/166 195/418/162 211/454/185 212/428/169
f 204/455/188 203/452/186 219/453/187 220/456/188
f 218/457/137 217/458/189 233/459/190 234/460/137
f 211/450/185 210/449/184 226/461/191 227/462/192
f 210/449/184 225/451/182 241/463/193 226/461/191
f 219/464/194 218/457/137 234/460/137 235/465/195
f 212/428/169 211/454/185 227/466/192 228/467/196
f 220/468/197 219/464/194 235/465/195 236/469/197
f 213/429/170 212/428/169 228/467/196 229/470/198
f 221/431/172 220/430/171 236/471/199 237/472/200
f 214/433/173 213/432/170 229/473/198 230/474/201
f 222/435/174 221/434/172 237/475/200 238/476/202
f 215/436/175 214/433/173 230/474/201 231/477/203
f 223/437/176 222/435/174 238/476/202 239/478/204
f 216/439/177 215/438/175 231/479/203 232/480/205
f 224/441/178 223/440/176 239/481/204 240/482/206
f 217/458/189 216/483/207 232/484/207 233/459/190
f 225/446/182 224/441/178 240/482/206 241/485/193
f 239/478/204 238/476/202 254/486/208 255/487/209
f 232/480/205 231/479/203 247/488/210 248/489/211
f 240/482/206 239/481/204 255/490/209 256/491/212
f 233/492/213 232/493/214 248/494/214 249/495/215
f 241/485/193 240/482/206 256/491/212 257/496/216
f 234/497/217 233/492/213 249/495/215 250/498/217
f 227/462/192 226/461/191 242/499/218 243/500/219
f 226/461/191 241/463/193 257/501/216 242/499/218
f 235/502/220 234/497/217 250/498/217 251/503/221
f 228/467/196 227/466/192 243/504/219 244/505/222
f 236/506/223 235/502/220 251/503/221 252/507/223
f 229/470/198 228/467/196 244/505/222 245/508/224
f 237/472/200 236/471/199 252/509/225 253/510/226
f 230/474/201 229/473/198 245/511/224 246/512/227
f 238/476/202 237/475/200 253/513/226 254/486/208
f 231/477/203 230/474/201 246/512/227 247/514/210
f 245/508/224 244/505/222 260/515/228 261/516/229
f 253/510/226 252/509/225 268/517/230 269/518/231
f 246/512/227 245/511/224 261/519/229 262/520/232
f 254/486/208 253/513/226 269/521/231 270/522/233
f 247/514/210 246/512/227 262/520/232 263/523/234
f 255/487/209 254/486/208 270/522/233 271/524/235
f 248/489/211 247/488/210 263/525/234 264/526/236
f 256/491/212 255/490/209 271/527/235 272/528/237
f 249/529/238 248/489/211 264/526/236 265/530/239
f 257/496/216 256/491/212 272/528/237 273/531/240
f 250/532/241 249/533/238 265/534/239 266/535/241
f 243/500/219 242/499/218 258/536/242 259/537/243
f 242/499/218 257/501/216 273/538/240 258/536/242
f 251/539/244 250/532/241 266/535/241 267/540/245
f 244/505/222 243/504/219 259/541/243 260/515/228
f 252/509/225 251/542/244 267/543/245 268/517/230
f 259/544/128 258/545/128 273/546/128 272/547/128 271/548/128 270/549/128 269/550/128 268/551/128 267/552/128 266/553/128 265/554/128 264/555/128 263/556/128 262/557/128 261/558/128 260/559/128
f 274/560/246 275/561/246 293/562/247 292/563/247
f 277/564/248 276/565/248 308/566/249 309/567/249
f 276/565/248 277/564/248 279/568/250 278/569/250
f 278/570/250 279/571/250 281/572/251 280/573/251
f 280/573/251 281/572/251 283/574/252 282/575/252
f 282/576/252 283/577/252 285/578/11 284/579/11
f 284/579/11 285/578/11 287/580/253 286/581/253
f 286/582/253 287/583/253 289/584/254 288/585/254
f 288/585/254 289/584/254 291/586/255 290/587/255
f 290/588/255 291/589/255 275/561/246 274/560/246
f 292/563/247 293/562/247 295/590/256 294/591/256
f 294/592/256 295/593/256 297/594/257 296/595/257
f 296/595/257 297/594/257 299/583/258 298/582/258
f 298/596/258 299/597/258 301/598/128 300/599/128
f 300/599/128 301/598/128 303/600/259 302/601/259
f 302/602/259 303/603/259 305/604/260 304/605/260
f 304/605/260 305/604/260 307/606/261 306/607/261
f 306/608/261 307/609/261 309/567/249 308/566/249
f 292/610/10 294/611/10 296/612/10 298/613/10 300/614/10 302/615/10 304/616/10 306/617/10 308/618/10 276/619/10 278/620/10 280/621/10 282/622/10 284/623/10 286/624/10 288/625/10 290/626/10 274/627/10
f 312/628/19 330/629/249 331/630/249 313/631/19 630/632/248 629/633/248
f 314/634/247 315/635/247 317/636/256 316/637/256
f 316/638/256 317/639/256 319/640/257 318/641/257
f 318/641/257 319/640/257 321/642/258 320/643/258
f 320/644/258 321/645/258 323/646/128 322/647/128
f 322/647/128 323/646/128 325/648/259 324/649/259
f 324/650/259 325/651/259 327/652/260 326/653/260
f 326/653/260 327/652/260 329/654/261 328/655/261
f 328/656/261 329/657/261 331/630/249 330/629/249
f 14/658/262 13/659/13 28/660/13 344/661/13 345/662/262 29/663/262
f 351/664/15 358/665/15 359/666/15 352/667/15
f 12/668/263 31/669/263 38/670/263 37/671/263 173/672/263 168/673/263 151/674/263 26/675/263
f 349/68/16 356/676/16 357/677/17 350/69/17
f 352/678/18 359/679/18 360/680/10 353/681/10
f 350/682/10 357/683/10 358/684/10 351/685/10
f 348/80/19 355/686/19 356/676/16 349/68/16
f 335/687/128 334/688/128 343/689/128 348/690/128 349/691/128 336/692/128
f 337/693/128 336/692/128 349/691/128 350/363/128 351/694/128 352/695/128 338/696/128
f 338/696/128 352/695/128 353/697/128 341/698/128 340/699/128 339/700/128
f 332/701/128 342/702/128 341/698/128 353/697/128 347/703/128 345/704/128 344/705/128 333/706/128
f 365/707/264 364/708/265 380/709/266 381/710/267
f 373/711/268 372/712/269 388/713/270 389/714/271
f 366/715/272 365/707/264 381/710/267 382/716/273
f 374/717/274 373/711/268 389/714/271 390/718/275
f 367/719/276 366/720/272 382/721/273 383/722/277
f 375/723/278 374/724/274 390/725/275 391/726/279
f 368/727/280 367/719/276 383/722/277 384/728/281
f 376/729/282 375/723/278 391/726/279 392/730/283
f 369/731/284 368/732/280 384/733/281 385/734/284
f 362/735/285 361/736/286 377/737/287 378/738/288
f 361/736/286 376/739/282 392/740/283 377/737/287
f 370/741/289 369/731/284 385/734/284 386/742/290
f 363/743/291 362/744/285 378/745/288 379/746/292
f 371/747/293 370/748/289 386/749/290 387/750/294
f 364/751/265 363/743/291 379/746/292 380/752/266
f 372/753/269 371/747/293 387/750/294 388/754/270
f 380/752/266 379/746/292 395/755/295 396/756/296
f 388/754/270 387/750/294 403/757/297 404/758/298
f 381/710/267 380/709/266 396/759/296 397/760/299
f 389/714/271 388/713/270 404/761/298 405/762/300
f 382/716/273 381/710/267 397/760/299 398/763/301
f 390/718/275 389/714/271 405/762/300 406/764/302
f 383/722/277 382/721/273 398/765/301 399/766/303
f 391/726/279 390/725/275 406/767/302 407/768/304
f 384/769/305 383/770/306 399/771/306 400/772/307
f 392/730/283 391/726/279 407/768/304 408/773/308
f 385/774/309 384/769/305 400/772/307 401/775/309
f 378/738/288 377/737/287 393/776/310 394/777/311
f 377/737/287 392/740/283 408/778/308 393/776/310
f 386/779/312 385/774/309 401/775/309 402/780/313
f 379/746/292 378/745/288 394/781/311 395/755/295
f 387/782/314 386/779/312 402/780/313 403/783/314
f 401/784/19 400/785/72 416/786/71 417/787/19
f 394/777/311 393/776/310 409/788/315 410/789/316
f 393/776/310 408/778/308 424/790/317 409/788/315
f 402/791/76 401/784/19 417/787/19 418/792/77
f 395/755/295 394/781/311 410/793/316 411/794/318
f 403/795/79 402/791/76 418/792/77 419/796/79
f 396/756/296 395/755/295 411/794/318 412/797/319
f 404/758/298 403/757/297 419/798/320 420/799/321
f 397/760/299 396/759/296 412/800/319 413/801/322
f 405/762/300 404/761/298 420/802/321 421/803/323
f 398/763/301 397/760/299 413/801/322 414/804/324
f 406/764/302 405/762/300 421/803/323 422/805/325
f 399/766/303 398/765/301 414/806/324 415/807/326
f 407/768/304 406/767/302 422/808/325 423/809/327
f 400/785/72 399/810/89 415/811/89 416/786/71
f 408/773/308 407/768/304 423/809/327 424/812/317
f 422/805/325 421/803/323 437/813/328 438/814/329
f 415/807/326 414/806/324 430/815/330 431/816/331
f 423/809/327 422/808/325 438/817/329 439/818/332
f 416/819/333 415/820/334 431/821/334 432/822/335
f 424/812/317 423/809/327 439/818/332 440/823/336
f 417/824/337 416/819/333 432/822/335 433/825/337
f 410/789/316 409/788/315 425/826/338 426/827/339
f 409/788/315 424/790/317 440/828/336 425/826/338
f 418/829/340 417/824/337 433/825/337 434/830/341
f 411/794/318 410/793/316 426/831/339 427/832/342
f 419/833/343 418/829/340 434/830/341 435/834/343
f 412/797/319 411/794/318 427/832/342 428/835/344
f 420/799/321 419/798/320 435/836/345 436/837/346
f 413/801/322 412/800/319 428/838/344 429/839/347
f 421/803/323 420/802/321 436/840/346 437/813/328
f 414/804/324 413/801/322 429/839/347 430/841/330
f 428/835/344 427/832/342 443/842/348 444/843/349
f 436/837/346 435/836/345 451/844/350 452/845/351
f 429/839/347 428/838/344 444/846/349 445/847/352
f 437/813/328 436/840/346 452/848/351 453/849/353
f 430/841/330 429/839/347 445/847/352 446/850/354
f 438/814/329 437/813/328 453/849/353 454/851/355
f 431/816/331 430/815/330 446/852/354 447/853/356
f 439/818/332 438/817/329 454/854/355 455/855/357
f 432/856/358 431/816/331 447/853/356 448/857/359
f 440/823/336 439/818/332 455/855/357 456/858/360
f 433/859/361 432/860/358 448/861/359 449/862/361
f 426/827/339 425/826/338 441/863/362 442/864/363
f 425/826/338 440/828/336 456/865/360 441/863/362
f 434/866/364 433/859/361 449/862/361 450/867/365
f 427/832/342 426/831/339 442/868/363 443/842/348
f 435/836/345 434/869/364 450/870/365 451/844/350
f 442/871/11 441/872/11 456/873/11 455/874/11 454/875/11 453/876/11 452/877/11 451/878/11 450/879/11 449/880/11 448/881/11 447/882/11 446/883/11 445/884/11 444/885/11 443/886/11
f 343/887/263 346/888/263 468/889/263 471/890/263 476/891/263 354/892/263 355/893/263 348/894/263
f 474/345/17 475/348/17 480/895/17 479/896/17
f 472/897/135 473/898/15 478/899/15 477/900/135
f 475/901/136 353/681/10 360/680/10 480/902/136
f 473/903/10 474/904/10 479/664/10 478/905/10
f 471/906/137 472/897/135 477/900/135 476/907/137
f 460/908/128 461/909/128 472/910/128 471/911/128 468/912/128 459/913/128
f 462/914/128 463/915/128 475/916/128 474/917/128 473/918/128 472/910/128 461/909/128
f 463/915/128 464/919/128 465/920/128 466/921/128 353/697/128 475/916/128
f 457/922/128 458/923/128 469/924/128 470/925/128 347/703/128 353/697/128 466/921/128 467/926/128
f 485/927/366 501/928/367 500/929/368 484/930/369
f 493/931/370 509/932/371 508/933/372 492/934/373
f 486/935/374 502/936/375 501/928/367 485/927/366
f 494/937/376 510/938/377 509/932/371 493/931/370
f 487/939/378 503/940/379 502/941/375 486/942/374
f 495/943/380 511/944/381 510/945/377 494/946/376
f 488/947/382 504/948/383 503/940/379 487/939/378
f 496/949/384 512/950/385 511/944/381 495/943/380
f 489/951/386 505/952/386 504/953/383 488/954/382
f 482/955/387 498/956/388 497/957/389 481/958/390
f 481/958/390 497/957/389 512/959/385 496/960/384
f 490/961/391 506/962/392 505/952/386 489/951/386
f 483/963/393 499/964/394 498/965/388 482/966/387
f 491/967/395 507/968/396 506/969/392 490/970/391
f 484/971/369 500/972/368 499/964/394 483/963/393
f 492/973/373 508/974/372 507/968/396 491/967/395
f 500/972/368 516/975/397 515/976/398 499/964/394
f 508/974/372 524/977/399 523/978/400 507/968/396
f 501/928/367 517/979/401 516/980/397 500/929/368
f 509/932/371 525/981/402 524/982/399 508/933/372
f 502/936/375 518/983/403 517/979/401 501/928/367
f 510/938/377 526/984/404 525/981/402 509/932/371
f 503/940/379 519/985/405 518/986/403 502/941/375
f 511/944/381 527/987/406 526/988/404 510/945/377
f 504/989/407 520/990/408 519/991/409 503/992/409
f 512/950/385 528/993/410 527/987/406 511/944/381
f 505/994/411 521/995/411 520/990/408 504/989/407
f 498/956/388 514/996/412 513/997/413 497/957/389
f 497/957/389 513/997/413 528/998/410 512/959/385
f 506/999/414 522/1000/415 521/995/411 505/994/411
f 499/964/394 515/976/398 514/1001/412 498/965/388
f 507/1002/416 523/1003/416 522/1000/415 506/999/414
f 521/1004/137 537/1005/137 536/1006/190 520/1007/189
f 514/996/412 530/1008/417 529/1009/418 513/997/413
f 513/997/413 529/1009/418 544/1010/419 528/998/410
f 522/1011/194 538/1012/195 537/1005/137 521/1004/137
f 515/976/398 531/1013/420 530/1014/417 514/1001/412
f 523/1015/197 539/1016/197 538/1012/195 522/1011/194
f 516/975/397 532/1017/421 531/1013/420 515/976/398
f 524/977/399 540/1018/422 539/1019/423 523/978/400
f 517/979/401 533/1020/424 532/1021/421 516/980/397
f 525/981/402 541/1022/425 540/1023/422 524/982/399
f 518/983/403 534/1024/426 533/1020/424 517/979/401
f 526/984/404 542/1025/427 541/1022/425 525/981/402
f 519/985/405 535/1026/428 534/1027/426 518/986/403
f 527/987/406 543/1028/429 542/1029/427 526/988/404
f 520/1007/189 536/1006/190 535/1030/207 519/1031/207
f 528/993/410 544/1032/419 543/1028/429 527/987/406
f 542/1025/427 558/1033/430 557/1034/431 541/1022/425
f 535/1026/428 551/1035/432 550/1036/433 534/1027/426
f 543/1028/429 559/1037/434 558/1038/430 542/1029/427
f 536/1039/435 552/1040/436 551/1041/437 535/1042/437
f 544/1032/419 560/1043/438 559/1037/434 543/1028/429
f 537/1044/439 553/1045/439 552/1040/436 536/1039/435
f 530/1008/417 546/1046/440 545/1047/441 529/1009/418
f 529/1009/418 545/1047/441 560/1048/438 544/1010/419
f 538/1049/442 554/1050/443 553/1045/439 537/1044/439
f 531/1013/420 547/1051/444 546/1052/440 530/1014/417
f 539/1053/445 555/1054/445 554/1050/443 538/1049/442
f 532/1017/421 548/1055/446 547/1051/444 531/1013/420
f 540/1018/422 556/1056/447 555/1057/448 539/1019/423
f 533/1020/424 549/1058/449 548/1059/446 532/1021/421
f 541/1022/425 557/1034/431 556/1060/447 540/1023/422
f 534/1024/426 550/1061/433 549/1058/449 533/1020/424
f 548/1055/446 564/1062/450 563/1063/451 547/1051/444
f 556/1056/447 572/1064/452 571/1065/453 555/1057/448
f 549/1058/449 565/1066/454 564/1067/450 548/1059/446
f 557/1034/431 573/1068/455 572/1069/452 556/1060/447
f 550/1061/433 566/1070/456 565/1066/454 549/1058/449
f 558/1033/430 574/1071/457 573/1068/455 557/1034/431
f 551/1035/432 567/1072/458 566/1073/456 550/1036/433
f 559/1037/434 575/1074/459 574/1075/457 558/1038/430
f 552/1076/460 568/1077/461 567/1072/458 551/1035/432
f 560/1043/438 576/1078/462 575/1074/459 559/1037/434
f 553/1079/463 569/1080/463 568/1081/461 552/1082/460
f 546/1046/440 562/1083/464 561/1084/465 545/1047/441
f 545/1047/441 561/1084/465 576/1085/462 560/1048/438
f 554/1086/466 570/1087/467 569/1080/463 553/1079/463
f 547/1051/444 563/1063/451 562/1088/464 546/1052/440
f 555/1057/448 571/1065/453 570/1089/467 554/1090/466
f 562/1091/11 563/1092/11 564/1093/11 565/1094/11 566/1095/11 567/1096/11 568/1097/11 569/1098/11 570/1099/11 571/1100/11 572/1101/11 573/1102/11 574/1103/11 575/1104/11 576/1105/11 561/1106/11
f 577/1107/247 595/1108/246 596/1109/246 578/1110/247
f 580/1111/249 612/1112/248 611/1113/248 579/1114/249
f 579/1114/249 581/1115/261 582/1116/261 580/1111/249
f 581/1117/261 583/1118/260 584/1119/260 582/1120/261
f 583/1118/260 585/1121/259 586/1122/259 584/1119/260
f 585/1123/259 587/1124/128 588/1125/128 586/1126/259
f 587/1124/128 589/1127/258 590/1128/258 588/1125/128
f 589/1129/258 591/1130/257 592/1131/257 590/1132/258
f 591/1130/257 593/1133/256 594/1134/256 592/1131/257
f 593/1135/256 577/1107/247 578/1110/247 594/1136/256
f 595/1108/246 597/1137/255 598/1138/255 596/1109/246
f 597/1139/255 599/1140/254 600/1141/254 598/1142/255
f 599/1140/254 601/1143/253 602/1144/253 600/1141/254
f 601/1145/253 603/1146/11 604/1147/11 602/1148/253
f 603/1146/11 605/1149/252 606/1150/252 604/1147/11
f 605/1151/252 607/1152/251 608/1153/251 606/1154/252
f 607/1152/251 609/1155/250 610/1156/250 608/1153/251
f 609/1157/250 611/1113/248 612/1112/248 610/1158/250
f 595/1159/10 577/1160/10 593/1161/10 591/1162/10 589/1163/10 587/1164/10 585/1165/10 583/1166/10 581/1167/10 579/1168/10 611/1169/10 609/1170/10 607/1171/10 605/1172/10 603/1173/10 601/1174/10 599/1175/10 597/1176/10
f 613/1177/246 615/1178/255 616/1179/255 614/1180/246
f 615/1181/255 617/1182/254 618/1183/254 616/1184/255
f 617/1182/254 619/1185/253 620/1186/253 618/1183/254
f 619/1187/253 621/1188/11 622/1189/11 620/1190/253
f 621/1188/11 623/1191/252 624/1192/252 622/1189/11
f 623/1193/252 625/1194/251 626/1195/251 624/1196/252
f 625/1194/251 627/1197/250 628/1198/250 626/1195/251
f 627/1199/250 629/633/248 630/632/248 628/1200/250
f 310/1201/10 314/1202/10 316/1203/10 318/1204/10 320/1205/10 322/1206/10 324/1207/10 326/1208/10 328/1209/10 330/1210/10 312/1211/10 629/1212/10 627/1213/10 625/1214/10 623/1215/10 621/1216/10 619/1217/10 617/1218/10 615/1219/10 613/1220/10
f 27/1221/263 12/668/263 26/675/263 151/674/263 165/1222/263 468/889/263 346/888/263 343/887/263
f 311/1223/137 315/635/247 314/634/247 310/1224/137 613/1177/246 614/1180/246
f 142/329/132 156/328/132 459/327/132 468/1225/468 165/1226/468 151/1227/468
f 37/1228/128 38/1229/128 39/910/128 40/1230/128 41/1231/128 42/1232/128 43/1233/128 177/1234/128 176/1235/128 175/1236/128 174/1237/128 173/1238/128
f 636/1239/10 662/1240/10 721/1241/10 754/1242/10 776/1243/10 670/1244/10
f 648/1245/469 635/1246/470 669/1247/470 682/1248/469
f 663/1249/15 637/1250/15 671/1251/15 693/1252/15
f 646/1253/471 634/1254/137 668/1255/137 680/1256/471
f 664/1257/472 636/1258/472 670/1259/472 694/1260/472
f 640/1261/7 641/1262/8 675/1263/8 674/1264/7
f 638/1265/473 639/1266/19 673/1267/19 672/1268/473
f 643/1269/10 644/1270/12 678/1271/12 677/1272/10
f 656/1273/474 655/1274/475 685/1275/475 686/1276/474
f 644/1277/12 645/1278/476 679/1279/476 678/1280/12
f 642/1281/9 643/1269/10 677/1272/10 676/1282/9
f 654/1283/137 653/1284/1 683/1285/1 684/1286/137
f 645/1278/477 646/1287/471 680/1288/471 679/1279/477
f 641/1262/8 642/1289/9 676/1290/9 675/1263/8
f 659/1291/478 658/1292/263 688/1293/263 689/1150/478
f 639/1266/19 640/1294/7 674/1295/7 673/1267/19
f 660/1296/479 659/1297/478 689/1298/478 690/1299/479
f 658/1292/263 657/1300/480 687/1301/480 688/1293/263
f 631/1302/481 638/1303/473 672/1304/473 665/1305/481
f 661/1306/482 660/1296/479 690/1299/479 691/1307/482
f 657/1308/480 656/1273/474 686/1276/474 687/1309/480
f 632/1310/483 631/1302/481 665/1305/481 666/1311/483
f 655/1312/475 654/1283/137 684/1286/137 685/1313/475
f 633/1314/484 661/1315/485 691/1316/485 667/1317/484
f 637/1318/263 632/1319/263 666/1320/263 671/1321/263
f 653/1322/1 647/1323/2 681/1324/2 683/1325/1
f 635/1246/470 664/1326/486 694/1327/486 669/1247/470
f 677/1328/128 678/1329/128 679/1330/128 680/1331/128 668/1332/128 667/1333/128 691/1334/128 690/1335/128 689/1336/128 688/1337/128 687/1338/128 686/1339/128 685/1340/128 684/1341/128 683/1342/128 681/1343/128 682/1344/128 669/1345/128 694/1346/128 670/1347/128 776/1348/128 754/1349/128 778/1350/128 753/1351/128 766/1352/128 765/1353/128 767/1354/128 768/1355/128 769/1356/128 770/1357/128 771/1358/128 772/1359/128 773/1360/128 774/1361/128 775/1362/128 751/1363/128 752/1364/128 764/1365/128 763/1366/128 762/1367/128 761/1368/128 760/1369/128 759/1370/128 758/1371/128 757/1372/128 756/1373/128 749/1374/128 750/1375/128 755/1376/128 777/1377/128 692/1378/128 693/1379/128 671/1380/128 666/1381/128 665/1382/128 672/1383/128 673/1384/128 674/1385/128 675/1386/128 676/1387/128
f 647/1323/2 648/1388/469 682/1389/469 681/1324/2
f 634/1390/487 633/1391/484 667/1392/484 668/1393/487
f 703/1394/488 632/1395/489 695/1396/489 812/1397/490
f 697/1398/128 698/1399/128 806/258/128 812/1400/128 695/1401/128 696/1402/128
f 650/1403/491 702/1404/492 806/1405/492 698/1406/491
f 649/1407/493 650/1408/491 698/1409/491 697/1410/494
f 637/1411/495 649/1407/493 697/1410/494 696/1412/495
f 712/1413/496 713/1414/497 704/1415/11 791/1416/497 790/1417/496 705/1418/496
f 800/1419/498 803/1420/498 700/1421/498 713/1422/498
f 650/1423/11 649/1424/11 637/1425/11 632/1426/11 703/1427/11 702/1428/11
f 713/1414/497 700/1429/499 701/1430/499 786/1431/499 791/1416/497 704/1415/11
f 812/1397/490 814/1432/498 709/1433/498 703/1394/488
f 814/1432/498 715/1434/498 710/1435/498 709/1433/498
f 715/1434/498 714/1436/498 711/1437/498 710/1435/498
f 714/1436/498 801/1438/498 712/1439/498 711/1437/498
f 801/1438/498 800/1419/498 713/1422/498 712/1439/498
f 703/1440/500 709/1441/501 708/1442/502 787/1443/503 779/1444/500 702/1445/500
f 709/1441/501 710/1446/504 707/1447/504 788/1448/504 787/1443/503 708/1442/502
f 710/1446/504 711/1449/505 706/1450/506 789/1451/505 788/1448/504 707/1447/504
f 711/1452/505 712/1413/496 705/1418/496 790/1417/496 789/1453/505 706/1454/506
f 733/1455/507 766/1456/507 753/1457/508 720/1458/508
f 747/1459/509 777/1460/509 755/1461/509 722/1462/509
f 731/1463/510 764/1464/510 752/1465/19 719/1466/19
f 748/1467/511 778/1468/511 754/1469/511 721/1470/511
f 725/1471/1 758/1472/1 759/1473/2 726/1474/2
f 723/1475/475 756/1476/475 757/1477/137 724/1478/137
f 728/1479/10 761/1480/10 762/1481/9 729/1482/9
f 740/1483/479 770/1484/479 769/1485/473 739/1486/473
f 729/1487/9 762/1488/9 763/1489/512 730/1490/512
f 727/1491/12 760/1492/12 761/1480/10 728/1479/10
f 738/1493/19 768/1494/19 767/1495/7 737/1496/7
f 730/1490/513 763/1489/513 764/1497/510 731/1498/510
f 726/1474/2 759/1473/2 760/1499/12 727/1500/12
f 743/1501/480 773/1502/480 772/1503/263 742/1504/263
f 724/1478/137 757/1477/137 758/1505/1 725/1506/1
f 744/1507/474 774/1508/474 773/1509/480 743/1510/480
f 742/1504/263 772/1503/263 771/1511/478 741/1512/478
f 716/1513/514 749/1514/514 756/1515/475 723/1516/475
f 745/1517/515 775/1518/515 774/1508/474 744/1507/474
f 741/1519/478 771/1520/478 770/1484/479 740/1483/479
f 717/1521/516 750/1522/516 749/1514/514 716/1513/514
f 739/1523/473 769/1524/473 768/1494/19 738/1493/19
f 718/1525/517 751/1526/517 775/1527/518 745/1528/518
f 722/1529/263 755/1530/263 750/1531/263 717/1532/263
f 737/1533/7 767/1534/7 765/1535/8 732/1536/8
f 720/1458/508 753/1457/508 778/1537/519 748/1538/519
f 732/1536/8 765/1535/8 766/1539/507 733/1540/507
f 719/1541/520 752/1542/520 751/1543/517 718/1544/517
f 643/1545/11 642/1546/11 641/1547/11 640/1548/11 639/1549/11 638/1550/11 631/1551/11 632/1426/11 637/1425/11 663/1552/11 746/1553/11 747/1554/11 722/1555/11 717/1556/11 716/1557/11 723/1558/11 724/1559/11 725/1560/11 726/1561/11 727/1562/11 728/1563/11 729/1564/11 730/1565/11 731/1566/11 719/1567/11 718/1568/11 745/1569/11 744/1570/11 743/1571/11 742/1572/11 741/1573/11 740/1574/11 739/1575/11 738/1576/11 737/1577/11 732/1578/11 733/1579/11 720/1580/11 748/1581/11 721/1582/11 662/1583/11 636/1584/11 664/1585/11 635/1586/11 648/1587/11 647/1588/11 653/1589/11 654/1590/11 655/1591/11 656/1592/11 657/1593/11 658/1594/11 659/1595/11 660/1596/11 661/1597/11 633/1598/11 634/1599/11 646/1600/11 645/1601/11 644/1602/11
f 779/1603/521 807/1604/522 780/1605/523 717/1606/523
f 782/1607/128 781/1608/128 780/1609/128 807/1610/128 806/1611/128 783/1612/128
f 735/1613/524 783/1614/524 806/1615/525 702/1616/525
f 734/1617/526 782/1618/526 783/1619/524 735/1620/524
f 722/1621/527 781/1622/527 782/1618/526 734/1617/526
f 792/1623/528 791/1624/528 786/1625/528 808/1626/528
f 735/1627/11 702/1628/11 779/1629/11 717/1630/11 722/1631/11 734/1632/11
f 651/1633/529 797/1634/530 829/1635/531 832/1636/529
f 784/1637/532 785/1638/533 834/1639/533 833/1640/532
f 796/1641/534 652/1642/535 836/1643/535 827/1644/536
f 804/1645/537 805/1646/538 817/1647/539 820/1648/540
f 785/1649/541 813/1650/542 822/1651/543 834/1652/541
f 699/1653/544 651/1654/545 832/1655/545 831/1656/544
f 807/1604/522 779/1603/521 787/1657/546 795/1658/547
f 795/1658/547 787/1657/546 788/1659/528 815/1660/528
f 815/1660/528 788/1659/528 789/1661/528 794/1662/528
f 794/1662/528 789/1661/528 790/1663/528 793/1664/528
f 793/1664/528 790/1663/528 791/1624/528 792/1623/528
f 746/1665/263 663/1666/263 693/1667/263 692/1668/263 777/1669/263 747/1670/263
f 701/1671/263 700/1672/263 803/1673/263 802/1674/263 808/1675/263 786/1676/263
f 798/1677/548 797/1678/549 800/1679/550 801/1680/551
f 651/1681/552 699/1682/553 802/1683/553 803/1684/554
f 805/1685/555 804/1686/556 714/1687/557 715/1688/558
f 785/1689/559 784/1690/560 806/1691/560 807/1692/561
f 736/1693/562 809/1694/563 792/1695/564 808/1696/565
f 809/1694/563 810/1697/566 793/1698/567 792/1695/564
f 810/1699/566 811/1700/568 794/1701/569 793/1702/567
f 784/1690/560 652/1703/570 812/1704/571 806/1691/560
f 699/1682/553 736/1693/562 808/1696/565 802/1683/553
f 813/1705/572 785/1689/559 807/1692/561 795/1706/572
f 652/1703/570 796/1707/573 814/1708/573 812/1704/571
f 797/1678/549 651/1681/552 803/1684/554 800/1679/550
f 804/1686/556 798/1709/548 801/1710/551 714/1687/557
f 796/1707/573 805/1685/555 715/1688/558 814/1708/573
f 811/1700/568 799/1711/574 815/1712/575 794/1701/569
f 799/1711/574 813/1705/572 795/1706/572 815/1712/575
f 816/1713/576 817/1714/577 827/1715/578 821/1716/579 822/1717/580 830/1718/581
f 818/1719/582 820/1720/583 817/1714/577 816/1713/576 830/1718/581 819/1721/583
f 823/1722/584 828/1723/585 820/1720/583 818/1719/582 819/1721/583 824/1724/585
f 825/1725/586 829/1726/587 828/1727/585 823/1728/584 824/1729/585 826/1730/588
f 831/1731/589 832/1732/589 829/1726/587 825/1725/586 826/1730/588 835/1733/589
f 821/1716/579 827/1715/578 836/1734/590 833/1735/590 834/1736/590 822/1717/580
f 809/1737/591 736/1738/592 835/1739/592 826/1740/592
f 798/1741/593 804/1645/537 820/1648/540 828/1742/594
f 810/1743/595 809/1737/591 826/1740/592 824/1744/596
f 805/1646/538 796/1641/534 827/1644/536 817/1647/539
f 811/1745/597 810/1743/595 824/1744/596 819/1746/598
f 799/1747/599 811/1745/597 819/1746/598 830/1748/600
f 652/1749/601 784/1637/532 833/1640/532 836/1750/601
f 797/1634/530 798/1741/593 828/1742/594 829/1635/531
f 813/1650/542 799/1747/599 830/1748/600 822/1651/543
f 736/1751/602 699/1653/544 831/1656/544 835/1752/602
f 842/1753/10 876/1754/10 982/1755/10 960/1756/10 927/1757/10 868/1758/10
f 854/1759/469 888/1760/469 875/1761/470 841/1762/470
f 869/1763/15 899/1764/15 877/1765/15 843/1766/15
f 852/1767/471 886/1256/471 874/1255/137 840/1768/137
f 870/1769/472 900/1770/472 876/1771/472 842/1772/472
f 846/1773/7 880/1774/7 881/1775/8 847/1776/8
f 844/1777/473 878/1778/473 879/1779/19 845/1780/19
f 849/1781/10 883/1782/10 884/1783/12 850/1784/12
f 862/1785/474 892/1786/474 891/1787/475 861/729/475
f 850/1788/12 884/1789/12 885/1790/476 851/1791/476
f 848/1792/9 882/1793/9 883/1782/10 849/1781/10
f 860/1794/137 890/1795/137 889/1796/1 859/1797/1
f 851/1791/477 885/1790/477 886/1798/471 852/1799/471
f 847/1776/8 881/1775/8 882/1800/9 848/1801/9
f 865/1802/478 895/1803/478 894/1804/263 864/1805/263
f 845/1780/19 879/1779/19 880/1806/7 846/1807/7
f 866/1808/479 896/1809/479 895/1810/478 865/1811/478
f 864/1805/263 894/1804/263 893/1812/480 863/1813/480
f 837/1814/481 871/1815/481 878/66/473 844/1816/473
f 867/1817/482 897/1818/482 896/1809/479 866/1808/479
f 863/1819/480 893/1820/480 892/1786/474 862/1785/474
f 838/1821/483 872/1822/483 871/1815/481 837/1814/481
f 861/1495/475 891/1823/475 890/1795/137 860/1794/137
f 839/1824/484 873/1825/484 897/1826/485 867/1827/485
f 843/1828/263 877/1829/263 872/1830/263 838/1760/263
f 859/1831/1 889/1832/1 887/1833/2 853/1834/2
f 841/1762/470 875/1761/470 900/1501/486 870/1835/486
f 883/1836/11 882/1837/11 881/1838/11 880/1839/11 879/1840/11 878/1841/11 871/1842/11 872/1843/11 877/1844/11 899/1845/11 898/1846/11 983/1847/11 961/1848/11 956/1849/11 955/1850/11 962/1851/11 963/1852/11 964/1853/11 965/1854/11 966/1855/11 967/1856/11 968/1857/11 969/1858/11 970/1859/11 958/1860/11 957/1861/11 981/1862/11 980/1863/11 979/1864/11 978/1865/11 977/1866/11 976/1867/11 975/1868/11 974/1869/11 973/1870/11 971/1871/11 972/1872/11 959/1873/11 984/1874/11 960/1875/11 982/1876/11 876/1877/11 900/1878/11 875/1879/11 888/1880/11 887/1881/11 889/1882/11 890/1883/11 891/1884/11 892/1885/11 893/1886/11 894/1887/11 895/1888/11 896/1889/11 897/1890/11 873/1891/11 874/1892/11 886/1893/11 885/1894/11 884/1895/11
f 853/1834/2 887/1833/2 888/1896/469 854/1897/469
f 840/1898/487 874/1899/487 873/1900/484 839/1901/484
f 909/1902/488 1018/1903/490 901/1904/489 838/1905/489
f 903/1906/11 902/1907/11 901/1908/11 1018/1909/11 1012/1910/11 904/1911/11
f 856/1912/603 904/1913/603 1012/1914/604 908/1915/604
f 855/1916/605 903/1917/606 904/1918/603 856/1919/603
f 843/1920/607 902/1921/607 903/1917/606 855/1916/605
f 918/1922/608 911/1923/608 996/1924/608 997/1925/609 910/1926/128 919/1927/609
f 1006/1928/498 919/1929/498 906/1930/498 1009/1931/498
f 856/1932/128 908/1933/128 909/1934/128 838/1935/128 843/1936/128 855/1937/128
f 919/1927/609 910/1926/128 997/1925/609 992/1938/610 907/1939/610 906/1940/610
f 1018/1903/490 909/1902/488 915/1941/498 1020/1942/498
f 1020/1942/498 915/1941/498 916/1943/498 921/1944/498
f 921/1944/498 916/1943/498 917/1945/498 920/1946/498
f 920/1946/498 917/1945/498 918/1947/498 1007/1948/498
f 1007/1948/498 918/1947/498 919/1929/498 1006/1928/498
f 909/1949/611 908/1950/611 985/1951/611 993/1952/612 914/1953/613 915/1954/614
f 915/1954/614 914/1953/613 993/1952/612 994/1955/615 913/1956/615 916/1957/615
f 916/1957/615 913/1956/615 994/1955/615 995/1958/616 912/1959/617 917/1960/616
f 917/1961/616 912/1962/617 995/1963/616 996/1924/608 911/1923/608 918/1922/608
f 939/1964/507 926/1965/508 959/1966/508 972/1967/507
f 953/1968/509 928/1969/509 961/1970/509 983/1971/509
f 937/1463/510 925/1466/19 958/1972/19 970/1973/510
f 954/1974/511 927/1975/511 960/1976/511 984/1977/511
f 931/1978/1 932/1979/2 965/1980/2 964/1981/1
f 929/1982/475 930/1983/137 963/1984/137 962/1985/475
f 934/1986/10 935/1987/9 968/1988/9 967/1989/10
f 946/1990/479 945/1991/473 975/1992/473 976/1993/479
f 935/1994/9 936/1995/512 969/1996/512 968/1997/9
f 933/1998/12 934/1986/10 967/1989/10 966/1999/12
f 944/2000/19 943/1806/7 973/2001/7 974/2002/19
f 936/1995/513 937/2003/510 970/2004/510 969/1996/513
f 932/1979/2 933/2005/12 966/2006/12 965/1980/2
f 949/2007/480 948/2008/263 978/2009/263 979/2010/480
f 930/1983/137 931/2011/1 964/2012/1 963/1984/137
f 950/2013/474 949/2014/480 979/2015/480 980/2016/474
f 948/2008/263 947/2017/478 977/2018/478 978/2009/263
f 922/2019/514 929/2020/475 962/2021/475 955/2022/514
f 951/2023/515 950/2013/474 980/2016/474 981/2024/515
f 947/2025/478 946/1990/479 976/1993/479 977/2026/478
f 923/2027/516 922/2019/514 955/2022/514 956/2028/516
f 945/2029/473 944/2000/19 974/2002/19 975/2030/473
f 924/1525/517 951/2031/518 981/2032/518 957/2033/517
f 928/2034/263 923/2035/263 956/2036/263 961/2037/263
f 943/2038/7 938/2039/8 971/2040/8 973/2041/7
f 926/1965/508 954/2042/519 984/2043/519 959/1966/508
f 938/2039/8 939/2044/507 972/2045/507 971/2040/8
f 925/2046/520 924/2047/517 957/2048/517 958/2049/520
f 849/2050/128 850/2051/128 851/2052/128 852/2053/128 840/2054/128 839/2055/128 867/2056/128 866/2057/128 865/2058/128 864/2059/128 863/2060/128 862/2061/128 861/2062/128 860/2063/128 859/2064/128 853/2065/128 854/2066/128 841/2067/128 870/2068/128 842/2069/128 868/2070/128 927/2071/128 954/2072/128 926/2073/128 939/2074/128 938/2075/128 943/2076/128 944/2077/128 945/2078/128 946/2079/128 947/2080/128 948/2081/128 949/2082/128 950/2083/128 951/2084/128 924/2085/128 925/2086/128 937/2087/128 936/2088/128 935/2089/128 934/2090/128 933/2091/128 932/2092/128 931/2093/128 930/2094/128 929/2095/128 922/2096/128 923/2097/128 928/2098/128 953/2099/128 952/2100/128 869/2101/128 843/1936/128 838/1935/128 837/2102/128 844/2103/128 845/2104/128 846/2105/128 847/2106/128 848/2107/128
f 985/2108/521 923/2109/523 986/2110/523 1013/2111/522
f 988/2112/11 989/2113/11 1012/2114/11 1013/2115/11 986/2116/11 987/2117/11
f 941/2118/618 908/2119/619 1012/2120/619 989/2121/618
f 940/2122/620 941/2123/618 989/2124/618 988/2125/620
f 928/2126/621 940/2122/620 988/2125/620 987/2127/621
f 998/2128/528 1014/2129/528 992/2130/528 997/2131/528
f 941/2132/128 940/2133/128 928/2134/128 923/2135/128 985/2136/128 908/2137/128
f 857/2138/622 1038/2139/622 1035/2140/623 1003/2141/624
f 990/2142/625 1039/2143/625 1040/2144/626 991/2145/626
f 1002/2146/627 1033/2147/628 1042/2148/629 858/2149/629
f 1010/2150/630 1026/2151/631 1023/2152/632 1011/2153/633
f 991/2154/634 1040/2155/634 1028/2156/635 1019/2157/636
f 905/2158/637 1037/2159/637 1038/2160/638 857/2161/638
f 1013/2111/522 1001/2162/547 993/2163/546 985/2108/521
f 1001/2162/547 1021/2164/528 994/2165/528 993/2163/546
f 1021/2164/528 1000/2166/528 995/2167/528 994/2165/528
f 1000/2166/528 999/2168/528 996/2169/528 995/2167/528
f 999/2168/528 998/2128/528 997/2131/528 996/2169/528
f 952/2170/263 953/2171/263 983/2172/263 898/2173/263 899/2174/263 869/2175/263
f 907/2176/263 992/2177/263 1014/2178/263 1008/2179/263 1009/2180/263 906/2181/263
f 1004/2182/639 1007/2183/640 1006/2184/641 1003/2185/642
f 857/2186/643 1009/2187/644 1008/2188/645 905/2189/645
f 1011/2190/646 921/2191/647 920/2192/648 1010/2193/649
f 991/2194/650 1013/2195/651 1012/2196/652 990/2197/652
f 942/2198/653 1014/2199/654 998/2200/655 1015/2201/656
f 1015/2201/656 998/2200/655 999/2202/657 1016/2203/658
f 1016/2204/658 999/2205/657 1000/2206/659 1017/2207/660
f 990/2197/652 1012/2196/652 1018/2208/661 858/2209/662
f 905/2189/645 1008/2188/645 1014/2199/654 942/2198/653
f 1019/2210/663 1001/2211/663 1013/2195/651 991/2194/650
f 858/2209/662 1018/2208/661 1020/2212/664 1002/2213/664
f 1003/2185/642 1006/2184/641 1009/2187/644 857/2186/643
f 1010/2193/649 920/2192/648 1007/2214/640 1004/2215/639
f 1002/2213/664 1020/2212/664 921/2191/647 1011/2190/646
f 1017/2207/660 1000/2206/659 1021/2216/665 1005/2217/666
f 1005/2217/666 1021/2216/665 1001/2211/663 1019/2210/663
f 1022/2218/667 1036/2219/668 1028/2220/669 1027/2221/669 1033/2222/669 1023/2223/668
f 1024/2224/670 1025/2225/671 1036/2219/668 1022/2218/667 1023/2223/668 1026/2226/671
f 1029/2227/672 1030/2228/673 1025/2225/671 1024/2224/670 1026/2226/671 1034/2229/673
f 1031/2230/674 1032/2231/675 1030/2232/673 1029/2233/672 1034/2234/673 1035/2235/675
f 1037/2236/676 1041/2237/676 1032/2231/675 1031/2230/674 1035/2235/675 1038/2238/676
f 1027/2221/669 1028/2220/669 1040/2239/669 1039/2240/669 1042/2241/669 1033/2222/669
f 1015/2242/677 1032/2243/678 1041/2244/679 942/2245/679
f 1004/2246/680 1034/2247/681 1026/2151/631 1010/2150/630
f 1016/2248/682 1030/2249/683 1032/2243/678 1015/2242/677
f 1011/2153/633 1023/2152/632 1033/2147/628 1002/2146/627
f 1017/2250/684 1025/2251/685 1030/2249/683 1016/2248/682
f 1005/2252/686 1036/2253/687 1025/2251/685 1017/2250/684
f 858/2254/688 1042/2255/688 1039/2143/625 990/2142/625
f 1003/2141/624 1035/2140/623 1034/2247/681 1004/2246/680
f 1019/2157/636 1028/2156/635 1036/2253/687 1005/2252/686
f 942/2256/689 1041/2257/689 1037/2159/637 905/2158/637
